"package1id","projectidentifier","itemnumber","actualawarddate","actualevaluationcompletiondate","actual_onsite","actualrfqclosingdate","actualrfqissuedate","actualsowdate","awardvalue","awardvalue_base","bopsite","budgetamount","budgetamount_base","budgetawarddifference","buybackresaletarget","contractexecuted","engineeringcontactid","engineeringcontactname","exchangerate","importsequencenumber","indigenousparticipation","indigenous_award","indigenous_award_base","leadtimeclosingtoevaluationdays","leadtimeevaluationtoawarddays","leadtimerfqissuetoclosingdays","leadtimesowtorfqissuedays","mplcode","ontarioapplicable","ontario_award","ontario_award_base","operationspackagebundle","operationspackageleadid","opspackageleadname","originalplannedawarddate","originalplannedevaluationcompleti","originalplannedrfqclosingdate","originalplannedrfqissuedate","originalplannedsowdate","plannedawarddate","packagedescription","packageidentifier","packagetype","purchaseordernumber","prerequisitedesigndeliverable","procpackageleadname","procurementpackageleadid","qualityoversightcontactid","qualityprogram","requiredatsitedate","revisedplannedawarddate","revisedplannedevaluationcompletio","revisedplannedrfqclosingdate","revisedplannedrfqissuedate","revisedplannedsowdate","standardleadtimemonths","statuscode","sole_source","statecode","subcontractorname","timezoneruleversionnumber","contracttype","utcconversiontimezonecode","versionnumber","transactioncurrencyid","owningbusinessunit","ras_original_input","Modified","packagefolderurl","comments"
"8e6978dd-168e-43d5-9f64-c604e9b6a0e5","A02180","-",,,,,,,,,"MEPI",,,,,"No",,,,,,,,"30","30","30","15",,,,,"MEPI","Jeremy Francis","Jeremy Francis","5/1/2024","4/1/2024","3/2/2024","2/1/2024","1/17/2024",,"Piping and Supports","b78b748c-7282-4a6b-b592-4f1215b464c4",,,"No","Alan Bartolo","Alan Bartolo",,"NCA-4000","6/1/2024","5/1/2024","4/1/2024","3/2/2024","2/1/2024","1/17/2024","30",,"No",,,,"Commodities Agreement",,,,,"6/1/2024","6/17/2026 4:29 PM",,
"67615ba2-795f-4245-8c24-642c294a59b0","A02180","-",,,,,,,,,"CI",,,,,"No",,,,,,,,"30","30","30","15",,,,,"NI","Jeremy Francis","Jeremy Francis","5/1/2024","4/1/2024","3/2/2024","2/1/2024","1/17/2024",,"Piping and Supports","88045752-fcf8-4914-ac35-1ac418e49005",,,"No","Alan Bartolo","Alan Bartolo",,"NCA-4000","6/1/2024","5/1/2024","4/1/2024","3/2/2024","2/1/2024","1/17/2024","30",,"No",,,,"Commodities Agreement",,,,,"6/1/2024","6/17/2026 4:30 PM",,
"004714cf-8bef-4680-b70f-8148257a3296","A02180","-",,,,,,,,,"NI",,,,,"No",,,,,,,,"30","30","30","15",,,,,"NI","Tanzeel Ahmed","Tanzeel Ahmed","1/3/2025","12/4/2024","11/4/2024","10/5/2024","9/20/2024",,"Waterproofing","020bc924-bac6-4cbf-985e-17c2ce8361ea","Subcontractors",,"No","Ziba Sattari","Ziba Sattari",,"Best Commercial","2/3/2025","1/3/2025","12/4/2024","11/4/2024","10/5/2024","9/20/2024","30",,"No",,,,"Construction Subcontract",,,,,"2/3/2025","5/21/2026 2:52 PM",,
"3bdfdd89-3af9-4091-b832-75922a613a6c","A02180","193",,,,,,,,,"NI",,,,,"No",,,,,,,,"30","30","30","15","1",,,,"NI","Rubab Shahid","Rubab Shahid","11/15/2025","10/16/2025","9/16/2025","8/17/2025","8/2/2025",,"Metal Bearings - Mudslab","b9b5ace1-3f2a-4663-9cfe-19448f1fb3c3",,,"No","Mahendra Don","Mahendra Don",,"ISO 9001:2015","12/15/2025","11/15/2025","10/16/2025","9/16/2025","8/17/2025","8/2/2025","30",,"No",,,,"Commodities Agreement",,,,,"12/15/2025","5/21/2026 2:52 PM",,
"e4efc91b-130c-427c-8876-54efc8e09025","A02180","-",,,,,,,,,"NI",,,,,"No",,,,,,,,"30","30","30","15","T31",,,,"NI","Tanzeel Ahmed","Tanzeel Ahmed","12/7/2025","11/7/2025","10/8/2025","9/8/2025","8/24/2025",,"Nitrogen Tank","47c05ed0-1eb7-4a7f-9cfc-930898745cc8","Plant Equipment",,"No","Mahendra Don","Mahendra Don",,"N299-3","1/7/2026","12/7/2025","11/7/2025","10/8/2025","9/8/2025","8/24/2025","30",,"No",,,,"Engineered Equipment",,,,,"1/7/2026","5/21/2026 2:52 PM",,
"0f1241ad-c9e7-4311-923a-f2303a69b07c","A02180","207",,,,,,,,,"NI",,,,,"No",,,,,,,,"30","30","30","15","1",,,,"NI","Tanzeel Ahmed","Tanzeel Ahmed","1/18/2026","12/19/2025","11/19/2025","10/20/2025","10/5/2025",,"Large Equipment Transporation Using SPMT","34abe639-1886-45c3-abd8-a5ce885928c8",,,"Yes","Mahendra Don","Mahendra Don",,"Best Commercial","2/18/2026","1/18/2026","12/19/2025","11/19/2025","10/20/2025","10/5/2025","30",,"No",,,,"Construction Subcontract",,,,,"2/18/2026","5/21/2026 2:52 PM",,
"f1269fa8-2583-4141-bdaa-bdb56077050e","A02180","264",,,,,,,,,"NI",,,,,"No",,,,,,,,"30","30","30","15","U72",,,,"CI","Jack Maher","Jack Maher","2/28/2026","1/29/2026","12/30/2025","11/30/2025","11/15/2025",,"Turbine Building caissons Sand Blasting","7e09a3d5-bb70-46bd-a76e-5586de629773",,,"No","Mahendra Don","Mahendra Don",,"Best Commercial","3/31/2026","2/28/2026","1/29/2026","12/30/2025","11/30/2025","11/15/2025","30",,"No",,,,"Construction Subcontract",,,,,"3/31/2026","5/21/2026 2:52 PM",,
"942488c6-b0cf-44a2-a40e-e36b38ca40d0","A02180","138",,"11/2/2025",,"9/30/2025","9/10/2025","8/30/2025",,,"NI",,,,,"No",,,,,,,,"30","30","30","15","1",,,,"NI","Rubab Shahid","Rubab Shahid","12/1/2025","11/1/2025","10/2/2025","9/2/2025","8/18/2025",,"Ventilation RB Buildling","65220516-aaa4-49b9-b898-fa9c59c36f65",,,"Yes","Mahendra Don","Mahendra Don",,"Best Commercial","1/1/2026","12/1/2025","11/1/2025","10/2/2025","9/2/2025","8/18/2025","30",,"No",,,,"Commodities Agreement",,,,,"1/1/2026","5/21/2026 2:52 PM",,
"32613364-f5db-4901-9e99-8d9d409e89cd","A02180","-",,,,,,,,,"CI",,,,,"No",,,,,,,,"30","30","30","15","R31",,,,"CI","Muhamed Maki","Muhamed Maki","4/7/2026","3/8/2026","2/6/2026","1/7/2026","12/23/2025",,"Cable and Raceway System","b0fc8ee9-ac11-4ce9-b669-ec316eba1c5c",,,"No","Ziba Sattari","Ziba Sattari",,"ISO 9001:2015","5/7/2026","4/7/2026","3/8/2026","2/6/2026","1/7/2026","12/23/2025","30",,"No",,,,"Commodities Agreement",,,,,"5/7/2026","5/21/2026 2:52 PM",,
"bb4768a2-d486-4844-adf8-fa44d8449aad","A02180","300",,,,,,,,,"CCW",,,,,"No",,,,,,,,"30","30","30","15",,,,,"CCW/Tunnel","Ernesto Martinez","Ernesto Martinez","4/15/2026","3/16/2026","2/14/2026","1/15/2026","12/31/2025",,"TBM Cooling System Control Panel","ac831195-8cf5-43b0-b1a6-17fbfe5fbcea",,,"Yes","Ziba Sattari","Ziba Sattari",,"Best Commercial","5/15/2026","4/15/2026","3/16/2026","2/14/2026","1/15/2026","12/31/2025","30",,"No",,,,"Cancelled",,,,,"5/15/2026","7/21/2026 9:40 AM",,"This requisition is cancelled."
"4de46702-1234-4a5c-b472-6d03426a39d3","A02180","210",,,,"5/3/2026","11/26/2025","11/26/2025",,,"NI","3,500,000",,,,"No",,,,,,,,"30","30","30","15",,,,,"NI","Damarak Madhar","Damarak Madhar","4/30/2026","3/31/2026","3/1/2026","1/30/2026","1/15/2026",,"RIN Installation Jigs and Tooling","ab0d1d8e-f3a7-4b3d-8247-247eedf10188",,,"No","Ziba Sattari","Ziba Sattari",,"ISO 9001:2015","5/30/2026","7/2/2026","6/2/2026","5/3/2026","11/26/2025","11/26/2025","30",,"No",,,,"Engineered Equipment",,,,,"5/30/2026","6/18/2026 9:47 AM",,
"1fffe1b3-1249-4aa0-8822-b533aeff1f17","A02180","233",,,,"12/17/2025","11/17/2025","11/13/2025",,,"NI",,,,,"No",,,,,,,,"30","30","30","15","1",,,,"NI","Damarak Madhar","Damarak Madhar","12/5/2025","11/5/2025","10/6/2025","9/6/2025","8/22/2025",,"HGNE - DPSC Consulting Support","ee6c75cc-b0f5-4915-8263-674689f4d2f1","Subcontractors",,"Yes","Quinn McLafferty","Quinn McLafferty",,"Best Commercial","1/5/2026","12/5/2025","11/5/2025","10/6/2025","9/6/2025","8/22/2025","30",,"No",,,,"Consulting Agreement",,,,,"1/5/2026","5/21/2026 2:52 PM",,
"7dad14b4-f7fc-44d7-91ca-508709c49054","A02180","211",,,,"12/22/2025","12/20/2025","12/12/2025",,,"NI",,,,,"No",,,,,,,,"30","30","30","15","U71",,,,"NI","Thomas Pailloux","Thomas Pailloux","12/1/2025","11/1/2025","10/2/2025","9/2/2025","8/18/2025",,"Structural Integrity Associates, Inc. (Consultant)","ec00cee6-e1d0-47b4-a0d0-481944370184","Subcontractors",,"Yes","Quinn McLafferty","Quinn McLafferty",,"Best Commercial","1/1/2026","12/1/2025","11/1/2025","10/2/2025","9/2/2025","8/18/2025","30",,"No",,,,"Consulting Agreement",,,,,"1/1/2026","6/9/2026 1:26 PM",,
"c15e3d6d-5745-4518-b106-6fb234c00132","A02180","-",,,,,,,,,"CI",,,,,"No",,,,,,,,"30","30","30","15","1",,,,"NI","Aran Fox","Aran Fox","5/6/2026","4/6/2026","3/7/2026","2/5/2026","1/21/2026",,"Engineered Lifting Calculation/Plans (Routine & Complex)","88ddd644-4c89-48e4-bae4-5f1ab7aa2617",,,"No","Mahendra Don","Mahendra Don",,"ISO 9001:2015","6/6/2026","5/6/2026","4/6/2026","3/7/2026","2/5/2026","1/21/2026","30",,"No",,,,"Design Services",,,,,"6/6/2026","5/21/2026 2:52 PM",,
"618ff110-7de3-46dc-a727-f8e99af1ed8e","A02180","-",,,,,,,,,"CI","0",,,,"No",,,,,,,,"30","30","30","15","1",,,,"CI","Jake Schieck","Jake Schieck","5/16/2026","4/16/2026","3/17/2026","2/15/2026","1/31/2026",,"Cold Cutting/Bevelling (N35,N61, N31,N41, N37,N21,N25)","450f4a59-8312-4e01-be68-949233554e67",,,"No","Ziba Sattari","Ziba Sattari",,"Best Commercial","6/16/2026","5/16/2026","4/16/2026","3/17/2026","2/15/2026","1/31/2026","30",,"No",,,,"Construction Subcontract",,,,,"6/16/2026","5/21/2026 2:52 PM",,
"9776092a-51da-4643-9f9b-abb24d184795","A02180","-",,,,,,,,,"CI",,,,,"No",,,,,,,,"30","30","30","15","N41",,,,"CI","Jake Schieck","Jake Schieck","5/16/2026","4/16/2026","3/17/2026","2/15/2026","1/31/2026",,"High Voltage Testing (N41)","b9b7ea75-2fbe-499c-b833-d835c0514c9f",,,"No","Ziba Sattari","Ziba Sattari",,"Best Commercial","6/16/2026","5/16/2026","4/16/2026","3/17/2026","2/15/2026","1/31/2026","30",,"No",,,,"Construction Subcontract",,,,,"6/16/2026","5/21/2026 2:52 PM",,
"2c9496e3-df7e-4241-88ca-0a6f498c4b19","A02180","-",,,,,,,,,"CI",,,,,"No",,,,,,,,"30","30","30","15",,,,,"CI","Jake Schieck","Jake Schieck","5/16/2026","4/16/2026","3/17/2026","2/15/2026","1/31/2026",,"PH/PWHT Services (N35,N61, N31,N41, N37,N21,N25)","ba62e5bb-5ef2-4bdb-a5cd-3b5d409c251d",,,"No","Ziba Sattari","Ziba Sattari",,"Best Commercial","6/16/2026","5/16/2026","4/16/2026","3/17/2026","2/15/2026","1/31/2026","30",,"No",,,,"Construction Subcontract",,,,,"6/16/2026","5/21/2026 2:52 PM",,
"4f231c5b-5c1a-4caf-a50c-16f89569c8de","A02180","-",,,,,,,,,"CI",,,,,"No",,,,,,,,"30","30","30","15","1",,,,"CI","Jake Schieck","Jake Schieck","5/16/2026","4/16/2026","3/17/2026","2/15/2026","1/31/2026",,"TSSA (N35,N61, N31,N41, N37,N21,N25)","d7b6a1cb-8e85-4a8e-9a0f-0b0af15fe9c7",,,"No","Ziba Sattari","Ziba Sattari",,"Best Commercial","6/16/2026","5/16/2026","4/16/2026","3/17/2026","2/15/2026","1/31/2026","30",,"No",,,,"Commodities Agreement",,,,,"6/16/2026","6/9/2026 1:34 PM",,
"139d0dfa-64ca-470d-90ec-530ac8e138b6","A02180","301",,,,"6/18/2026","6/10/2026","6/10/2026",,,"CCW","2,100,000",,,,"No",,,,,,,,"30","30","14","15",,,,,"CCW/Tunnel","Mohamed Radwan","Mohamed Radwan","8/13/2026","7/14/2026","6/14/2026","5/15/2026","4/30/2026",,"WTP Chemicals and Operation Bentonite","fc9f22e6-a26a-4744-adad-72af7e2f2045","Supplies (Construction Materials)",,"No","Meesam Rasool","Meesam Rasool",,"Best Commercial","9/13/2026","9/7/2026","8/8/2026","6/18/2026","6/10/2026","6/10/2026","30",,"No",,,,"Commodities Agreement",,,,,"5/26/2026","7/15/2026 12:00 PM",,
"ecbd49de-9549-466e-8d81-88ac0e89c1cb","A02180","227",,"10/27/2025",,"10/24/2025","10/21/2025","10/15/2025",,,"NI",,,,,"No",,,,,,,,"30","30","30","15","1",,,,"NI","Carl Berg","Carl Berg","2/13/2026","1/14/2026","12/15/2025","11/15/2025","10/31/2025",,"Hydro demolition of caissons in the Powerblock","6c2880fe-3f37-4e3f-b569-b4459fdbb7b4",,,"No","Mahendra Don","Mahendra Don",,"Best Commercial","3/13/2026","2/13/2026","1/14/2026","12/15/2025","11/15/2025","10/31/2025","30",,"No",,,,"Construction Subcontract",,,,,"3/13/2026","5/21/2026 2:52 PM",,
"cc4ee5cd-7963-480f-aee4-271807281d7f","A02180","276",,"7/3/2026",,"5/11/2026","5/5/2026","4/24/2026",,,"SE","1,646,239.85",,,,"No",,,,,,,,"30","30","30","15",,,,,"SE/Buildings","Frank Gou","Frank Gou","7/20/2026","6/20/2026","5/21/2026","4/21/2026","4/6/2026",,"Structural Steel & Decking- Security Bld","aa1fcece-edde-45a1-af5f-21a7699c47dc",,,"No","Meesam Rasool","Meesam Rasool",,"Best Commercial","8/20/2026","8/7/2026","7/3/2026","5/11/2026","5/5/2026","4/24/2026","30",,"No",,,,"Construction Subcontract",,,,,"8/20/2026","7/15/2026 12:06 PM",,
"59358b2e-c9e3-47b5-a1cd-04fc02ede5ce","A02180","271","7/30/2026","6/25/2026",,"5/11/2026","5/5/2026","4/24/2026","56,680",,"SE","47,797",,,,"No",,,,,,,,"30","30","30","15",,,"56,680",,"SE/Buildings","Frank Gou","Frank Gou","8/7/2026","7/8/2026","6/8/2026","5/9/2026","4/24/2026",,"Waterproofing - Security Building","be39a9f2-2dc0-44f0-b0da-c1da3d21d9c6",,,"No","Meesam Rasool","Meesam Rasool",,"Best Commercial","9/7/2026","7/30/2026","6/25/2026","5/11/2026","5/5/2026","4/24/2026","30",,"No",,,,"Construction Subcontract",,,,,"6/28/2026","7/15/2026 12:02 PM",,
"89796e6e-78cd-475b-a8e3-614f102e8b9b","A02180","268","6/12/2026","6/4/2026",,"4/24/2026","4/24/2026","4/24/2026","248,200",,"SE","394,102",,,,"No",,,,,,,,"0","30","0","15",,,,,"SE/Buildings","Frank Gou","Frank Gou","5/29/2026","3/15/2026","2/13/2026","2/13/2026","2/13/2026",,"Concrete Reinforcement - Security Bld","abdcecf6-caec-4599-83e7-998b112763bf",,,"No","Meesam Rasool","Meesam Rasool",,"Best Commercial","6/29/2026","6/12/2026","6/4/2026","4/24/2026","4/24/2026","4/24/2026","30",,"Yes",,"Mansteel",,"Construction Subcontract",,,,,"6/29/2026","7/15/2026 12:04 PM",,"Sole Source to Mansteel"
"31680a59-4d0b-4761-bbe3-a9c39d542c35","A02180","274","6/15/2026","5/4/2026",,"4/24/2026","4/24/2026","4/24/2026",,,"SE","292,743",,,,"No",,,,,,,,"0","30","0","15",,,,,"SE/Buildings","Frank Gou","Frank Gou","7/20/2026","5/6/2026","4/6/2026","4/6/2026","4/6/2026",,"Concrete Finishing - Security Bld","8e0f68d6-93b9-42f7-859c-57eb0405dfd3",,,"No","Meesam Rasool","Meesam Rasool",,"Best Commercial","8/20/2026","6/15/2026","5/4/2026","4/24/2026","4/24/2026","4/24/2026","30",,"Yes",,"Belmont",,"Construction Subcontract",,,,,"8/20/2026","7/15/2026 12:08 PM",,"Sole source to Belmont for change order"
"acd4314e-5a8d-490c-acb4-eb9135ddb1bf","A02180","280",,,,,"5/7/2026","4/24/2026",,,"SE","678,104",,,,"No",,,,,,,,"30","30","30","15",,,,,"SE/Buildings","Frank Gou","Frank Gou","8/7/2026","7/8/2026","6/8/2026","5/9/2026","4/24/2026",,"Masonry - Security Bld","770e2559-6b10-4fd8-980d-42f3f01a316b",,,"No","Meesam Rasool","Meesam Rasool",,"Best Commercial","9/7/2026","8/7/2026","7/8/2026","6/8/2026","5/7/2026","4/24/2026","30",,"No",,,,"Construction Subcontract",,,,,"8/20/2026","5/27/2026 3:03 PM",,
"fff517c3-214e-40ab-a676-97095ccbae2c","A02180","-",,,,,,,,,"NI",,,,,"No",,,,,,,,"30","30","30","15","T41",,,,"NI","Tanzeel Ahmed","Tanzeel Ahmed","6/21/2026","5/22/2026","4/22/2026","3/23/2026","3/8/2026",,"Component Fans & Cooling Coils","d5cc5b58-ce23-4adf-b08a-56e12127552a","Plant Equipment",,"No","Mahendra Don","Mahendra Don",,"N299-4","7/21/2026","6/21/2026","5/22/2026","4/22/2026","3/23/2026","3/8/2026","30",,"No",,,,"Engineered Equipment",,,,,"7/21/2026","5/21/2026 2:52 PM",,
"87530638-c6f7-42cf-b81e-08c07b96f767","A02180","237",,,,,,,,,"NI",,,,,"No",,,,,,,,"30","30","30","15","1",,,,"NI","Maddison Wegner","Maddison Wegner","6/23/2026","5/24/2026","4/24/2026","3/25/2026","3/10/2026",,"Confined Space Emergency Rescue Personnel BASEMAT","af15f0f1-46cf-419b-90ad-01dc50034cca",,,"No","Mahendra Don","Mahendra Don",,"Best Commercial","7/23/2026","6/23/2026","5/24/2026","4/24/2026","3/25/2026","3/10/2026","30",,"No",,,,"Construction Subcontract",,,,,"7/23/2026","5/21/2026 2:52 PM",,
"d11baec5-2bca-4210-a16d-c106f4cfcc73","A02180","-",,,,,,,,,"CI",,,,,"No",,,,,,,,"30","30","30","15","1",,,,"CI","Jake Schieck","Jake Schieck","6/30/2026","5/31/2026","5/1/2026","4/1/2026","3/17/2026",,"Bolt Torquing Services (N35,N61,N31,N41,N37,N25)","0d504107-5364-45a8-9f7c-bd1621843668",,,"No","Ziba Sattari","Ziba Sattari",,"Best Commercial","7/31/2026","6/30/2026","5/31/2026","5/1/2026","4/1/2026","3/17/2026","30",,"No",,,,"Construction Subcontract",,,,,"7/31/2026","5/21/2026 2:52 PM",,
"634a5f8a-9f06-4785-87ad-1f6a87f49480","A02180","-",,,,,,,,,"CI",,,,,"No",,,,,,,,"30","30","30","15","1",,,,"CI","Jake Schieck","Jake Schieck","6/30/2026","5/31/2026","5/1/2026","4/1/2026","3/17/2026",,"Flushing & Cleaning (N25,N21,N37,N31,N61,N35)","277a4530-39b2-4f91-9339-d78a6d0fc9c3",,,"No","Ziba Sattari","Ziba Sattari",,"Best Commercial","7/31/2026","6/30/2026","5/31/2026","5/1/2026","4/1/2026","3/17/2026","30",,"No",,,,"Construction Subcontract",,,,,"7/31/2026","5/21/2026 2:52 PM",,
"0c0d5aa9-73ad-4ee6-b305-7007942fa317","A02180","-",,,,,,,,,"CI",,,,,"No",,,,,,,,"30","30","30","15","1",,,,"CI","Jake Schieck","Jake Schieck","6/30/2026","5/31/2026","5/1/2026","4/1/2026","3/17/2026",,"NDE Services (N35,N61,N31,N41,N37,N21,N25)","d79e5791-3bc0-4d90-b2fb-1efe072012cc",,,"No","Ziba Sattari","Ziba Sattari",,"NCA-4000","7/31/2026","6/30/2026","5/31/2026","5/1/2026","4/1/2026","3/17/2026","30",,"No",,,,"Construction Subcontract",,,,,"7/31/2026","5/21/2026 2:52 PM",,
"7c1a5892-5e63-423c-bc0e-d0d67fa7ef2d","A02180","277",,"7/6/2026",,"6/4/2026","5/4/2026","4/24/2026",,,"SE","726,797",,,,"No",,,,,,,,"30","30","30","15",,,,,"SE/Buildings","Frank Gou","Frank Gou","8/2/2026","7/3/2026","6/3/2026","5/4/2026","4/24/2026",,"Precast Concrete - Security Bld (LONG LEAD)","a336f207-4d35-4782-900e-535a36617674",,,"No","Meesam Rasool","Meesam Rasool",,"Best Commercial","9/2/2026","8/7/2026","7/6/2026","6/4/2026","5/4/2026","4/24/2026","30",,"No",,,,"Construction Subcontract",,,,,"8/20/2026","7/15/2026 12:07 PM",,
"602b5a54-acfc-41c8-a7ef-bd15b6886fd6","A02180","-",,,,,"5/6/2026","4/24/2026",,,"SE",,,,,"No",,,,,,,,"30","30","30","15",,,,,"SE/Buildings","Frank Gou","Frank Gou","8/7/2026","7/8/2026","6/8/2026","5/9/2026","4/24/2026",,"Roof Anchors - Security Bld  (Change Order)","83baabe9-dd83-4629-9f0b-f02d64764a01",,,"No","Meesam Rasool","Meesam Rasool",,"Best Commercial","9/7/2026","8/7/2026","7/8/2026","6/8/2026","5/6/2026","4/24/2026","30",,"No",,,,"Construction Subcontract",,,,,"8/20/2026","5/21/2026 2:52 PM",,
"8de164eb-f497-4870-aa3e-7ba95981b24a","A02180","302",,,,,,,,,"CCW",,,,,"No",,,,,,,,"30","30","30","15","0",,,,"CCW/Tunnel","Ernesto Martinez","Ernesto Martinez","6/15/2026","5/16/2026","4/16/2026","3/17/2026","3/2/2026",,"TBM Push System","fd2edc24-3ec1-4787-9f07-cf3d34266d0d",,,"Yes","Mahendra Don","Mahendra Don",,"Best Commercial","7/15/2026","6/15/2026","5/16/2026","4/16/2026","3/17/2026","3/2/2026","30",,"No",,,,"Engineered Equipment",,,,,"7/15/2026","5/21/2026 2:52 PM",,
"f8394f7a-c529-4eed-b8b8-cf0d33a2e0fd","A02180","-",,,,,,,,,"CI",,,,,"No",,,,,,,,"30","30","30","15","1",,,,"CI","Jake Schieck","Jake Schieck","7/14/2026","6/14/2026","5/15/2026","4/15/2026","3/31/2026",,"Painting (N35,N61, N31,N41, N37,N21,N25)","0e5fc146-10c8-4415-a944-29d3511216d9",,,"No","Ziba Sattari","Ziba Sattari",,"Best Commercial","8/14/2026","7/14/2026","6/14/2026","5/15/2026","4/15/2026","3/31/2026","30",,"No",,,,"Construction Subcontract",,,,,"8/14/2026","5/21/2026 2:52 PM",,
"6439ad1c-bce4-44d7-8a2b-9a4444674342","A02180","246",,"3/6/2026",,"2/28/2026","1/14/2026","1/10/2026",,,"NI",,,,,"No",,,,,,,,"30","30","30","15","1",,,,"Industrial","David Leclerc","David Leclerc","1/28/2026","12/29/2025","11/29/2025","10/30/2025","10/15/2025",,"DPSC D-Ring Subcontract Fabrication","c7bfa262-f52e-4088-bd1b-9e474d254c3c",,,"Yes","Quinn McLafferty","Quinn McLafferty",,"Best Commercial","2/28/2026","1/28/2026","12/29/2025","11/29/2025","10/30/2025","10/15/2025","30",,"No",,,,"Construction Subcontract",,,,,"2/28/2026","5/21/2026 2:52 PM",,
"6c2396ea-8bef-4633-b2a8-007bf4e9baee","A02180","-",,,,,,,,,"NI",,,,,"No",,,,,,,,"30","30","30","15","U71",,,,"NI","Thomas Pailloux","Thomas Pailloux","7/19/2026","6/19/2026","5/20/2026","4/20/2026","4/5/2026",,"Reactor Shield Wall Steel Structure","243393d2-352b-48ab-a82f-a5d8200f6112","Subcontractors",,"No","Ziba Sattari","Ziba Sattari",,"ISO 9001:2015","8/19/2026","7/19/2026","6/19/2026","5/20/2026","4/20/2026","4/5/2026","30",,"No",,,,"Construction Subcontract",,,,,"8/19/2026","5/21/2026 2:52 PM",,
"e43b30e4-47d3-4e98-b164-c782064d6593","A02180","303",,,,,,,,,"CCW","90,000",,,,"No",,,,,,,,"30","35","30","15",,,,,"CCW/Tunnel","Stephanie Shelley","Stephanie Shelley","7/31/2026","6/26/2026","5/27/2026","4/27/2026","4/12/2026",,"Pipe basket for TBM operation","b4189b9e-d4d3-4240-9e12-60c51017941d","Construction Equipment",,"No","Mahendra Don","Mahendra Don",,"Best Commercial","8/30/2026","7/31/2026","6/26/2026","5/27/2026","4/27/2026","4/12/2026","30",,"No",,,,"Engineered Equipment",,,,,"8/1/2026","7/16/2026 9:58 AM",,
"e5377208-da1e-4300-9b3f-a5f274bd9ee1","A02180","304",,,,,,,,,"CCW","600,000",,,,"No",,,,,,,,"30","30","30","15",,,,,"CCW/Tunnel","Stephanie Shelley","Stephanie Shelley","7/31/2026","7/1/2026","6/1/2026","5/2/2026","4/17/2026",,"TBM slurry pumps structure in tunnel","4f48bdd2-6c6e-4906-b6cd-b5c466c2ed24","Supplies (Construction Materials)",,"No","Ziba Sattari","Ziba Sattari",,"Best Commercial","8/30/2026","7/31/2026","7/1/2026","6/1/2026","5/2/2026","4/17/2026","30",,"No",,,,"Cancelled",,,,,"8/1/2026","7/21/2026 9:41 AM",,
"a4bf9668-85c9-442b-b428-fc735236a5a7","A02180","305",,,,,,,,,"CCW","0",,,,"No",,,,,,,,"30","30","30","15",,,,,"CCW/Tunnel","Ernesto Martinez","Ernesto Martinez","7/31/2026","7/1/2026","6/1/2026","5/2/2026","4/17/2026",,"Hydraulic Hoses/ Fittings and Crimping System","31a6ee03-0823-406d-bdf0-6547926e911f",,,"No","Ziba Sattari","Ziba Sattari",,"Best Commercial","8/30/2026","7/31/2026","7/1/2026","6/1/2026","5/2/2026","4/17/2026","30",,"No",,,,"Engineered Equipment",,,,,"8/1/2026","7/16/2026 10:00 AM",,
"33bdc333-9180-42c5-aca4-6e0a3f3f666f","A02180","279",,,,"5/1/2026","4/17/2026","4/13/2026",,,"SE","535,000",,,,"No",,,,,,,,"30","30","30","15",,,,,"SE/Buildings","Frank Gou","Frank Gou","7/1/2026","6/1/2026","5/1/2026","4/17/2026","4/13/2026",,"Elevator - Security Bld","c13b4a4e-72d3-48fd-8293-de820bcd9aea",,,"No","Meesam Rasool","Meesam Rasool",,"Best Commercial","7/31/2026","7/1/2026","6/1/2026","5/1/2026","4/17/2026","4/13/2026","30",,"No",,,,"Construction Subcontract",,,,,"8/20/2026","7/16/2026 9:56 AM",,"Bid was sent to Kona , Otis, Schindler "
"6ac51363-e69d-4410-b9bb-70300075d388","A02180","207","11/24/2025","11/11/2025",,"11/11/2025","11/11/2025","11/10/2025","17,320",,"SE","17,320",,,,"Yes",,,,,,,,"30","30","30","15","0","Yes","17,320",,"SE/Buildings","Lolu Oyewole-Eletu","Lolu Oyewole-Eletu","11/22/2025","10/23/2025","9/23/2025","8/24/2025","8/9/2025",,"Liftsafe Engineering and Service Group","61a093f7-d7d6-4562-a88d-bbeeac7bcd53",,"4500728205","No","Meesam Rasool","Meesam Rasool",,"Best Commercial","12/22/2025","11/22/2025","10/23/2025","9/23/2025","8/24/2025","8/9/2025","30",,"No",,"Liftsafe",,"Consulting Agreement",,,,,"12/22/2025","5/21/2026 2:52 PM",,
"a7f80257-76d3-4d60-9f8e-f5c792df5b9c","A02180","67","5/25/2026","7/23/2025",,"6/27/2025","5/15/2025","4/28/2025",,,"SE",,,,,"No",,,,,,,,"30","30","30","15",,,,,"SE/Buildings","Frank Gou","Frank Gou","8/1/2025","7/2/2025","6/2/2025","5/3/2025","4/18/2025",,"Landscaping (Fab & WH)","81187ae1-fcd4-4dc9-9fcb-31df3a1843cf",,,"No","Meesam Rasool","Meesam Rasool",,"Best Commercial","9/1/2025","5/25/2026","7/2/2025","6/2/2025","5/3/2025","4/18/2025","30",,"No",,,,"Construction Subcontract",,,,,"9/1/2025","5/27/2026 3:17 PM",,
"798d23fc-457a-46f2-8912-aac6828f6cff","A02180","95","6/7/2025","6/4/2025",,"1/5/2025","4/15/2025","3/7/2025","311,896",,"SE","372,000",,,,"Yes",,,,,,,,"30","30","30","15","0","Yes","311,896",,"SE/Buildings","Frank Gou","Frank Gou","7/1/2025","6/1/2025","5/2/2025","4/2/2025","3/18/2025",,"Racking & Shelving","815c7599-8f8c-4b93-a1d2-155abfbab158",,"4700146936","No","Meesam Rasool","Meesam Rasool",,"Best Commercial","8/1/2025","7/1/2025","6/1/2025","5/2/2025","4/2/2025","3/18/2025","30",,"No",,"Metric Storage Systems",,"Construction Subcontract",,,,,"8/1/2025","5/21/2026 2:52 PM",,
"035f816d-5bb9-4755-a663-798bd5bf9800","A02180","139","3/13/2025","3/11/2025",,"3/10/2025","3/10/2025","3/7/2025","15,000",,"SE","12,000",,,,"Yes",,,,,,,,"30","30","30","15","0","Yes","15,000",,"SE/Buildings","Frank Gou","Frank Gou","2/20/2025","1/21/2025","12/22/2024","11/22/2024","11/7/2024",,"Roofing Inspector","2ce1fe3d-f7c0-464a-bc58-eb9989e3fb75",,"450068669","No","Meesam Rasool","Meesam Rasool",,"Best Commercial","3/20/2025","2/20/2025","1/21/2025","12/22/2024","11/22/2024","11/7/2024","30",,"No",,"Accent",,"Consulting Agreement",,,,,"3/20/2025","5/21/2026 2:52 PM",,
"9c6279f5-2b52-4858-b8a2-f6d7f5ae7cce","A02180","208",,,,,,,,,"NI",,,,,"No",,,,,,,,"30","30","30","15","1",,,,"NI","Tanzeel Ahmed","Tanzeel Ahmed","7/26/2026","6/26/2026","5/27/2026","4/27/2026","4/12/2026",,"Solid Waste Management System Pressure Testing and Cleaning","3266b35b-1a30-4f1b-a421-b1fd12d12998",,,"No","Mahendra Don","Mahendra Don",,"ISO 9001:2015","8/26/2026","7/26/2026","6/26/2026","5/27/2026","4/27/2026","4/12/2026","30",,"No",,,,"Construction Subcontract",,,,,"8/26/2026","5/21/2026 2:52 PM",,
"7997a646-db9c-4d74-a3e1-8f6238549c20","A02180","124","5/20/2025","5/20/2025",,"5/15/2025","5/5/2025","3/1/2025","1,180,000",,"SE","1,180,000",,,,"Yes",,,,,,,,"30","30","30","15","0","Yes","1,180,000",,"SE/Buildings","Frank Gou","Frank Gou","11/14/2025","10/15/2025","9/15/2025","8/16/2025","8/1/2025",,"Warehouse Tent Erection","eec40bdf-1731-4f26-8a8f-a773424c1aa4",,"4700138223","No","Meesam Rasool","Meesam Rasool",,"Best Commercial","12/14/2025","11/14/2025","10/15/2025","9/15/2025","8/16/2025","8/1/2025","30",,"No",,"M&G Steel",,"Construction Subcontract",,,,,"12/14/2025","5/21/2026 2:52 PM",,
"f58e6c2e-30ad-4ad1-8322-c34dc65b6d17","A02180","-",,,,,,,,,"CI",,,,,"No",,,,,,,,"30","30","30","15","1",,,,"CI","Jake Schieck","Jake Schieck","8/3/2026","7/4/2026","6/4/2026","5/5/2026","4/20/2026",,"Jack & Slide Heavy Wall (N61,N41,N21)","ea9089f3-a63f-4803-aa78-a530f2c3a789",,,"No","Ziba Sattari","Ziba Sattari",,"Best Commercial","9/3/2026","8/3/2026","7/4/2026","6/4/2026","5/5/2026","4/20/2026","30",,"No",,,,"Construction Subcontract",,,,,"9/3/2026","5/21/2026 2:52 PM",,
"59ec1b80-bb0e-4319-ac84-11d671bf5c0b","A02180","-",,,,,,,,,"NI",,,,,"No",,,,,,,,"30","30","30","15","G11",,,,"NI","Tanzeel Ahmed","Tanzeel Ahmed","8/25/2026","7/26/2026","6/26/2026","5/27/2026","5/12/2026",,"Stand-by-Enriched Injection System Tank","937b4585-c947-437c-b281-fe18b160ad60","Plant Equipment",,"No","Mahendra Don","Mahendra Don",,"NCA-4000","9/25/2026","8/25/2026","7/26/2026","6/26/2026","5/27/2026","5/12/2026","30",,"No",,,,"Engineered Equipment",,,,,"9/25/2026","5/21/2026 2:52 PM",,
"b28d8cfa-d706-4318-941b-97877ab25c1c","A02180","294","6/8/2026","6/4/2026",,"5/15/2026","5/8/2026","4/10/2026","91,000",,"SE","91,000",,,,"No",,,,,,,,"30","30","30","15",,,"91,000",,"Training","Robin Bouchard","Robin Bouchard","6/8/2026","6/4/2026","5/15/2026","5/8/2026","4/10/2026",,"SAT Consultant","4dbfbbd5-bb0b-495c-b8cb-7c0b56e6e34d",,"4700154895","No","Diogo Mello","Diogo Mello",,"Best Commercial","6/1/2026","6/8/2026","6/4/2026","5/15/2026","5/8/2026","4/10/2026","7",,"No",,"KT Innovative Solutions",,"Consulting Agreement",,,,,"6/1/2026","6/18/2026 12:44 PM",,
"c336497c-0090-467f-a742-e69d94756045","A02180","261","5/15/2026","4/17/2026",,"4/16/2026","4/16/2026","4/16/2026","53,535",,"CCW","53,535",,,,"No",,,,,,"0",,"0","30","0","15",,,"0",,"CCW/Tunnel","Ernesto Martinez","Ernesto Martinez","3/20/2026","1/4/2026","12/5/2025","12/5/2025","12/5/2025",,"Pipe Crossing","9ff7aaf4-d224-400e-a743-75e1971bc915",,"4700153101","Yes","Diogo Mello","Diogo Mello",,"Best Commercial","4/20/2026","5/15/2026","1/4/2026","12/5/2025","12/5/2025","12/5/2025","30",,"Yes",,"P. Little Eng",,"Consulting Agreement",,,,,"4/20/2026","5/27/2026 12:15 PM",,
"c6a0daf9-2ef2-42a3-beee-3c4f2dde32e5","A02180","239",,,,,,,,,"CCW",,,,,"No",,,,,,,,"30","30","30","15",,,,,"CCW/Tunnel","Ernesto Martinez","Ernesto Martinez","8/15/2026","7/16/2026","6/16/2026","5/17/2026","5/2/2026",,"Segment Grabbing System","897e2c4c-dcaf-4e74-b8d0-87a91479c523",,,"No","Mahendra Don","Mahendra Don",,"Best Commercial","9/15/2026","8/15/2026","7/16/2026","6/16/2026","5/17/2026","5/2/2026","30",,"No",,,,"Engineered Equipment",,,,,"9/15/2026","5/21/2026 2:52 PM",,
"f5f84b5c-df7f-44ec-847b-6da17c57c5b7","A02180","134","4/16/2025","4/15/2025",,"4/12/2025","3/28/2025","2/20/2025","998,181",,"SE","842,566",,,,"Yes",,,,,,,,"30","30","30","15","0",,,,"SE/Buildings","Lolu Oyewole-Eletu","Lolu Oyewole-Eletu","5/25/2025","4/25/2025","3/26/2025","2/24/2025","2/9/2025",,"Electrical Works - Warehouse Tents and Pump Building","81b67e36-9019-47b6-8a43-78789f5a6bc4",,"4700137618","No","Meesam Rasool","Meesam Rasool",,"Best Commercial","6/25/2025","5/25/2025","4/25/2025","3/26/2025","2/24/2025","2/9/2025","30",,"No",,"Ampere",,"Construction Subcontract",,,,,"6/25/2025","5/21/2026 2:52 PM",,
"34e29630-4eb7-4eaa-80af-5832152c0fd3","A02180","225",,,,"3/4/2026","2/18/2026","2/12/2026",,,"CCW","1",,,,"No",,,,,,,,"30","30","30","15",,,,,"CCW/Tunnel","Stephanie Shelley","Stephanie Shelley","5/3/2026","4/3/2026","3/4/2026","2/18/2026","2/12/2026",,"TBM Shaft and Mined Tunnel Utility Brackets","e87773c3-2ace-4010-961c-22980976911c","Supplies (Construction Materials)",,"Yes","Meesam Rasool","Meesam Rasool",,"Best Commercial","6/2/2026","5/3/2026","4/3/2026","3/4/2026","2/18/2026","2/12/2026","30",,"No",,,,"Engineered Equipment",,,,,"8/1/2026","6/18/2026 9:35 AM",,"- Kiewit was interested. Dan to confirm how to move forward in our partnership with Kiewit
- ATS is pending, Spoke to Stephanie on 06/11/2026 - Said the comments are being worked on "
"aee280d5-72ff-462e-9e44-4d98fb1aa40f","A02180","243","4/29/2026","4/16/2026",,"1/10/2026","1/10/2026","1/10/2026",,,"CCW","464,760",,,,"No",,,,,,,,"0","30","0","15",,,,,"CCW/Tunnel","Stephanie Shelley","Stephanie Shelley","7/1/2026","4/17/2026","3/18/2026","3/18/2026","3/18/2026",,"Hyperbaric Subcontract Activity","719ea696-f348-4ea1-9a39-5942c6c68e1d","Construction Equipment",,"No","Meesam Rasool","Meesam Rasool",,"Best Commercial","8/1/2026","4/29/2026","4/16/2026","1/10/2026","1/10/2026","1/10/2026","30",,"Yes",,,,"Construction Subcontract",,,,,"8/1/2026","6/18/2026 12:56 PM",,"Waiting for the SoW and new RAS date"
"01108e3c-0b63-4181-aa34-b774a1e7d5ea","A02180","66","5/15/2025","3/17/2025",,"2/28/2025","2/14/2025","2/20/2025","672,714",,"SE","672,714",,,,"Yes",,,,,,,,"30","30","30","15",,"Yes","672,714",,"SE/Buildings","Frank Gou","Frank Gou","7/1/2025","6/1/2025","5/2/2025","4/2/2025","3/18/2025",,"Asphalt, Curbs & Paving (Fab)","82a8f215-d053-4faf-b791-42fcba549653","Subcontractors","4700144200","No","Meesam Rasool","Meesam Rasool",,"Best Commercial","8/1/2025","7/1/2025","6/1/2025","5/2/2025","4/2/2025","3/18/2025","30",,"No",,"Pylon",,"Construction Subcontract",,,,,"8/1/2025","5/21/2026 2:52 PM",,
"dbdf810b-eaa2-48db-b196-0f7960abe251","A02180","118","2/28/2025","2/17/2025",,"2/15/2025","1/26/2025","1/20/2025","299,923.47",,"SE","480,000",,,,"Yes",,,,,,,,"30","30","30","15","0","Yes","299,923.47",,"SE/Buildings","Frank Gou","Frank Gou","2/1/2025","1/2/2025","12/3/2024","11/3/2024","10/19/2024",,"Automation and Drive Motor System for Pre-Assembly Agreement","9924122a-dcd0-4c87-9811-e46da79d9515","Plant Equipment","4700131924","Yes","Meesam Rasool","Meesam Rasool",,"Best Commercial","3/1/2025","2/1/2025","1/2/2025","12/3/2024","11/3/2024","10/19/2024","30",,"No",,"ATS Industrial Automation",,"Construction Subcontract",,,,,"3/1/2025","5/21/2026 2:52 PM",,
"0c7cc5bf-e441-4065-9240-5aa5d9e9ad9c","A02180","83","3/5/2025","1/10/2025",,"12/9/2024","11/25/2024","11/22/2024","36,099",,"SE","73,036",,,,"Yes",,,,,,,,"30","30","30","15","0","Yes","36,099",,"SE/Buildings","Frank Gou","Frank Gou","7/1/2025","6/1/2025","5/2/2025","4/2/2025","3/18/2025",,"Washroom Accessories /Toilet partitions/Lockers Fab","9a12f52b-2675-4255-abd3-0f79c6f557f1","Plant Equipment","4700143577","No","Meesam Rasool","Meesam Rasool",,"Best Commercial","8/1/2025","7/1/2025","6/1/2025","5/2/2025","4/2/2025","3/18/2025","30",,"No",,"Eastern Partitions",,"Construction Subcontract",,,,,"8/1/2025","5/21/2026 2:52 PM",,
"0d87eea0-7258-4310-a6f4-0d099974b769","A02180","107","1/20/2025","1/16/2025",,"12/12/2024","11/21/2024","11/21/2024","171,731",,"SE","233,300",,,,"Yes",,,,,,,,"30","30","30","15","0","Yes","171,731",,"SE/Buildings","Lolu Oyewole-Eletu","Lolu Oyewole-Eletu","2/1/2025","1/2/2025","12/3/2024","11/3/2024","10/19/2024",,"Booster Fire Pump","b14fb75f-322a-4e21-bd64-f162109e0076","Plant Equipment","4700143761","No","Meesam Rasool","Meesam Rasool",,"Best Commercial","3/1/2025","2/1/2025","1/2/2025","12/3/2024","11/3/2024","10/19/2024","30",,"No",,"Vikings",,"Commodities Agreement",,,,,"3/1/2025","5/21/2026 2:52 PM",,
"0ae235cb-ad24-40ad-8436-153779969f24","A02180","114","2/5/2025","1/29/2025",,"11/29/2024","11/8/2024","11/4/2024","1,128,246",,"SE","1,899,490.33",,,,"Yes",,,,,,,,"30","30","30","15",,"Yes","1,128,246",,"SE/Buildings","George Kelly","George Kelly","2/1/2025","1/2/2025","12/3/2024","11/3/2024","10/19/2024",,"Pre-Assembly Tent Installation","6729c6d6-8075-4f2e-a5ac-ad46b500c136","Subcontractors","4700138223","No","Meesam Rasool","Meesam Rasool",,"Best Commercial","3/1/2025","2/5/2025","1/29/2025","11/29/2024","11/8/2024","11/4/2024","30",,"No",,"M&G Steel",,"Construction Subcontract",,,,,"3/1/2025","7/16/2026 11:58 AM",,
"2395eb73-4236-4afe-9706-80d9795b7bcc","A02180","-",,,,,,,,,"CI",,,,,"No",,,,,,,,"30","30","30","15","1",,,,"CI","Jake Schieck","Jake Schieck","12/15/2026","11/15/2026","10/16/2026","9/16/2026","9/1/2026",,"Building Cladding (supply&install)","75e5996c-259f-48b8-a689-71674b4fe0bf",,,"No","Ziba Sattari","Ziba Sattari",,"Best Commercial","1/15/2027","12/15/2026","11/15/2026","10/16/2026","9/16/2026","9/1/2026","30",,"No",,,,"Construction Subcontract",,,,,"1/15/2027","5/21/2026 2:52 PM",,
"dfbe8e09-168c-4206-978b-6ffce510ddf5","A02180","-",,,,,,,,,"CI",,,,,"No",,,,,,,,"30","30","30","15","P52",,,,"NI","Jeremy Francis","Jeremy Francis","12/27/2026","11/27/2026","10/28/2026","9/28/2026","9/13/2026",,"Air Compressor Package (Rotary screw, oil-less, with dryers and air receivers)","5e2f8306-978f-4333-8656-59ae55d2d96d","Plant Equipment",,"No","Ziba Sattari","Ziba Sattari",,"ISO 9001:2015","1/27/2027","12/27/2026","11/27/2026","10/28/2026","9/28/2026","9/13/2026","30",,"No",,,,"Engineered Equipment",,,,,"1/27/2027","5/21/2026 2:52 PM",,
"a89ab715-ee7e-4f93-a2a4-773f91ce14ab","A02180","79","12/6/2024","12/5/2024",,"12/1/2024","11/16/2024","11/1/2024","48,061",,"SE","50,929",,,,"Yes",,,,,,,,"30","30","30","15","0","Yes","48,061",,"SE/Buildings","Lolu Oyewole-Eletu","Lolu Oyewole-Eletu","2/1/2025","1/2/2025","12/3/2024","11/3/2024","10/19/2024",,"Glazing ( Fab Shop)","68676618-d366-4505-a5f8-f334b89f6ba7","Subcontractors","4500649533","No","Meesam Rasool","Meesam Rasool",,"Best Commercial","3/1/2025","2/1/2025","1/2/2025","12/3/2024","11/3/2024","10/19/2024","30",,"No",,"All Pro Doors",,"Construction Subcontract",,,,,"3/1/2025","5/21/2026 2:52 PM",,
"ddca7e4b-0e7b-46d3-b003-3ccbf013d07b","A02180","-",,,,,,,,,"CI",,,,,"No",,,,,,,,"30","30","30","15","1",,,,"CI","Jake Schieck","Jake Schieck","1/2/2027","12/3/2026","11/3/2026","10/4/2026","9/19/2026",,"Crane Testing","30c0c921-088c-4b8b-bc4f-9833d4eade49",,,"No","Ziba Sattari","Ziba Sattari",,"Best Commercial","2/2/2027","1/2/2027","12/3/2026","11/3/2026","10/4/2026","9/19/2026","30",,"No",,,,"Construction Subcontract",,,,,"2/2/2027","5/21/2026 2:52 PM",,
"f94cabed-2bab-4a46-b536-8f1487244e58","A02180","-",,,,,,,,,"CI",,,,,"No",,,,,,,,"30","30","30","15","1",,,,"CI","Jake Schieck","Jake Schieck","1/12/2027","12/13/2026","11/13/2026","10/14/2026","9/29/2026",,"Fireproofing","f1874365-bf3d-4443-b35a-a1342d08eb4c",,,"No","Ziba Sattari","Ziba Sattari",,"Best Commercial","2/12/2027","1/12/2027","12/13/2026","11/13/2026","10/14/2026","9/29/2026","30",,"No",,,,"Construction Subcontract",,,,,"2/12/2027","5/21/2026 2:52 PM",,
"df71d605-20a4-44b1-964a-2599eac47904","A02180","184",,,,,,,,,"NI",,,,,"No",,,,,,,,"30","30","30","15","1",,,,"NI","Mike Van Dreumel","Mike Van Dreumel","2/16/2027","1/17/2027","12/18/2026","11/18/2026","11/3/2026",,"G11 Boron Injection System Storage Tanks","03a06e55-6b38-47d5-9293-30a5e7add7b7",,,"No","Mahendra Don","Mahendra Don",,"ISO 9001:2015","3/16/2027","2/16/2027","1/17/2027","12/18/2026","11/18/2026","11/3/2026","30",,"No",,,,"Commodities Agreement",,,,,"3/16/2027","5/21/2026 2:52 PM",,
"ae9722a8-f8f5-46e2-a4c1-98bda74a351e","A02180","106","2/28/2025","2/21/2025",,"11/30/2024","10/22/2024","10/22/2024","1,443,167.15",,"SE","4,096,575.46",,,,"Yes",,,,,,,,"30","30","30","15","0","Yes","1,443,167.15",,"SE/Buildings","George Kelly","George Kelly","12/1/2024","11/1/2024","10/2/2024","9/2/2024","8/18/2024",,"Wet Utilities Fab Shop","79b08523-abdf-4f92-b654-9927c503040e","Subcontractors","4700131709","No","Meesam Rasool","Meesam Rasool",,"Best Commercial","1/1/2025","12/1/2024","11/1/2024","10/2/2024","9/2/2024","8/18/2024","30",,"No",,"A6N",,"Construction Subcontract",,,,,"1/1/2025","5/21/2026 2:52 PM",,
"8404872c-d2aa-438f-ab56-f932e5c283d2","A02180","100","1/13/2025","1/8/2025",,"9/24/2024","9/9/2024","8/21/2024","400,950",,"SE","270,000",,,,"Yes",,,,,,,,"30","30","30","15","0","Yes","400,950",,"SE/Buildings","Frank Gou","Frank Gou","10/30/2024","9/30/2024","8/31/2024","8/1/2024","7/17/2024",,"Concrete Finishing","1b3050a1-5f5e-4a88-8edb-71caa928cda2","Subcontractors","4700140637","No","Meesam Rasool","Meesam Rasool",,"Best Commercial","11/30/2024","10/30/2024","9/30/2024","8/31/2024","8/1/2024","7/17/2024","30",,"No",,"Belmont",,"Construction Subcontract",,,,,"11/30/2024","5/21/2026 2:52 PM",,
"c1a53993-6c52-4ab8-832f-e81b24fdb91e","A02180","81","3/28/2025","8/26/2024",,"7/26/2024","7/17/2024","7/12/2024","64,200",,"SE","113,319",,,,"Yes",,,,,,,,"30","30","30","15","0","Yes","64,200",,"SE/Buildings","Frank Gou","Frank Gou","6/1/2025","5/2/2025","4/2/2025","3/3/2025","2/16/2025",,"Flooring Fab","d3157dc2-b063-4740-aa29-5f78bce0ab47","Materials (Commodities)","4700144988","No","Meesam Rasool","Meesam Rasool",,"Best Commercial","7/1/2025","6/1/2025","5/2/2025","4/2/2025","3/3/2025","2/16/2025","30",,"No",,"Kent-Leckie Flooring",,"Construction Subcontract",,,,,"7/1/2025","5/21/2026 2:52 PM",,"Issue the contract"
"4949a0e2-1127-48de-b8d0-8c7c337c0cfc","A02180","-",,,,,,,,,"CCW","1,143,675",,,,"No",,,,,,,,"30","30","30","15","0",,,,"Concrete","Mohamed Said","Mohamed Said","4/25/2027","3/26/2027","2/24/2027","1/25/2027","1/10/2027",,"Misc Metal - Forebay Shaft","33f237bf-0450-4ac5-b384-15c0bd63ea20",,,"No","Meesam Rasool","Meesam Rasool",,"Best Commercial","5/25/2027","4/25/2027","3/26/2027","2/24/2027","1/25/2027","1/10/2027","30",,"No",,,,"Construction Subcontract",,,,,"5/25/2027","5/21/2026 2:52 PM",,
"df3aedec-ab8c-43ad-8cda-090a699a8f22","A02180","-",,,,,,,,,"CI",,,,,"No",,,,,,,,"30","30","30","15","N31",,,,"CI","Jake Schieck","Jake Schieck","12/7/2027","11/7/2027","10/8/2027","9/8/2027","8/24/2027",,"Koike Rollers (N31)","77e79176-c610-4826-a141-2630bdf606c2",,,"No","Ziba Sattari","Ziba Sattari",,"Best Commercial","1/7/2028","12/7/2027","11/7/2027","10/8/2027","9/8/2027","8/24/2027","30",,"No",,,,"Construction Subcontract",,,,,"1/7/2028","5/21/2026 2:52 PM",,
"c705ff96-8af9-4f5a-8a39-8a0de0d5459c","A02180","-",,,,,,,,,"NI",,,,,"No",,,,,,,,"30","30","30","15","T10",,,,"NI","Mike Van Dreumel","Mike Van Dreumel","5/6/2028","4/6/2028","3/7/2028","2/6/2028","1/22/2028",,"Corium Shield","bdae07d1-2a1a-4a59-be67-22ed704031d5","Materials (Commodities)",,"No","Mahendra Don","Mahendra Don",,"ISO 9001:2015","6/6/2028","5/6/2028","4/6/2028","3/7/2028","2/6/2028","1/22/2028","30",,"No",,,,"Commodities Agreement",,,,,"6/6/2028","5/21/2026 2:52 PM",,
"bec2148c-4227-43eb-8c55-5d3985d810aa","A02180","-",,,,,,,,,"CCW","3,041,668.65",,,,"No",,,,,,,,"30","30","30","15","0",,,,"Concrete","Mohamed Said","Mohamed Said","7/18/2027","6/18/2027","5/19/2027","4/19/2027","4/4/2027",,"Electrical Equipment - Forebay Shaft","63619798-b662-416f-8ea0-a1dba8f1e5ac",,,"No","Meesam Rasool","Meesam Rasool",,"Best Commercial","8/18/2027","7/18/2027","6/18/2027","5/19/2027","4/19/2027","4/4/2027","30",,"No",,,,"Commodities Agreement",,,,,"8/18/2027","5/21/2026 2:52 PM",,
"96edcda2-1c12-42b4-9759-0424e5f0613f","A02180","206","7/15/2026","6/1/2026",,"12/19/2025","11/13/2025","11/11/2025","3,919,215",,"CI","6,277,792",,,,"No",,,,,,,,"30","30","30","15",,,,,"CI","jmills@aecon.com","James Mills","7/15/2026","1/18/2026","12/19/2025","11/13/2025","11/11/2025",,"Fire Pump and Pump house","832255aa-b6e7-4722-b45f-518cdea60cdb",,"4300007576","No","Ziba Sattari","Ziba Sattari",,"ISO 9001:2015","8/14/2026","7/15/2026","6/1/2026","12/19/2025","11/13/2025","11/11/2025","30",,"No",,"Armstrong",,"Engineered Equipment",,,,,"10/15/2028","7/21/2026 9:50 AM",,
"c447c624-2bee-4855-ac6c-b5c17a7ff3f1","A02180","132","1/27/2026","1/5/2026",,"11/20/2025","3/10/2025","2/13/2025","44,548,855.84",,"CI","46,119,214",,,,"Yes",,,,,"Yes","44,548,855.84",,"30","30","30","15","U72/U73/U75","Yes","44,548,855.84",,"NI","Carl Berg","Carl Berg","3/30/2026","2/28/2026","1/29/2026","12/30/2025","12/15/2025",,"Structural Steel (Turbine/Control/Service ) building","0bb29d99-9402-4a0b-b409-2efd7bfea98e","subcontract","4700148803","Yes","Ziba Sattari","Ziba Sattari",,"ISO 9001:2015","4/30/2026","3/30/2026","2/28/2026","1/29/2026","12/30/2025","12/15/2025","30",,"No",,"Walters Inc.",,"Construction Subcontract",,,,,"4/30/2026","5/21/2026 2:52 PM",,
"0f76ba8c-fec1-41be-b5e1-168dbeb63f67","A02180","-",,,,,,,,,"CCW","478,482.8",,,,"No",,,,,,,,"30","30","30","15","0",,,,"Concrete","Mohamed Said","Mohamed Said","7/24/2027","6/24/2027","5/25/2027","4/25/2027","4/10/2027",,"Mechanical Equipment - Forebay Shaft (Hardwares not included)","4a676014-7fb6-4b1c-aa39-6f16b3f11ee7",,,"No","Meesam Rasool","Meesam Rasool",,"Best Commercial","8/24/2027","7/24/2027","6/24/2027","5/25/2027","4/25/2027","4/10/2027","30",,"No",,,,"Engineered Equipment",,,,,"8/24/2027","5/21/2026 2:52 PM",,
"f517c01f-2a91-4f1e-92c5-53d91ffa077c","A02180","-322",,,,,,,,,"CCW","1,913,600",,,,"No",,,,,,,,"30","30","30","15",,,,,"Concrete","Mohamed Said","Mohamed Said","8/8/2027","7/9/2027","6/9/2027","5/10/2027","4/25/2027",,"Structural Steel - Forebay Shaft","a9c987b2-d4b7-4005-b576-dfb9304ed1bd",,,"Yes","Meesam Rasool","Meesam Rasool",,"Best Commercial","9/8/2027","8/8/2027","7/9/2027","6/9/2027","5/10/2027","4/25/2027","30",,"No",,,,"Construction Subcontract",,,,,"9/8/2027","7/16/2026 11:56 AM",,
"12b13819-693b-48e7-b5da-4d671e4b66e9","A02180","-",,,,,,,,,"CCW","209,300",,,,"No",,,,,,,,"30","30","30","15",,,,,"Concrete","Mohamed Said","Mohamed Said","10/10/2028","9/10/2028","8/11/2028","7/12/2028","6/27/2028",,"Q-Deck and Hatches - Forebay Shaft","c021711c-11b9-47a4-92ec-c030aebea0e3",,,"No","Meesam Rasool","Meesam Rasool",,"Best Commercial","11/10/2028","10/10/2028","9/10/2028","8/11/2028","7/12/2028","6/27/2028","30",,"No",,,,"Construction Subcontract",,,,,"11/10/2028","6/17/2026 10:31 AM",,
"d52e96b5-037a-4188-b6bb-92ed24e24aab","A02180","-",,,,,,,,,"CI",,,,,"No",,,,,,,,"30","30","30","15","U41",,,,"CI","Alvin Chan","Alvin Chan","12/28/2026","11/28/2026","10/29/2026","9/29/2026","9/14/2026",,"HVAC (Heating and Cooling Ventilation System) (AHUs are LONG LEAD)","5aab2229-d46f-403a-896b-a783d21a6515",,,"No","Meesam Rasool","Meesam Rasool",,"ISO 9001:2015","1/28/2027","12/28/2026","11/28/2026","10/29/2026","9/29/2026","9/14/2026","30",,"No",,,,"On Hold",,,,,"1/28/2027","5/21/2026 2:52 PM",,
"758bdaa9-398b-4c14-bd48-dc0fa389352d","A02180","256","2/18/2026","2/13/2026",,"2/13/2026","2/10/2026","2/6/2026","23,169.94",,"CCW","0",,,,"Yes",,,,,,,,"30","30","30","15","0","Yes","23,169.94",,"EHS","Jason Valliere","Jason Valliere","1/23/2026","12/24/2025","11/24/2025","10/25/2025","10/10/2025",,"Confine Space Audit","f9b7eec9-a3ac-4ae1-a76b-ab16ab50cd4c",,"4500738452","No","Diogo Mello","Diogo Mello",,"Best Commercial","2/23/2026","1/23/2026","12/24/2025","11/24/2025","10/25/2025","10/10/2025","30",,"No",,"Tundra",,"Consulting Agreement",,,,,"2/23/2026","5/21/2026 2:52 PM",,
"8b8df437-0533-4899-a915-06aec1bc575a","A02180","256","2/23/2026","2/13/2026",,"2/13/2026","2/10/2026","2/6/2026","5,990.2",,"CCW","0",,,,"Yes",,,,,,,,"30","30","30","15","0","Yes","5,990.2",,"EHS","Jason Valliere","Jason Valliere","1/23/2026","12/24/2025","11/24/2025","10/25/2025","10/10/2025",,"Tunnel Space Audit","9b137543-c110-47a5-8b9b-f63a8046cf94",,"4500739275","No","Diogo Mello","Diogo Mello",,"Best Commercial","2/23/2026","1/23/2026","12/24/2025","11/24/2025","10/25/2025","10/10/2025","30",,"No",,"Can Am",,"Consulting Agreement",,,,,"2/23/2026","5/21/2026 2:52 PM",,
"3788d206-083f-40be-8b79-96fec7f8c8ef","A02180","295","5/22/2026","5/15/2026",,"2/20/2026","1/16/2026","1/16/2026","2,475,585",,"SE","2,500,000",,,,"No",,,,,,,,"30","30","30","15",,,,,"SE/Site","Peter Lindsay","Peter Lindsay","4/30/2026","3/31/2026","3/1/2026","1/30/2026","1/15/2026",,"Stackable Trailers","f01d6629-dec7-42ec-b403-4f2290d31294",,"4500743858","Yes","Diogo Mello","Diogo Mello",,"Best Commercial","5/31/2026","5/22/2026","5/15/2026","2/20/2026","1/16/2026","1/16/2026","30",,"No",,"Atco",,"Standard Purchase Order",,,,,"5/31/2026","7/16/2026 11:22 AM",,
"a8b71868-63b1-4b5d-ad92-ce505b4c5d79","A02180","76","1/20/2025","9/3/2024",,"7/23/2024","7/9/2024","7/5/2024","23,979",,"SE","23,500",,,,"Yes",,,,,,,,"30","30","30","15","0",,,,"SE/Buildings","Frank Gou","Frank Gou","6/1/2025","5/2/2025","4/2/2025","3/3/2025","2/16/2025",,"Millwork Fab","613ef487-68b4-45de-9e70-9cd2d66c3570","Materials (Commodities)","4700137596","No","Meesam Rasool","Meesam Rasool",,"Best Commercial","7/1/2025","6/1/2025","5/2/2025","4/2/2025","3/3/2025","2/16/2025","30",,"No",,"RGA Woodworking",,"Construction Subcontract",,,,,"7/1/2025","5/21/2026 2:52 PM",,"Issue the contract"
"09af5029-32d7-4d37-8335-b7f19a45f07d","A02180","222","2/1/2026","11/7/2025",,"10/31/2025","10/15/2025","10/14/2025","1,200,315.61",,"CCW","1,864,740.96",,,,"Yes",,,,,,,,"30","30","30","15","0",,,,"Concrete","Mohamed Said","Mohamed Said","2/3/2026","1/4/2026","12/5/2025","11/5/2025","10/21/2025",,"Formwork - Forebay Shaft","01ec9d86-08a4-465b-8fad-8a8863fee5d6",,,"Yes","Meesam Rasool","Meesam Rasool",,"Best Commercial","3/3/2026","2/3/2026","1/4/2026","12/5/2025","11/5/2025","10/21/2025","30",,"No",,"DOKA",,"Construction Subcontract",,,,,"3/3/2026","5/21/2026 2:52 PM",,
"5fee0dc7-d4d4-4c5b-baad-03d3007864f7","A02180","223",,,,"12/4/2025","11/4/2025","10/20/2025",,,"CCW",,,,,"No",,,,,,,,"30","30","30","15","0",,,,"Concrete","Mohamed Said","Mohamed Said","12/31/2025","12/1/2025","11/1/2025","10/2/2025","9/17/2025",,"Forwork Forbay Shaft Coverall","07299f3e-7a43-4bf6-b220-ea6e5c9a697f",,,"No","Meesam Rasool","Meesam Rasool",,"Best Commercial","1/31/2026","12/31/2025","12/1/2025","11/1/2025","10/2/2025","9/17/2025","30",,"No",,,,"Cancelled",,,,,"1/31/2026","5/21/2026 2:52 PM",,
"595d5828-9591-4ee7-a129-96989a5be904","A02180","228","11/28/2025","11/11/2025",,"11/3/2025","10/20/2025","10/16/2025","128,000",,"CCW","128,000",,,,"Yes",,,,,,,,"30","30","30","15","0","Yes","128,000",,"CCW/Shaft","Ian Butt","Ian Butt","11/8/2025","10/9/2025","9/9/2025","8/10/2025","7/26/2025",,"Mined Tunnel Rock bolts","1c5b3c4f-0eef-46eb-9082-cfba9a1a9f5e",,"4500725896","Yes","Meesam Rasool","Meesam Rasool",,"Best Commercial","12/8/2025","11/8/2025","10/9/2025","9/9/2025","8/10/2025","7/26/2025","30",,"No",,"DSI",,"Commodities Agreement",,,,,"12/8/2025","5/21/2026 2:52 PM",,
"e4d873c9-155c-451c-a401-113be313259a","A02180","199",,,,,,,,,"NI",,,,,"No",,,,,,,,"30","30","30","15","1",,,,"NI","Rubab Shahid","Rubab Shahid",,,,,,,"Anchor Rods Installation Scaffolding","51bb3652-687e-4842-8d28-8997e5b0bced",,,"No","Mahendra Don","Mahendra Don",,"Best Commercial",,,,,,,"30",,"No",,,,"Cancelled",,,,,,"5/21/2026 2:52 PM",,
"a3d6b1b6-3f4d-40fb-8abc-496557a879c2","A02180","254","7/11/2025","6/3/2025",,"4/23/2025","3/24/2025","2/28/2026","250,000",,"NI",,,,,"Yes",,,,,,,,"30","30","30","15","U71","Yes","250,000",,"NI","Maddison Wegner","Maddison Wegner","6/10/2025","5/11/2025","4/11/2025","3/12/2025","2/25/2025",,"Applus - DPSC Non-Destructive Examination - Mechanical","92e80ae9-0379-4867-86a4-bef1b103c6a9","Subcontractors","4700140595","No","Mahendra Don","Mahendra Don",,"NCA-4000","7/10/2025","6/10/2025","5/11/2025","4/11/2025","3/12/2025","2/25/2025","30",,"No",,"Applus",,"Construction Subcontract",,,,,"7/10/2025","5/21/2026 2:52 PM",,
"3afc2e46-bc0f-4065-82bc-2680bd2496d5","A02180","203","3/2/2026","12/25/2025",,"10/6/2025","9/19/2025","9/8/2025","334,350",,"CCW","622,000",,,,"No",,,,,,,,"30","30","30","15",,"Yes","334,350",,"CCW/Tunnel","Stephanie Shelley","Stephanie Shelley","7/10/2026","6/10/2026","5/11/2026","4/11/2026","3/27/2026",,"TBM Gantry Cradle","c7a31cf2-655f-407f-96c7-1947f8ef5385",,,"No","Meesam Rasool","Meesam Rasool",,"Best Commercial","8/10/2026","3/2/2026","12/25/2025","10/6/2025","9/19/2025","9/8/2025","30",,"No",,"Decast",,"Commodities Agreement",,,,,"8/10/2026","6/18/2026 12:47 PM",,"No bids received after the bid closed. Reached out to suppliers. Miller Precast will be working on proposal. Sent RFQ through AConex to Robbins and Decast on Oct 30"
"07273fe5-4927-4d6c-bf65-4036e31910db","A02180","196","11/25/2025","11/25/2025",,"11/10/2025","10/15/2025","10/13/2025","27,300",,"NI","32,500",,,,"Yes",,,,,,,,"30","30","30","15","0","Yes","27,300",,"Foundation","Luis Pardo","Luis Pardo","9/10/2025","8/11/2025","7/12/2025","6/12/2025","5/28/2025",,"Caissons - RebarCage Lift Plan","e1cc1e22-9388-4100-bd4b-fc4cca81778d",,"4500727410","Yes","Meesam Rasool","Meesam Rasool",,"Best Commercial","10/10/2025","9/10/2025","8/11/2025","7/12/2025","6/12/2025","5/28/2025","30",,"No",,"SMG Engineering Inc",,"Design Services",,,,,"10/10/2025","5/21/2026 2:52 PM",,
"29e2fb02-a78d-43b8-a7e5-07724b72e47b","A02180","177","11/25/2025","11/25/2025",,"11/25/2024","10/25/2025","10/8/2025","564,638.17",,"SE","564,638.17",,,,"No",,,,,,,,"30","30","30","15","0",,,,"Foundation","Kevin Dang","Kevin Dang","9/14/2025","8/15/2025","7/16/2025","6/16/2025","6/1/2025",,"ECA - Bauer & Liebherr","f1f94df2-0b18-4fcf-bcd0-d9947272a91b",,,"No","Meesam Rasool","Meesam Rasool",,"Best Commercial","10/14/2025","9/14/2025","8/15/2025","7/16/2025","6/16/2025","6/1/2025","30",,"No",,"ECA",,"Construction Subcontract",,,,,"10/14/2025","5/21/2026 2:52 PM",,
"455603e6-7fc1-45ce-adcc-3512e57ab160","A02180","222",,,,"10/27/2025","10/13/2025","10/6/2025",,,"CCW",,,,,"No",,,,,,,,"30","30","30","15","0",,,,"Concrete","Mohamed Said","Mohamed Said","1/1/2026","12/2/2025","11/2/2025","10/3/2025","9/18/2025",,"Formwork Forebay Shaft","01803e2a-1d95-482c-95c2-3a6dd52f1b8b",,,"No","Meesam Rasool","Meesam Rasool",,"Best Commercial","2/1/2026","1/1/2026","12/2/2025","11/2/2025","10/3/2025","9/18/2025","30",,"No",,,,"Cancelled",,,,,"2/1/2026","5/21/2026 2:53 PM",,
"97e98698-cff5-4e4b-927b-51ffe94fa985","A02180","140","2/10/2026","11/3/2025",,"10/27/2025","10/13/2025","10/3/2025","410,123.2",,"CCW-NI","0",,,,"Yes",,,,,,,,"30","30","30","15","0","Yes","410,123.2",,"CCW/Tunnel","Mohamed Radwan","Mohamed Radwan","2/9/2026","1/10/2026","12/11/2025","11/11/2025","10/27/2025",,"Shaft Elevator","bc72c777-f06c-46f7-b5ee-f879ce7e65a6","Construction Equipment","4700150041","No","Meesam Rasool","Meesam Rasool",,"Best Commercial","3/9/2026","2/9/2026","1/10/2026","12/11/2025","11/11/2025","10/27/2025","30",,"No",,"Fraco",,"Construction Subcontract",,,,,"3/9/2026","5/21/2026 2:53 PM",,
"d76cb0f3-0ffb-4733-be04-556df49d466d","A02180","-","4/16/2024","4/2/2024",,"4/1/2024","3/15/2024","1/16/2024","411,660",,"NI","411,660",,,,"Yes",,,,,,,,"30","30","30","15","U71","Yes","411,660",,"Industrial","Ian Pocock","Ian Pocock","6/30/2024","5/31/2024","5/1/2024","4/1/2024","3/17/2024",,"Backing bar bevelling maching","c5609cca-e6d1-454f-9622-22c5d76f1db0","Materials (Commodities)","4500628278","Yes","Quinn McLafferty","Quinn McLafferty",,"Best Commercial","7/31/2024","6/30/2024","5/31/2024","5/1/2024","4/1/2024","3/17/2024","30",,"No",,"Brennan Machinery",,"Commodities Agreement",,,,,"7/31/2024","5/21/2026 2:53 PM",,
"a97c92fd-6739-4be2-9a91-c9dbbed63e81","A02180","244","11/22/2025","10/23/2025",,"9/23/2025","8/24/2025","8/9/2025","250,000",,"NI",,,,,"Yes",,,,,,,,"30","30","30","15","1","Yes","250,000",,"NI","Binny Kochubaby","Binny Kochubaby","9/10/2025","8/11/2025","7/12/2025","6/12/2025","5/28/2025",,"Basemat NDE Services","3f949737-3e97-496a-a659-20d96250d5d6","Subcontractors","4700140595","Yes","Mahendra Don","Mahendra Don",,"NCA-4000","10/10/2025","9/10/2025","8/11/2025","7/12/2025","6/12/2025","5/28/2025","30",,"No",,"RTD Quality Services (Applus)",,"Construction Subcontract",,,,,"10/10/2025","5/21/2026 2:53 PM",,
"91887153-270d-4ca1-a69c-bfe4d30c8bef","A02180","180","2/10/2026","11/13/2025",,"11/6/2025","10/26/2025","7/2/2025","695,752",,"CCW","912,782.71",,,,"Yes",,,,,,,,"30","30","30","15","0",,,,"CCW/Tunnel","Stephanie Shelley","Stephanie Shelley","2/20/2026","1/21/2026","12/22/2025","11/22/2025","11/7/2025",,"TBM grease and oil","5f70bde0-23b9-427e-a19c-64954da607e6","Supplies (Construction Materials)","4500742588","No","Meesam Rasool","Meesam Rasool",,"Best Commercial","3/20/2026","2/20/2026","1/21/2026","12/22/2025","11/22/2025","11/7/2025","30",,"No",,"Condut",,"Commodities Agreement",,,,,"3/20/2026","5/21/2026 2:53 PM",,"Bids submitted. Next step -evaluation"
"4f361c70-4ac2-4d4b-b560-0e31aa6b5f1f","A02180","186","10/14/2025","10/19/2025",,"10/8/2025","8/18/2025","8/11/2025","211,229.5",,"CCW","80,000",,,,"Yes",,,,,,,,"30","30","30","15","0",,,,"CCW/Tunnel","Stephanie Shelley","Stephanie Shelley","10/27/2025","9/27/2025","8/28/2025","7/29/2025","7/14/2025",,"TBM Shield Welding","cdbf1c5c-4cbe-4fb9-96f0-02c06faf5a5f",,"4700148364","No","Meesam Rasool","Meesam Rasool",,"Best Commercial","11/27/2025","10/27/2025","9/27/2025","8/28/2025","7/29/2025","7/14/2025","30",,"No",,"Ram's Welding",,"Construction Subcontract",,,,,"11/27/2025","5/21/2026 2:53 PM",,"SS signed. New Appendix B submitted. Will need to review and if all info sufficien amend the contract and send to Ram"
"3d2310ed-513e-45ee-987c-5a47894280fd","A02180","182","8/18/2025","8/8/2025",,"6/4/2025","7/23/2025","7/21/2025","32,850",,"CI","50,000",,,,"No",,,,,,,,"30","30","30","15","-","Yes","32,850",,"Concrete","Mohamed Said","Mohamed Said","9/1/2024","8/2/2024","7/3/2024","6/3/2024","5/19/2024",,"Shotcrete Consulting and testing Service","deed0330-7397-4962-bbf4-27ff15a1de11",,"4700147639","No","Meesam Rasool","Meesam Rasool",,"Best Commercial","10/1/2024","9/1/2024","8/2/2024","7/3/2024","6/3/2024","5/19/2024","30",,"No",,"Zhang Engineering",,"Consulting Agreement",,,,,"10/1/2024","5/21/2026 2:53 PM",,
"e8bb861c-d4a4-4748-9ebf-bc23209a4816","A02180","135","11/17/2025","8/19/2025",,"8/12/2025","7/29/2025","7/15/2025","182,000",,"CCW","449,012",,,"35000","Yes",,,,,,,,"30","30","30","15","0","Yes","182,000",,"CCW/Tunnel","Ernesto Martinez","Ernesto Martinez","12/15/2025","11/15/2025","10/16/2025","9/16/2025","9/1/2025",,"Air Compressor on Surface","0f92668f-bb03-4d61-8fcb-fb62b68ffd81",,"4700146935","No","Meesam Rasool","Meesam Rasool",,"Best Commercial","1/15/2026","12/15/2025","11/15/2025","10/16/2025","9/16/2025","9/1/2025","30",,"No",,"GTA Compressor Solution",,"Construction Subcontract",,,,,"1/15/2026","5/21/2026 2:53 PM",,
"ad5b7ba4-f838-4154-bc97-56b215327f19","A02180","-",,,,,,,,,"CI",,,,,"No",,,,,,,,"30","30","30","15","1",,,,"CI","Jake Schieck","Jake Schieck",,,,,,,"Building Insulation","e2ba88d0-9600-4e1b-a67c-69faa9c63b5a",,,"No","Chris Saliba","Chris Saliba",,,,,,,,,"30",,"No",,,,"Cancelled",,,,,,"5/21/2026 2:53 PM",,
"2be9888e-17e9-4a16-8b05-ecf56f4c66f9","A02180","-",,,,,,,,,"CI",,,,,"No",,,,,,,,"30","30","30","15","1",,,,"CI","Hiten Patel","Hiten Patel",,,,,,,"Building Siding","5bd3d3a1-8098-4f97-b581-11ef545b47b4",,,"No","Chris Saliba","Chris Saliba",,,,,,,,,"30",,"No",,,,"Cancelled",,,,,,"5/21/2026 2:53 PM",,
"e7d4f149-5bca-4081-9d81-132ef76c6e48","A02180","181","8/11/2025","7/11/2025",,"7/11/2025","7/11/2025","7/10/2025","468,000",,"CI","468,000",,,,"Yes",,,,,,,,"30","30","30","15","-","Yes","468,000",,"CI","Babak Taleghani","Babak Taleghani","9/1/2024","8/2/2024","7/3/2024","6/3/2024","5/19/2024",,"Underground piping Supervisory","fefe772e-564c-4218-b300-1dcee44d929a",,"4700142104","No","Meesam Rasool","Meesam Rasool",,"Best Commercial","10/1/2024","9/1/2024","8/2/2024","7/3/2024","6/3/2024","5/19/2024","30",,"No",,"GF Fire Pro",,"Consulting Agreement",,,,,"10/1/2024","5/21/2026 2:53 PM",,
"4372b99b-9b8f-48fb-8371-371a339d5dc8","A02180","240","2/26/2026","2/26/2026",,"12/16/2025","2/12/2025","11/1/2025","118,812",,"CCW","250,000",,,,"No",,,,,,,,"30","30","30","15",,"Yes","118,812",,"CCW/Tunnel","Stephanie Shelley","Stephanie Shelley","3/1/2026","1/30/2026","12/31/2025","12/1/2025","11/16/2025",,"TBM Shield Scaffolding","d5264c33-865c-40a0-9b87-5f2761cce763","Supplies (Construction Materials)","4700152217","No","Meesam Rasool","Meesam Rasool",,"Best Commercial","4/1/2026","2/26/2026","2/26/2026","12/16/2025","2/12/2025","11/1/2025","30",,"No",,"Aluma",,"Construction Subcontract",,,,,"4/1/2026","6/18/2026 9:08 AM",,"Waiting for the SoW and new RAS date"
"dae838b9-f9e4-499b-889a-448633bb8c79","A02180","97","8/22/2024","8/22/2024",,"8/12/2024","8/12/2024","8/12/2024","44,000",,"CCW","44,000",,,,"Yes",,,,,"Yes","44,000",,"30","30","30","15","0","Yes","44,000",,"CCW/Shaft","Ian Butt","Ian Butt","7/19/2024","6/19/2024","5/20/2024","4/20/2024","4/5/2024",,"Bio-Assessment","d6c4d482-692d-4dd7-bfe8-bddb7496a071","Subcontractors","4700124020","No","Valentina Kukharchuk","Valentina Kukharchuk",,"Best Commercial","8/19/2024","7/19/2024","6/19/2024","5/20/2024","4/20/2024","4/5/2024","30",,"No",,"Dean",,"Construction Subcontract",,,,,"8/19/2024","5/21/2026 2:53 PM",,
"61028120-4e84-4c0b-94aa-f034757bf091","A02180","-",,,,,,,,,"CI",,,,,"No",,,,,,,,"30","30","30","15","1",,,,"CI","Hiten Patel","Hiten Patel","2/11/2025","1/12/2025","12/13/2024","11/13/2024","10/29/2024",,"Caissons - permenant deep foundations","e0fe7265-2107-40b3-958d-eb4cbb86704d",,,"No","Quinn McLafferty","Quinn McLafferty",,,"3/11/2025","2/11/2025","1/12/2025","12/13/2024","11/13/2024","10/29/2024","30",,"No",,,,"Cancelled",,,,,"3/11/2025","5/21/2026 2:53 PM",,
"c4acea4a-8992-40ac-9c35-5ab122e2faf3","A02180","166","7/22/2025","7/15/2025",,"7/7/2025","6/23/2025","6/12/2025","123,700",,"CCW","123,700",,,,"Yes",,,,,,,,"30","30","30","15","0","Yes","123,700",,"General","Aditya Shinde","Aditya Shinde","7/1/2025","6/1/2025","5/2/2025","4/2/2025","3/18/2025",,"Concrete Pumping","bf7e8666-419e-4a41-9955-4a6930195f65",,"4700135437","No","Meesam Rasool","Meesam Rasool",,"Best Commercial","8/1/2025","7/1/2025","6/1/2025","5/2/2025","4/2/2025","3/18/2025","30",,"No",,"Amherst",,"Construction Subcontract",,,,,"8/1/2025","5/21/2026 2:53 PM",,
"47cfa78c-55ed-4fd1-903e-30fa1ebb8555","A02180","202",,,,,,,,,"NI",,,,,"No",,,,,,,,"30","30","30","15",,,,,"NI","Rubab Shahid","Rubab Shahid",,,,,,,"Cantilever Slab Falsework","8308a703-39d6-4979-b779-ae0d403e86eb",,,"Yes",,"0",,"Best Commercial",,,,,,,"30",,"No",,,,"Construction Subcontract",,,,,,"6/17/2026 3:03 PM",,
"4cb010aa-89da-4386-891a-c2929ce998ee","A02180","91","5/28/2025","1/10/2025",,"3/17/2025","7/4/2024","5/7/2025","165,707.84",,"CCW-NI","350,000",,,,"Yes",,,,,,,,"30","30","30","15","0","Yes","165,707.84",,"CCW/Shaft","Ian Butt","Ian Butt","5/1/2025","4/1/2025","3/2/2025","1/31/2025","1/16/2025",,"Rockbolt","ea60efc1-a94e-490b-81f0-f287f2b620c6","Supplies (Construction Materials)","4700142196","Yes","Meesam Rasool","Meesam Rasool",,"Best Commercial","6/1/2025","5/1/2025","4/1/2025","3/2/2025","1/31/2025","1/16/2025","30",,"No",,"DSI",,"Commodities Agreement",,,,,"6/1/2025","5/21/2026 2:53 PM",,"ON HOLD before issuing PO"
"287f0e6c-6e04-4674-bf7a-34216256abef","A02180","-",,,,,,,,,"CI",,,,,"No",,,,,,,,"30","30","30","15","U72",,,,"CI","Hiten Patel","Hiten Patel","5/1/2024","4/1/2024","3/2/2024","2/1/2024","1/17/2024",,"Cassion, Rebar and Concrete","1b4f0098-9342-485c-b91e-7422f9a738f7",,,"No","Quinn McLafferty","Quinn McLafferty",,,"6/1/2024","5/1/2024","4/1/2024","3/2/2024","2/1/2024","1/17/2024","30",,"No",,,,"Cancelled",,,,,"6/1/2024","5/21/2026 2:53 PM",,
"e7bee3a6-e006-4e9e-92e3-8edfcdf94cae","A02180","61","8/12/2024","7/30/2024",,"7/17/2024","6/25/2024","6/25/2024","416,737",,"SE","705,000",,,,"Yes",,,,,,,,"30","30","30","15","0","Yes","416,737",,"SE/Buildings","Geoff Field","Geoff Field","9/1/2024","8/2/2024","7/3/2024","6/3/2024","5/19/2024",,"Roofing ( Fab Shop)","61b77452-bdd4-445c-b6e3-ee93e2e841ec","Materials (Commodities)","4700133531","No","Meesam Rasool","Meesam Rasool",,"Best Commercial","10/1/2024","9/1/2024","8/2/2024","7/3/2024","6/3/2024","5/19/2024","30",,"No",,"Triumph",,"Construction Subcontract",,,,,"10/1/2024","5/21/2026 2:53 PM",,
"582a5f25-3c88-4ada-a4c9-0bfbc4238dd0","A02180","154",,,,,"5/15/2025","4/16/2025",,,"CI",,,,,"No",,,,,,,,"30","30","30","15","U43",,,,"CI","Babak Taleghani","Babak Taleghani","2/25/2026","1/26/2026","12/27/2025","11/27/2025","11/12/2025",,"Fire Supression System Underground","38398a1d-12d1-4dbb-98eb-f5bf8ad2494a",,,"No","Meesam Rasool","Meesam Rasool",,"Best Commercial","3/25/2026","2/25/2026","1/26/2026","12/27/2025","11/27/2025","11/12/2025","30",,"No",,"A6N",,"On Hold",,,,,"3/25/2026","5/21/2026 2:53 PM",,
"c65dd59d-f48b-4319-b810-621946a9dda2","A02180","142","7/15/2025","6/17/2025",,"5/17/2025","5/1/2025","4/8/2025","215,250",,"SE","215,250",,,,"Yes",,,,,,,,"30","30","30","15","0","Yes","215,250",,"General","Aditya Shinde","Aditya Shinde","2/13/2025","1/14/2025","12/15/2024","11/15/2024","10/31/2024",,"Aggregates","fb816717-a0e6-43fa-9f0f-e8446a252aa2",,"4700147352","No","Meesam Rasool","Meesam Rasool",,"Best Commercial","3/13/2025","2/13/2025","1/14/2025","12/15/2024","11/15/2024","10/31/2024","30",,"No",,"CBM",,"Construction Subcontract",,,,,"3/13/2025","5/21/2026 2:53 PM",,
"8e2fedb7-9378-47a7-a42f-bfcb5fcffae2","A02180","-",,,,,,,,,"CI",,,,,"No",,,,,,,,"30","30","30","15","1",,,,"CI","Jake Schieck","Jake Schieck",,,,,,,"Compaction testing","f23493b4-f03b-4f85-bb4c-38cd51b85edf",,,"No","Ziba Sattari","Ziba Sattari",,"Best Commercial",,,,,,,"30",,"No",,,,"Construction Subcontract",,,,,,"5/21/2026 2:53 PM",,
"aae3ea67-0a8a-4715-a882-173a0d108f80","A02180","49","5/8/2025","5/16/2025",,"4/16/2025","4/16/2025","3/24/2025","51,000",,"CCW-NI","120,450",,,,"Yes",,,,,,,,"30","30","30","15","0","Yes","51,000",,"CCW/Shaft","Ian Butt","Ian Butt","4/1/2025","3/2/2025","1/31/2025","1/1/2025","12/17/2024",,"Pre Blast Survey","9ece4135-9475-4352-a9d8-5a6a82d31e68","Subcontractors","4700120027","Yes","Meesam Rasool","Meesam Rasool",,"Best Commercial","5/1/2025","4/1/2025","3/2/2025","1/31/2025","1/1/2025","12/17/2024","30",,"No",,"WSP",,"Construction Subcontract",,,,,"5/1/2025","5/21/2026 2:53 PM",,"To include in WSP (drill and blast consultant) agreement"
"c2d8443d-483e-4415-ae0c-d898c3e955ef","A02180","-",,,,,,,,,"CI",,,,,"No",,,,,,,,"30","30","30","15","1",,,,"CI","Hiten Patel","Hiten Patel","5/24/2025","4/24/2025","3/25/2025","2/23/2025","2/8/2025",,"Concrete and Formwork","5bbe911e-8aa1-4b33-8753-dc2a0999d862",,,"No","Quinn McLafferty","Quinn McLafferty",,,"6/24/2025","5/24/2025","4/24/2025","3/25/2025","2/23/2025","2/8/2025","30",,"No",,,,"Cancelled",,,,,"6/24/2025","5/21/2026 2:53 PM",,
"24f40b1a-1a4e-4606-98b7-1416f0ce75d8","A02180","137","9/8/2025","9/8/2025",,"5/9/2025","4/17/2025","3/20/2025","429,400",,"CCW","707,250",,,,"No",,,,,,,,"30","30","30","15","0",,,,"CCW/Tunnel","Stephanie Shelley","Stephanie Shelley","12/15/2025","11/15/2025","10/16/2025","9/16/2025","9/1/2025",,"TBM cutting tools","0773fefd-8c6a-4bca-ac62-1b80fdfb28de","Construction Equipment","4500727973","No","Meesam Rasool","Meesam Rasool",,"Best Commercial","1/15/2026","12/15/2025","11/15/2025","10/16/2025","9/16/2025","9/1/2025","30",,"No",,"Herrenknecht",,"Commodities Agreement",,,,,"1/15/2026","5/21/2026 2:53 PM",,
"fca7c399-c1e0-46c6-99cd-c2edb410c495","A02180","117","5/14/2025","4/15/2025",,"2/25/2025","2/10/2025","3/20/2025","56,500",,"CCW","56,500",,,,"Yes",,,,,,,,"30","30","30","15","0",,,,"CCW/Shaft","Ian Butt","Ian Butt","12/15/2024","11/15/2024","10/16/2024","9/16/2024","9/1/2024",,"Injection","327d3dfa-701a-4aaa-b299-ce5a0410a1b9","Subcontractors","4700138539","No","Meesam Rasool","Meesam Rasool",,"Best Commercial","1/15/2025","12/15/2024","11/15/2024","10/16/2024","9/16/2024","9/1/2024","30",,"No",,"MultiUrethanes",,"Construction Subcontract",,,,,"1/15/2025","5/21/2026 2:53 PM",,
"96127538-73cf-444f-8892-dd6b4b1a4557","A02180","70","9/13/2024","9/5/2024",,"7/19/2024","6/29/2024","6/19/2024","116,850",,"SE","276,900",,,,"Yes",,,,,,,,"30","30","30","15","0","Yes","116,850",,"SE/Buildings","Lolu Oyewole-Eletu","Lolu Oyewole-Eletu","9/1/2024","8/2/2024","7/3/2024","6/3/2024","5/19/2024",,"Fire protection ( Fab Shop) - Sprinklers","a93ccd04-8a60-414e-9783-079b23d1b162","Plant Equipment","4700134737","No","Meesam Rasool","Meesam Rasool",,"Best Commercial","10/1/2024","9/1/2024","8/2/2024","7/3/2024","6/3/2024","5/19/2024","30",,"No",,"Classic Fire Life Safety",,"Construction Subcontract",,,,,"10/1/2024","5/21/2026 2:53 PM",,"Contract sent. T&C to be discussed"
"738855e6-cf6d-4827-8d17-9e7806fd3967","A02180","68","9/12/2024","8/19/2024",,"7/19/2024","6/17/2024","6/15/2024","1,721,795",,"SE","1,842,450",,,,"Yes",,,,,,,,"30","30","30","15","0","Yes","1,721,795",,"SE/Buildings","Lolu Oyewole-Eletu","Lolu Oyewole-Eletu","9/1/2024","8/2/2024","7/3/2024","6/3/2024","5/19/2024",,"Mechanical ( Fab Shop)","76f77567-c9a3-4860-a217-99ab9a3798f2","Materials (Commodities)","4700133514","No","Meesam Rasool","Meesam Rasool",,"Best Commercial","10/1/2024","9/1/2024","8/2/2024","7/3/2024","6/3/2024","5/19/2024","30",,"No",,"Modern Niagara",,"Construction Subcontract",,,,,"10/1/2024","5/21/2026 2:53 PM",,
"1c659108-aada-48d8-b8bf-aecc5c172a51","A02180","69","9/5/2024","8/19/2024",,"7/19/2024","6/17/2024","6/15/2024","1,714,835",,"SE","2,052,000",,,,"Yes",,,,,,,,"30","30","30","15","0","Yes","1,714,835",,"SE/Buildings","Lolu Oyewole-Eletu","Lolu Oyewole-Eletu","9/1/2024","8/2/2024","7/3/2024","6/3/2024","5/19/2024",,"Electrical ( Fab Shop)","5e543948-76a6-4072-be99-22cc9f9d536d","Materials (Commodities)","4700133994","No","Meesam Rasool","Meesam Rasool",,"Best Commercial","10/1/2024","9/1/2024","8/2/2024","7/3/2024","6/3/2024","5/19/2024","30",,"No",,"Fortis Electric",,"Construction Subcontract",,,,,"10/1/2024","5/21/2026 2:53 PM",,
"e6f8d064-2205-49f2-8f8e-55e1060506e8","A02180","128","2/24/2025","2/20/2025",,"2/18/2025","2/14/2025","2/14/2025","4,300",,"CCW-NI","0",,,,"Yes",,,,,,,,"30","30","30","15","0","Yes","4,300",,"CCW/Shaft","Ian Butt","Ian Butt","5/14/2025","4/14/2025","3/15/2025","2/13/2025","1/29/2025",,"Concrete Cutting","c793f17a-64bd-4512-b871-0b3974565236","Subcontractors","4700135433","No","Valentina Kukharchuk","Valentina Kukharchuk",,"Best Commercial","6/14/2025","5/14/2025","4/14/2025","3/15/2025","2/13/2025","1/29/2025","30",,"No",,"Canadian Cutting and coring Toronto Limited",,"Construction Subcontract",,,,,"6/14/2025","5/21/2026 2:53 PM",,
"603d4527-2a1f-476f-b492-e3cbaae31011","A02180","-","12/5/2025","3/27/2025",,"2/25/2025","1/26/2002","1/11/2025","255,003",,"CI","255,003",,,,"Yes",,,,,,,,"30","30","30","15","1","Yes","255,003",,"CI","Daman Grewal","Daman Grewal","4/26/2025","3/27/2025","2/25/2025","1/26/2025","1/11/2025",,"Concrete Pumping","8e6f4d11-5146-42f9-aed0-fde4f3c2a48c","Subcontractors","4700147049","No","Krutika Patel","Krutika Patel",,"Best Commercial","5/26/2025","4/26/2025","3/27/2025","2/25/2025","1/26/2025","1/11/2025","30",,"No",,"Amherst Concrete Pumping",,"Construction Subcontract",,,,,"5/26/2025","5/21/2026 2:53 PM",,
"b64482e2-af2b-4ecb-8b5a-3e92401c1673","A02180","62","10/8/2024","9/6/2024",,"6/26/2024","6/12/2024","6/5/2024","19,000",,"SE","19,000",,,,"Yes",,,,,,,,"30","30","30","15","0","Yes","19,000",,"SE/Buildings","Geoff Field","Geoff Field","9/1/2024","8/2/2024","7/3/2024","6/3/2024","5/19/2024",,"Spray Fireproofing (Fab Shop)","7ad9e8f3-250f-4f7b-9029-798d79e8c6ba","Materials (Commodities)","4700134949","No","Meesam Rasool","Meesam Rasool",,"Best Commercial","10/1/2024","9/1/2024","8/2/2024","7/3/2024","6/3/2024","5/19/2024","30",,"No",,"NexLevel",,"Construction Subcontract",,,,,"10/1/2024","5/21/2026 2:53 PM",,
"d29ecc03-e014-4e49-976e-825a78e97573","A02180","82","2/25/2025","8/26/2024",,"7/23/2024","7/9/2024","5/30/2024","53,205",,"SE","62,345",,,,"Yes",,,,,,,,"30","30","30","15","0","Yes","53,205",,"SE/Buildings","Frank Gou","Frank Gou","6/1/2025","5/2/2025","4/2/2025","3/3/2025","2/16/2025",,"Painting Fab","6fc6cf86-93c9-41b8-8165-a3152025a48d","Subcontractors","4700139324","No","Meesam Rasool","Meesam Rasool",,"Best Commercial","7/1/2025","6/1/2025","5/2/2025","4/2/2025","3/3/2025","2/16/2025","30",,"No",,"Paintology",,"Construction Subcontract",,,,,"7/1/2025","5/21/2026 2:53 PM",,"Issue the contract"
"18180990-d918-413d-932d-0b01a3d1bdec","A02180","63","10/11/2024","7/25/2024",,"6/20/2024","5/30/2024","5/28/2024","46,000",,"SE","39,847",,,,"Yes",,,,,,,,"30","30","30","15","0","Yes","46,000",,"SE/Buildings","Geoff Field","Geoff Field","12/1/2024","11/1/2024","10/2/2024","9/2/2024","8/18/2024",,"Concrete Unit Masonry","c8ff8d91-85d9-4f91-a9fb-f832a470c012","Supplies (Construction Materials)","4700138539","No","Meesam Rasool","Meesam Rasool",,"Best Commercial","1/1/2025","12/1/2024","11/1/2024","10/2/2024","9/2/2024","8/18/2024","30",,"No",,"Limen",,"Construction Subcontract",,,,,"1/1/2025","5/21/2026 2:53 PM",,
"763db139-3b10-46c3-b764-fccf426c0711","A02180","42","5/3/2024","2/10/2024",,"2/1/2024","1/2/2024","12/1/2024","13,439,280",,"SE","13,439,280",,,,"Yes",,,,,,,,"30","30","30","15","0","Yes","13,439,280",,"General","Xavier Nettancourt","Xavier Nettancourt","2/20/2024","1/21/2024","12/22/2023","11/22/2023","11/7/2023",,"Concrete Supply","1949fa5f-d88f-4223-8c65-9f29f0b32d69","Materials (Commodities)","4700121851","No","Dan Martin","Dan Martin",,"Best Commercial","3/20/2024","2/20/2024","1/21/2024","12/22/2023","11/22/2023","11/7/2023","30",,"No",,"CBM",,"Commodities Agreement",,,,,"3/20/2024","5/21/2026 2:53 PM",,
"09b0b972-acf6-4cb5-84ed-5300f900b1cc","A02180","116","2/11/2025","2/10/2025",,"1/17/2025","1/10/2025","12/20/2024","166,250",,"NI","166,250",,,,"Yes",,,,,,,,"30","30","30","15","0","Yes","166,250",,"CCW/Shaft","Ian Butt","Ian Butt","12/20/2024","11/20/2024","10/21/2024","9/21/2024","9/6/2024",,"Plate Load Testing and Block Sample Collection","98c1a6a9-4cad-405c-8a4e-c17491497318","Subcontractors","4700134598","No","Diogo Mello","Diogo Mello",,"Best Commercial","1/20/2025","12/20/2024","11/20/2024","10/21/2024","9/21/2024","9/6/2024","30",,"No",,"Subsurface",,"Construction Subcontract",,,,,"1/20/2025","5/21/2026 2:53 PM",,
"15c922ce-a531-456e-b668-3ec37ece3c5a","A02180","30","7/2/2024","6/27/2024",,"2/29/2024","4/22/2024","4/22/2024","133,771",,"SE","157,927.57",,,,"Yes",,,,,,,,"30","30","30","15","0","Yes","133,771",,"SE/Buildings","Lolu Oyewole-Eletu","Lolu Oyewole-Eletu","4/1/2024","3/2/2024","2/1/2024","1/2/2024","12/18/2023",,"Underground Mechanical/ Electrical (Fab Shop)","6c993a31-ff36-4c01-a2a5-8304ddf509c1","Plant Equipment","4700133514","No","Meesam Rasool","Meesam Rasool",,"Best Commercial","5/1/2024","4/1/2024","3/2/2024","2/1/2024","1/2/2024","12/18/2023","30",,"No",,"Modern Niagara",,"Construction Subcontract",,,,,"5/1/2024","5/21/2026 2:53 PM",,
"8ef1d6d2-e413-449e-9d21-4a446728a4b0","A02180","39","9/9/2024","8/7/2024",,"4/9/2024","4/9/2024","4/9/2024","481,025",,"SE","137,916",,,,"Yes",,,,,,,,"30","30","30","15","0","Yes","481,025",,"SE/Buildings","Lolu Oyewole-Eletu","Lolu Oyewole-Eletu","11/30/2024","10/31/2024","10/1/2024","9/1/2024","8/17/2024",,"Overhead Coiling Doors (Fab & WH)","d11a4939-d416-40bc-a106-9aff8f7350fa","Materials (Commodities)","4700134859","No","Meesam Rasool","Meesam Rasool",,"Best Commercial","12/31/2024","11/30/2024","10/31/2024","10/1/2024","9/1/2024","8/17/2024","30",,"No",,"Northern Docks",,"Construction Subcontract",,,,,"12/31/2024","5/21/2026 2:53 PM",,"Working on Solesource"
"4516d309-042d-4a1f-9500-0fb3d56e2e71","A02180","46","8/19/2024","8/16/2024",,"6/30/2024","3/28/2024","3/27/2024","310,172",,"CCW","930,060",,,,"Yes",,,,,,,,"30","30","30","15","0","Yes","310,172",,"SE/Buildings","Lolu Oyewole-Eletu","Lolu Oyewole-Eletu","11/1/2024","10/2/2024","9/2/2024","8/3/2024","7/19/2024",,"Fabrication Building Welding Filtration System","8cddef19-05ab-4da3-8ef3-ddd178bd0f7f","Plant Equipment","4700138864","No","Meesam Rasool","Meesam Rasool",,"Best Commercial","12/1/2024","11/1/2024","10/2/2024","9/2/2024","8/3/2024","7/19/2024","30",,"No",,"Nederman",,"Construction Subcontract",,,,,"12/1/2024","5/21/2026 2:53 PM",,
"336fb00b-fcc1-4be4-bf7f-d7bb314b1b55","A02180","162","4/21/2025","5/27/2034",,"4/25/2025","4/22/2025","4/21/2025","50,000",,"NI","50,000",,,,"Yes",,,,,,,,"30","30","30","15","1",,,,"NI","Dean James","Dean James","4/21/2025","3/22/2025","2/20/2025","1/21/2025","1/6/2025",,"Control & Service Buildings Concrete Testing","4e096839-3c23-42f7-b9ea-c016e1ae5209","Subcontractors","4700137073","No","Mahendra Don","Mahendra Don",,"N299-3","5/21/2025","4/21/2025","3/22/2025","2/20/2025","1/21/2025","1/6/2025","30",,"No",,"GIP Construction Engineering Corp",,"Construction Subcontract",,,,,"5/21/2025","5/21/2026 2:53 PM",,
"03822151-fe71-4368-bf9c-629ecad67531","A02180","-",,,,,,,,,"NI","0",,,,"No",,,,,,,,"30","30","30","15","U73",,,,"NI","Tanzeel Ahmed","Tanzeel Ahmed","7/8/2025","6/8/2025","5/9/2025","4/9/2025","3/25/2025",,"Control Bldg Steel Structure","0f6ae0a8-a2a5-4cb0-80a8-a045004b72b5","Subcontractors",,"No","Chris Saliba","Chris Saliba",,,"8/8/2025","7/8/2025","6/8/2025","5/9/2025","4/9/2025","3/25/2025","30",,"No",,,,"Cancelled",,,,,"8/8/2025","5/21/2026 2:53 PM",,
"8d09a7f4-f2a8-4621-82b0-81e7dca99fa3","A02180","129","2/18/2025","1/31/2025",,"1/20/2025","1/13/2025","12/29/2024","333,350",,"NI","568,999",,,,"Yes",,,,,"Yes","333,350",,"30","30","30","15","U73","Yes","333,350",,"NI","Tanzeel Ahmed","Tanzeel Ahmed","2/25/2025","1/26/2025","12/27/2024","11/27/2024","11/12/2024",,"Control Building Rebar (Caisson Supply)","7f609696-9634-47ad-bb5e-d057ba664bb7","Materials (Commodities)","4300006594","No","Mahendra Don","Mahendra Don",,"Best Commercial","3/25/2025","2/25/2025","1/26/2025","12/27/2024","11/27/2024","11/12/2024","30",,"No",,"Salit Steel",,"Commodities Agreement",,,,,"3/25/2025","5/21/2026 2:53 PM",,
"f7770292-c376-4545-8941-77b7018d2e84","A02180","54","5/15/2024","4/26/2024",,"4/11/2024","3/26/2024","3/26/2024","70,000",,"CCW","70,000",,,,"Yes",,,,,,,,"30","30","30","15","0","Yes","70,000",,"SE/Buildings","Geoff Field","Geoff Field","10/1/2024","9/1/2024","8/2/2024","7/3/2024","6/18/2024",,"Roof Anchors","f2e7631b-a308-4003-9f6d-e38929857544","Supplies (Construction Materials)","4700136970","No","Meesam Rasool","Meesam Rasool",,"Best Commercial","11/1/2024","10/1/2024","9/1/2024","8/2/2024","7/3/2024","6/18/2024","30",,"No",,"Probel",,"Construction Subcontract",,,,,"11/1/2024","5/21/2026 2:53 PM",,
"25f47d43-48a0-451c-a941-487b4a9c3260","A02180","111","6/6/2025","5/28/2025",,"2/28/2025","1/1/2025","10/31/2024","62,479,341.11",,"CCW","61,877,733",,,,"Yes",,,,,,,,"30","30","30","15","0","Yes","62,479,341.11",,"CCW/Marine","Anzor Barsik","Anzor Barsik","5/1/2025","4/1/2025","3/2/2025","1/31/2025","1/16/2025",,"Marine Works Part 2 (2025 phase)","72f97975-a273-4bad-9913-da5241e5745d","Subcontractors","4700139420","Yes","Diogo Mello","Diogo Mello",,"ISO 9001:2015","6/1/2025","5/1/2025","4/1/2025","3/2/2025","1/31/2025","1/16/2025","30",,"No",,"Dean",,"Construction Subcontract",,,,,"6/1/2025","5/21/2026 2:53 PM",,
"5b56e139-188f-44e3-8e17-dc714d19ada5","A02180","110","3/27/2025","12/5/2024",,"11/14/2024","11/4/2024","10/28/2024","139,132",,"CCW","139,132",,,,"Yes",,,,,,,,"30","30","30","15","0","Yes","139,132",,"EHS","Sanjeet Dadhwal","Sanjeet Dadhwal","10/18/2024","9/18/2024","8/19/2024","7/20/2024","7/5/2024",,"Noise and Vibration Consultant","343e696f-8669-4e13-b00a-979b3525f058","Subcontractors","4700139981","No","Diogo Mello","Diogo Mello",,"Best Commercial","11/18/2024","10/18/2024","9/18/2024","8/19/2024","7/20/2024","7/5/2024","30",,"No",,"Soft dB",,"Construction Subcontract",,,,,"11/18/2024","5/21/2026 2:53 PM",,
"64110131-adcc-4d2d-9a4f-bb9e3d9a06a3","A02180","13","12/24/2024","12/23/2024",,"11/12/2024","9/19/2024","9/15/2024","38,327,468",,"SE","42,592,593",,,,"Yes",,,,,"Yes","38,327,468",,"30","30","30","15","0","Yes","38,327,468",,"SE/Buildings","George Kelly","George Kelly","12/30/2024","11/30/2024","10/31/2024","10/1/2024","9/16/2024",,"Admin Buildings GC","dc1adc16-c3e0-4710-b6a8-6ad8370c1014","Subcontractors","4700134315","No","Dan Martin","Dan Martin",,"Best Commercial","1/30/2025","12/30/2024","11/30/2024","10/31/2024","10/1/2024","9/16/2024","30",,"No",,"Gillam Construction",,"Construction Subcontract",,,,,"1/30/2025","5/21/2026 2:53 PM",,
"a82b62fa-7540-4b10-85cf-b966cade4766","A02180","29","2/27/2024","2/2/2024",,"2/2/2024","1/12/2024","1/12/2024","0",,"SE","0",,,,"Yes",,,,,,,,"30","30","30","15","0",,,,"SE/Buildings","Frank Gou","Frank Gou","3/1/2024","1/31/2024","1/1/2024","12/2/2023","11/17/2023",,"Formwork (Fab Shop & WH)","d08652b1-66c5-4157-b3d8-e31edf91244d","Subcontractors","0","No","Meesam Rasool","Meesam Rasool",,"Best Commercial","4/1/2024","3/1/2024","1/31/2024","1/1/2024","12/2/2023","11/17/2023","30",,"No",,"Selfperform",,"Self Perform",,,,,"4/1/2024","5/21/2026 2:53 PM",,"Decided on Feb 27 to Self Perform"
"e17ee667-fa1a-40d1-a4d8-7c3a9bff28bb","A02180","73","10/10/2024","9/13/2024",,"9/13/2024","9/13/2024","9/13/2024","14,247,424",,"SE","11,016,000",,,,"Yes",,,,,"Yes","14,247,424",,"30","30","30","15","0","Yes","14,247,424",,"General","Yuri Andrade","Yuri Andrade","5/1/2024","4/1/2024","3/2/2024","2/1/2024","1/17/2024",,"Utility Corridor","cc701db4-d209-40bf-83cf-108fb7dd93fb","Subcontractors","4700131709","No","Diogo Mello","Diogo Mello",,"Best Commercial","6/1/2024","5/1/2024","4/1/2024","3/2/2024","2/1/2024","1/17/2024","30",,"No",,"A6N",,"Construction Subcontract",,,,,"6/1/2024","5/21/2026 2:53 PM",,
"c1afa4ab-73d2-4472-9beb-ff2bfdfc4272","A02180","259","3/3/2026","2/28/2026",,"2/24/2026","2/13/2026","2/13/2026","24,330.66",,"CCW","100,000",,,,"Yes",,,,,,,,"30","30","30","15","0",,,,"CCW","Ali Aboutaleb","Ali Aboutaleb","3/1/2026","1/30/2026","12/31/2025","12/1/2025","11/16/2025",,"N71 Â– Welding Inspection","91c03c62-0916-4f0d-b3d1-384b647bd6d1",,"4700150542","No","Diogo Mello","Diogo Mello",,"Best Commercial","4/1/2026","3/1/2026","1/30/2026","12/31/2025","12/1/2025","11/16/2025","30",,"No",,"Nucleom",,"Construction Subcontract",,,,,"4/1/2026","5/21/2026 2:53 PM",,
"5594fe63-b150-4ad3-b7d9-c5c84ba40969","A02180","99","10/25/2024","10/25/2024",,"9/12/2024","9/5/2024","9/5/2024","338,093.5",,"CCW","338,093.5",,,,"Yes",,,,,,,,"30","30","30","15","0","Yes","338,093.5",,"General","Aditya Shinde","Aditya Shinde","8/7/2024","7/8/2024","6/8/2024","5/9/2024","4/24/2024",,"CCW Paving","d5ddf80f-0868-4fa4-a72e-be32a511f205","Subcontractors","4700130888","No","Diogo Mello","Diogo Mello",,"Best Commercial","9/7/2024","8/7/2024","7/8/2024","6/8/2024","5/9/2024","4/24/2024","30",,"No",,"C Valley",,"Construction Subcontract",,,,,"9/7/2024","5/21/2026 2:53 PM",,
"06551d85-c53c-4c61-9db1-ff02dd934ee0","A02180","195","8/15/2025","4/27/2025",,"4/25/2025","4/20/2025","4/5/2025","89,600",,"NI","89,600",,,,"Yes",,,,,,,,"30","30","30","15","1",,,,"NI","Maddison Wegner","Maddison Wegner","7/18/2025","6/18/2025","5/19/2025","4/19/2025","4/4/2025",,"DPSC Basemat - DOKA Engineering Training Service","dd886048-3cd5-48d5-8780-f2c0a30910ca","Subcontractors","4700142227","No","Mahendra Don","Mahendra Don",,"Best Commercial","8/18/2025","7/18/2025","6/18/2025","5/19/2025","4/19/2025","4/4/2025","30",,"No",,"Doka Canada Ltd",,"Construction Subcontract",,,,,"8/18/2025","5/21/2026 2:53 PM",,
"95929ff2-5a4d-4735-afdd-3dee61aa5cdb","A02180","-","7/5/2024","6/30/2024",,"6/30/2024","6/26/2024","4/20/2024","1,814,782.4",,"NI","1,858,383",,,,"Yes",,,,,,,,"30","30","30","15","U71","Yes","1,814,782.4",,"Industrial","Ian Pocock","Ian Pocock","9/25/2024","8/26/2024","7/27/2024","6/27/2024","6/12/2024",,"DPSC Basemat Plate Material - Non-SCCV","700f51e5-f950-41c8-b8c6-3d5e2d35d561","Materials (Commodities)","4300006246","Yes","Quinn McLafferty","Quinn McLafferty",,"N299-3","10/25/2024","9/25/2024","8/26/2024","7/27/2024","6/27/2024","6/12/2024","30",,"No",,"Algoma Steel",,"Commodities Agreement",,,,,"10/25/2024","5/21/2026 2:53 PM",,"SCCV and Non-SCCV $3,716,766"
"91c04fe9-2ad3-40cc-a507-1468038caf5a","A02180","-","4/29/2024","4/5/2024",,"4/4/2024","3/28/2024","3/21/2024","1,872,987.95",,"NI","1,858,383",,,,"Yes",,,,,,,,"30","30","30","15","U71",,,,"Industrial","Ian Pocock","Ian Pocock","9/25/2024","8/26/2024","7/27/2024","6/27/2024","6/12/2024",,"DPSC Basemat Plate Material - SCCV (ASME III)","f3c57b5b-e316-4dbb-9f32-7dc90529631b","Materials (Commodities)","4300006149","Yes","Quinn McLafferty","Quinn McLafferty",,"NCA-4000","10/25/2024","9/25/2024","8/26/2024","7/27/2024","6/27/2024","6/12/2024","30",,"No",,"TW Metals - Nuclear",,"Commodities Agreement",,,,,"10/25/2024","5/21/2026 2:53 PM",,"SCCV and Non-SCCV $3,716,766"
"d7ab7ffa-1aee-46b3-9786-279fb14022c1","A02180","235",,,,,,,,,"NI",,,,,"No",,,,,,,,"30","30","30","15","U71",,,,"NI","Thomas Pailloux","Thomas Pailloux","11/15/2025","10/16/2025","9/16/2025","8/17/2025","8/2/2025",,"DPSC Constructabilty Consultant (Davie)","256451ce-cf2c-4dfd-8aaa-0a4fa609da07",,,"Yes","Quinn McLafferty","Quinn McLafferty",,"Best Commercial","12/15/2025","11/15/2025","10/16/2025","9/16/2025","8/17/2025","8/2/2025","30",,"No",,,,"Cancelled",,,,,"12/15/2025","5/21/2026 2:53 PM",,
"56081037-2e0f-46fd-9146-3cad2515868a","A02180","194","10/7/2025","8/8/2025",,"8/6/2025","8/14/2025","7/15/2025","14,537,799.41",,"NI","14,537,799.41",,,,"Yes",,,,,,,,"30","30","30","15","U71","Yes","14,537,799.41",,"Industrial","David Leclerc","David Leclerc","10/3/2025","9/3/2025","8/4/2025","7/5/2025","6/20/2025",,"DPSC OSW Subcontract Fabrication","b286afb5-a973-4c2b-8153-a481aaeb32ee","Subcontractors","4300006907","Yes","Alan Bartolo","Alan Bartolo",,"N299-1","11/3/2025","10/3/2025","9/3/2025","8/4/2025","7/5/2025","6/20/2025","30",,"No",,"Hooper Welding",,"Engineered Equipment",,,,,"11/3/2025","5/21/2026 2:53 PM",,
"9106e385-8861-4e68-9bf2-004b0e8325b2","A02180","-","5/1/2024","4/15/2024",,"4/10/2024","3/27/2024","3/27/2024","3,128,640",,"NI","3,186,751.5",,,,"Yes",,,,,,,,"30","30","30","15","U71","Yes","3,128,640",,"Industrial","Ian Pocock","Ian Pocock","10/30/2024","9/30/2024","8/31/2024","8/1/2024","7/17/2024",,"DPSC Robotic Stud Welding Cell","7c29d28e-64c5-48a0-b505-6c35975c77c0","Materials (Commodities)","4500630527","Yes","Quinn McLafferty","Quinn McLafferty",,"Best Commercial","11/30/2024","10/30/2024","9/30/2024","8/31/2024","8/1/2024","7/17/2024","30",,"No",,"BOS Innovations",,"Engineered Equipment",,,,,"11/30/2024","5/21/2026 2:53 PM",,
"d9387717-5d4a-4417-a6aa-64a4306c694f","A02180","-","3/28/2024","1/24/2024",,"1/15/2024","12/17/2023","12/15/2023","20,862,030",,"NI","20,862,030",,,,"Yes",,,,,,,,"30","30","30","15","U71","Yes","20,862,030",,"Industrial","Ian Pocock","Ian Pocock","3/30/2025","2/28/2025","1/29/2025","12/30/2024","12/15/2024",,"DPSC Robotic Welding Cell","74f5b416-0918-482f-ac2a-893bb48c350e","Materials (Commodities)","4500621462","Yes","Quinn McLafferty","Quinn McLafferty",,"Best Commercial","4/30/2025","3/30/2025","2/28/2025","1/29/2025","12/30/2024","12/15/2024","30",,"No",,"ATS Industrial Automation",,"Engineered Equipment",,,,,"4/30/2025","5/21/2026 2:53 PM",,"PCBR approval for increased budget"
"22de69bb-2f14-4452-8bde-ef189bdcbb3e","A02180","150",,,,,,"4/3/2025",,,"NI",,,,,"No",,,,,,,,"30","30","30","15",,,,,"NI","Raynard Loedolff","Raynard Loedolff","5/18/2025","4/18/2025","3/19/2025","2/17/2025","2/2/2025",,"DPSC Survey and Metrology","4de39804-4928-43e0-b66b-461efe2a7d31",,,"No","Mahendra Don","Mahendra Don",,"ISO 9001:2015","6/18/2025","7/17/2025","6/17/2025","5/18/2025","4/18/2025","4/3/2025","30",,"No",,,,"Self Perform",,,,,"6/18/2025","6/17/2026 2:55 PM",,
"d1a9386e-00ee-4686-97ed-c4373f3d8759","A02180","-","4/12/2024","4/15/2024",,"4/15/2024","4/11/2024","4/10/2024","81,726.58",,"NI","82,570.4",,,,"Yes",,,,,,,,"30","30","30","15","U71","Yes","81,726.58",,"Industrial","Ian Pocock","Ian Pocock","3/30/2024","2/29/2024","1/30/2024","12/31/2023","12/16/2023",,"DPSC Test Plate Material","06bdd86b-9572-4c16-b378-4093bfa1c993","Materials (Commodities)","4500627870","Yes","Quinn McLafferty","Quinn McLafferty",,"Best Commercial","4/30/2024","3/30/2024","2/29/2024","1/30/2024","12/31/2023","12/16/2023","30",,"No",,"Samuel Plate Sales",,"Commodities Agreement",,,,,"4/30/2024","5/21/2026 2:53 PM",,
"e576cdb3-a1a6-47eb-9035-fdc4aa04c7de","A02180","174",,,,,,,,,"NI",,,,,"No",,,,,,,,"30","30","30","15","1",,,,"NI","Dean James","Dean James",,,,,,,"DPSC Tooling","fdacfe18-72ad-41d0-921e-1dbe75d4b440",,,"No","Ziba Sattari","Ziba Sattari",,"Best Commercial",,,,,,,"30",,"No",,,,"Cancelled",,,,,,"5/21/2026 2:53 PM",,
"596fca5a-2220-4955-8b06-f89da2bb9bd1","A02180","215",,,,,,,,,"NI",,,,,"No",,,,,,,,"30","30","30","15","1",,,,"NI","Ali Dehghan","Ali Dehghan","9/15/2025","8/16/2025","7/17/2025","6/17/2025","6/2/2025",,"Dr. Karl Peterson (Consultant)","bda41135-2f42-470e-b984-f2d7e2fce68d","Subcontractors",,"Yes","Quinn McLafferty","Quinn McLafferty",,"Best Commercial","10/15/2025","9/15/2025","8/16/2025","7/17/2025","6/17/2025","6/2/2025","30",,"No",,,,"Cancelled",,,,,"10/15/2025","5/21/2026 2:53 PM",,
"69ddc5f2-7f2e-4063-b7ed-9d3caadefe72","A02180","23","3/4/2024","1/26/2024",,"1/19/2024","12/8/2023","12/5/2023","454,852",,"SE","454,852",,,,"Yes",,,,,,,,"30","30","30","15","0","Yes","454,852",,"SE/Buildings","Frank Gou","Frank Gou","3/1/2024","1/31/2024","1/1/2024","12/2/2023","11/17/2023",,"Reinforcing Steel (Building Foundations - fab Building & Warehouse)","0bd4d633-831a-4757-8f3e-7e811528f3ce","Materials (Commodities)","4700122956","No","Meesam Rasool","Meesam Rasool",,"Best Commercial","4/1/2024","3/1/2024","1/31/2024","1/1/2024","12/2/2023","11/17/2023","30",,"No",,"Mansteel",,"Construction Subcontract",,,,,"4/1/2024","5/21/2026 2:53 PM",,
"dd4f8a0e-de32-4756-b525-bf52fda34e2c","A02180","12","12/19/2024","10/30/2024",,"10/1/2024","9/1/2024","8/15/2024","19,210",,"SE","0",,,,"Yes",,,,,,,,"30","30","30","15","0","Yes","19,210",,"SE/Site","Jot Jakher","Jot Jakher","11/1/2025","10/2/2025","9/2/2025","8/3/2025","7/19/2025",,"Access Control - Turnstyles","032432f4-ce3f-4eba-83e8-a4ca251c290f","Construction Equipment","4700133615","No","Diogo Mello","Diogo Mello",,"Best Commercial","12/1/2025","11/1/2025","10/2/2025","9/2/2025","8/3/2025","7/19/2025","30",,"No",,"Complete Yard Solutions",,"Standard Purchase Order",,,,,"12/1/2025","5/21/2026 2:53 PM",,"PCBR approval for increased budget"
"dc297c36-443a-4a49-b8ee-a2dea5d2d1da","A02180","-","9/12/2024","9/13/2024",,"7/16/2024","7/27/2024","7/27/2024","79,150",,"CCW-NI","79,150",,,,"Yes",,,,,,,,"30","30","30","15","0","Yes","79,150",,"CCW/Shaft","Eduardo Iglesias","Eduardo Iglesias","8/1/2024","7/2/2024","6/2/2024","5/3/2024","4/18/2024",,"Dry Shotcrete","2afbbc30-7ab3-4972-a620-16d85032e5ed","Supplies (Construction Materials)","4500651825","No","Diogo Mello","Diogo Mello",,"Best Commercial","9/1/2024","8/1/2024","7/2/2024","6/2/2024","5/3/2024","4/18/2024","30",,"No",,"Cancrete",,"Standard Purchase Order",,,,,"9/1/2024","5/21/2026 2:53 PM",,
"14000e2e-f6c1-4c53-8a23-20980e0421cb","A02180","93","12/3/2024","12/2/2024",,"7/19/2024","7/16/2024","7/15/2024","1,462,000",,"CCW-NI","1,611,952",,,,"Yes",,,,,,,,"30","30","30","15","0","Yes","1,462,000",,"General","Yuri Andrade","Yuri Andrade","10/1/2024","9/1/2024","8/2/2024","7/3/2024","6/18/2024",,"Crawler Crane - Shaft","2948f599-ed12-4ed5-9661-72a0ab7a3700","Construction Equipment","4700126393","No","Diogo Mello","Diogo Mello",,"Best Commercial","11/1/2024","10/1/2024","9/1/2024","8/2/2024","7/3/2024","6/18/2024","30",,"No",,"Sarens Canada",,"Construction Subcontract",,,,,"11/1/2024","5/21/2026 2:53 PM",,
"17c3bda9-6ace-4341-bb90-43c46f72ed82","A02180","15","3/11/2024","2/21/2024",,"1/15/2024","12/14/2023","12/1/2023","1,735,307",,"SE","2,000,000",,,,"Yes",,,,,,,,"30","30","30","15","0",,,,"SE/Buildings","Frank Gou","Frank Gou","2/1/2025","1/2/2025","12/3/2024","11/3/2024","10/19/2024","4/30/2024","Fabric Structure (pre-assembly area)","84b31d79-6088-415a-a70b-16a9cdaa718a","Materials (Commodities)","4700124493","No","Meesam Rasool","Meesam Rasool",,"Best Commercial","3/1/2025","2/1/2025","1/2/2025","12/3/2024","11/3/2024","10/19/2024","30",,"No",,"NORSEMAN",,"Construction Subcontract",,,,,"3/1/2025","5/21/2026 2:53 PM",,
"3935ee3d-e682-4e88-bb92-c08768986f9a","A02180","133","3/17/2025","3/17/2025",,"3/17/2025","3/14/2025","2/27/2025","550,538.91",,"NI","550,538.91",,,,"Yes",,,,,,,,"30","30","30","15","1",,,,"Industrial","Ian Pocock","Ian Pocock","4/1/2025","3/2/2025","1/31/2025","1/1/2025","12/17/2024",,"DSPC Nuclear Weld Consumables","58157668-7748-489f-b24d-6d7a6b526fc8","Materials (Commodities)","4300006636","Yes","Alan Bartolo","Alan Bartolo",,"NCA-4000","5/1/2025","4/1/2025","3/2/2025","1/31/2025","1/1/2025","12/17/2024","30",,"No",,"ESAB",,"Commodities Agreement",,,,,"5/1/2025","5/21/2026 2:53 PM",,
"68e76f09-3d96-4799-9f8d-c767867b1cc1","A02180","258","3/12/2026","3/21/2026",,"3/20/2026","3/19/2026","3/3/2026","393,195",,"NI","393,195",,,,"No",,,,,,,,"30","30","30","15","1","Yes","393,195",,"NI","Thomas Pailloux","Thomas Pailloux","2/2/2026","1/3/2026","12/4/2025","11/4/2025","10/20/2025",,"Design Engineering Services (Tony Gee)","71dade30-fc2c-4cea-8b81-61488ff16604",,"4700150220","Yes","Mahendra Don","Mahendra Don",,"Best Commercial","3/2/2026","2/2/2026","1/3/2026","12/4/2025","11/4/2025","10/20/2025","30",,"No",,"Tony Gee Canada Ltd",,"Engineered Equipment",,,,,"3/2/2026","5/21/2026 2:53 PM",,
"0c0c402a-9875-482c-b289-7746e0314ab2","A02180","-","8/7/2024","7/30/2024",,"7/15/2024","7/1/2024","7/1/2024","850,000",,"CCW","923,000",,,,"Yes",,,,,,,,"30","30","30","15","0","Yes","850,000",,"CCW/Tunnel","Nicolas Granjon","Nicolas Granjon","12/1/2024","11/1/2024","10/2/2024","9/2/2024","8/18/2024",,"TBM Cement","be883984-5750-4b14-9d27-a4e4d9d1ffb3","Supplies (Construction Materials)","4700128100","No","Dan Martin","Dan Martin",,"Best Commercial","1/1/2025","12/1/2024","11/1/2024","10/2/2024","9/2/2024","8/18/2024","30",,"No",,"Lafarge",,"Standard Purchase Order",,,,,"1/1/2025","5/21/2026 2:53 PM",,
"34187f6c-f3a2-4337-9dff-8f48709daa81","A02180","18","2/7/2024","1/10/2024",,"11/24/2023","10/27/2023","10/20/2023","1,692,021",,"SE","1,089,691",,,,"Yes",,,,,,,,"30","30","30","15","0",,,,"SE/Buildings","Frank Gou","Frank Gou","9/24/2024","8/25/2024","7/26/2024","6/26/2024","6/11/2024",,"OH Crane Fab Shop","8a0483de-93ed-47f9-84b1-b89231a1b585","Plant Equipment","47000123964","No","Meesam Rasool","Meesam Rasool",,"Best Commercial","10/24/2024","9/24/2024","8/25/2024","7/26/2024","6/26/2024","6/11/2024","30",,"No",,"PDI",,"Construction Subcontract",,,,,"10/24/2024","5/21/2026 2:53 PM",,
"a5557811-f5da-4f85-8740-c1d22d9ff73f","A02180","80","9/27/2024","9/5/2024",,"7/16/2024","7/2/2024","6/30/2024","219,000",,"SE","443,292",,,,"Yes",,,,,,,,"30","30","30","15","0","Yes","219,000",,"Technical","Lohit Ganrireddy","Lohit Ganrireddy","12/1/2024","11/1/2024","10/2/2024","9/2/2024","8/18/2024",,"Drywall Fab","c38a65fe-f2e3-4731-87f8-8880623f8736","Materials (Commodities)","4700135837","No","Meesam Rasool","Meesam Rasool",,"Best Commercial","1/1/2025","12/1/2024","11/1/2024","10/2/2024","9/2/2024","8/18/2024","30",,"No",,"Capital Drywall",,"Construction Subcontract",,,,,"1/1/2025","5/21/2026 2:53 PM",,"Issue the contract"
"4cfa48c3-e9c3-4b88-9165-36840da3dd06","A02180","65","9/23/2024","8/16/2024",,"7/17/2024","7/3/2024","6/27/2024","124,623",,"SE","215,445",,,,"Yes",,,,,,,,"30","30","30","15","0","Yes","124,623",,"Technical","Lohit Ganrireddy","Lohit Ganrireddy","2/1/2025","1/2/2025","12/3/2024","11/3/2024","10/19/2024",,"Miscellaneous Metals (Fab)","a36e1034-c471-47bb-84cb-8420d38014c8","Materials (Commodities)","4700134384","No","Meesam Rasool","Meesam Rasool",,"Best Commercial","3/1/2025","2/1/2025","1/2/2025","12/3/2024","11/3/2024","10/19/2024","30",,"No",,"Pengally",,"Construction Subcontract",,,,,"3/1/2025","5/21/2026 2:53 PM",,"Contract to send"
"57840069-a46b-47da-95eb-7c09240fe8f1","A02180","36","5/14/2025","12/20/2024",,"7/29/2024","6/28/2024","6/26/2024","13,512,829.14",,"CCW-NI","8,102,670",,,,"Yes",,,,,,,,"30","30","30","15","0","Yes","13,512,829.14",,"CCW/Shaft","Ian Butt","Ian Butt","4/1/2025","3/2/2025","1/31/2025","1/1/2025","12/17/2024",,"Drill & Blast Subcontractor","4c5eec3b-e97b-4843-ab17-ea5ec6c7e3e3","Subcontractors","4700140377","Yes","Diogo Mello","Diogo Mello",,"Best Commercial","5/1/2025","4/1/2025","3/2/2025","1/31/2025","1/1/2025","12/17/2024","30",,"No",,"1001090611 ONTARIO INC. (FDDF)",,"Construction Subcontract",,,,,"5/1/2025","5/21/2026 2:53 PM",,
"6cbc6130-fb7b-417a-832b-f6c7e76e3e04","A02180","14","2/14/2024","1/26/2024",,"11/8/2023","9/19/2023","9/22/2023","6,394,000",,"SE","6,437,911",,,,"Yes",,,,,,,,"30","30","30","15","0",,,,"SE/Buildings","Frank Gou","Frank Gou","8/1/2024","7/2/2024","6/2/2024","5/3/2024","4/18/2024","1/15/2024","Pre-eng Building (WH & Fab)","9c06dbd9-f03a-43cf-8e32-77e470079b39","Subcontractors","4700125620","Yes","Meesam Rasool","Meesam Rasool",,"Best Commercial","9/1/2024","8/1/2024","7/2/2024","6/2/2024","5/3/2024","4/18/2024","30",,"No",,"Canam",,"Construction Subcontract",,,,,"9/1/2024","5/21/2026 2:53 PM",,
"267cba96-737a-4b25-b5ad-258eba9f0682","A02180","266",,,,,,,,,"SE","336,467",,,,"No",,,,,,,,"30","30","30","15","0",,,,"SE/Buildings","Frank Gou","Frank Gou","5/29/2026","4/29/2026","3/30/2026","2/28/2026","2/13/2026",,"Earth Work - Security Bld","c89c90ed-5939-4b43-8ad7-33c25e84aaf9",,,"No","Meesam Rasool","Meesam Rasool",,"Best Commercial","6/29/2026","5/29/2026","4/29/2026","3/30/2026","2/28/2026","2/13/2026","30",,"No",,,,"Construction Subcontract",,,,,"6/29/2026","5/21/2026 2:53 PM",,
"fb331c7b-adf9-4799-b2c9-d247ed137b7e","A02180","272",,,,,,,,,"SE","553,385",,,,"No",,,,,,,,"30","30","30","15","0",,,,"SE/Buildings","Frank Gou","Frank Gou","5/29/2026","4/29/2026","3/30/2026","2/28/2026","2/13/2026",,"Fire Protection - Security Bld","f471abcb-311c-4e1b-912c-7d10fe8df9eb",,,"No","Meesam Rasool","Meesam Rasool",,"Best Commercial","6/29/2026","5/29/2026","4/29/2026","3/30/2026","2/28/2026","2/13/2026","30",,"No",,,,"Construction Subcontract",,,,,"6/29/2026","5/21/2026 2:53 PM",,
"4e461c7e-6c74-4ea7-a47f-5a07e7769c65","A02180","270",,,,,,,"1,328,600",,"SE","1,563,258",,,,"No",,,,,,,,"30","30","30","15","0",,,,"SE/Buildings","Frank Gou","Frank Gou","5/29/2026","4/29/2026","3/30/2026","2/28/2026","2/13/2026",,"HVAC & Plumbing - Security Bld","e8ef491b-268b-4a10-b523-fba1714c660b",,,"No","Meesam Rasool","Meesam Rasool",,"Best Commercial","6/29/2026","5/29/2026","4/29/2026","3/30/2026","2/28/2026","2/13/2026","30",,"No",,"Modern Niagara",,"Construction Subcontract",,,,,"6/29/2026","5/21/2026 2:53 PM",,
"4d744640-8f5d-4648-8f3a-7c0069de0ba9","A02180","64",,"7/25/2024",,"7/8/2024","6/24/2024","6/12/2024",,,"SE",,,,,"No",,,,,,,,"30","30","30","15","0",,,,"Technical","Lohit Ganrireddy","Lohit Ganrireddy","1/1/2025","12/2/2024","11/2/2024","10/3/2024","9/18/2024",,"HM Door ( Fab Shop)","1271aa10-c517-473e-ac69-429d2a9227d6",,,"No","Meesam Rasool","Meesam Rasool",,"Best Commercial","2/1/2025","1/1/2025","12/2/2024","11/2/2024","10/3/2024","9/18/2024","30",,"No",,"Pengelly",,"Cancelled",,,,,"2/1/2025","5/21/2026 2:53 PM",,
"7a5adfc2-b95a-4be7-bea7-8ccd870829cd","A02180","-",,,,,,,,,"NI",,,,,"No",,,,,,,,"30","30","30","15","U31",,,,"NI","Tanzeel Ahmed","Tanzeel Ahmed","7/8/2025","6/8/2025","5/9/2025","4/9/2025","3/25/2025",,"Elevator Radwaste Bldg Service","1128d1fb-c40e-4486-8729-6c4a29eff804",,,"No","Chris Saliba","Chris Saliba",,,"8/8/2025","7/8/2025","6/8/2025","5/9/2025","4/9/2025","3/25/2025","30",,"No",,,,"Cancelled",,,,,"8/8/2025","5/21/2026 2:53 PM",,
"bbf0dd27-d6c3-4315-8c17-dbdc5d0c63f8","A02180","-",,,,,,,,,"NI",,,,,"No",,,,,,,,"30","30","30","15","U31",,,,"NI","Tanzeel Ahmed","Tanzeel Ahmed","7/11/2026","6/11/2026","5/12/2026","4/12/2026","3/28/2026",,"Elevator Reactor Bldg Service","a5da2b74-335e-4df0-99c6-004dd3886ab4",,,"No","Chris Saliba","Chris Saliba",,,"8/11/2026","7/11/2026","6/11/2026","5/12/2026","4/12/2026","3/28/2026","30",,"No",,,,"Cancelled",,,,,"8/11/2026","5/21/2026 2:53 PM",,
"5adf2195-4629-45f9-b1e4-31a047c9d4ce","A02180","-",,,,,,,,,"CI",,,,,"No",,,,,,,,"30","30","30","15","1",,,,"NI","Aran Fox","Aran Fox",,,,,,,"Engineered Lifting Calculations/Plans (Critial)","75c30df3-b2e7-499f-910a-978d4c729431",,,"No","Mahendra Don","Mahendra Don",,"ISO 9001:2015",,,,,,,"30",,"No",,,,"Design Services",,,,,,"5/21/2026 2:53 PM",,
"986ab95e-5311-4371-88fc-6ae291af3f81","A02180","64.2","8/27/2024","8/8/2024",,"8/7/2024","6/24/2024","6/12/2024","45,121.5",,"SE","50,929",,,,"Yes",,,,,,,,"30","30","30","15","0","Yes","45,121.5",,"Technical","Lohit Ganrireddy","Lohit Ganrireddy","1/1/2025","12/2/2024","11/2/2024","10/3/2024","9/18/2024",,"HM Frames & Door ( Fab Shop)","7e67dfc1-b404-4db9-bcc6-2a4709948813","Plant Equipment","4500649533","No","Meesam Rasool","Meesam Rasool",,"Best Commercial","2/1/2025","1/1/2025","12/2/2024","11/2/2024","10/3/2024","9/18/2024","30",,"No",,"All Pro Doors",,"Construction Subcontract",,,,,"2/1/2025","5/21/2026 2:53 PM",,"Sub is reviewing T&C"
"858ca3eb-2cf0-471c-b47e-c3dcd137d27f","A02180","282",,,,,,,,,"SE","639,807",,,,"No",,,,,,,,"30","30","30","15","0",,,,"SE/Buildings","Frank Gou","Frank Gou","7/20/2026","6/20/2026","5/21/2026","4/21/2026","4/6/2026",,"Misc. Metal Interior - Security Bld","49195f74-3843-46e9-8c28-a57f5de91378",,,"No","Meesam Rasool","Meesam Rasool",,"Best Commercial","8/20/2026","7/20/2026","6/20/2026","5/21/2026","4/21/2026","4/6/2026","30",,"No",,,,"Construction Subcontract",,,,,"8/20/2026","5/21/2026 2:53 PM",,
"f9145e54-7b1b-4e8f-a525-3d975497f380","A02180","283",,,,,,,,,"SE","690,893",,,,"No",,,,,,,,"30","30","30","15",,,,,"SE/Buildings","Frank Gou","Frank Gou","10/28/2026","9/28/2026","8/29/2026","7/30/2026","7/15/2026",,"Misc. Metal Security Bollards - Security Bld","ab61846f-877b-4075-b442-30e45fbf5e5c",,,"No","Meesam Rasool","Meesam Rasool",,"Best Commercial","11/27/2026","10/28/2026","9/28/2026","8/29/2026","7/30/2026","7/15/2026","30",,"No",,,,"Construction Subcontract",,,,,"8/20/2026","7/16/2026 9:15 AM",,
"981cfa23-4092-4206-a193-d718e47b6350","A02180","292",,,,,,,,,"SE","183,390",,,,"No",,,,,,,,"30","30","30","15",,,,,"SE/Buildings","Frank Gou","Frank Gou","10/21/2026","9/21/2026","8/22/2026","7/23/2026","7/8/2026",,"Semi Rigid Installation - Security Bld","b6aaf6b6-fe2f-46e5-b3cd-72e8cb166f84",,,"No","Meesam Rasool","Meesam Rasool",,"Best Commercial","11/20/2026","10/21/2026","9/21/2026","8/22/2026","7/23/2026","7/8/2026","30",,"No",,,,"Construction Subcontract",,,,,"8/20/2026","7/16/2026 9:16 AM",,
"30a4c63e-894e-450c-9d36-8bb4d5d2eb2c","A02180","118",,,,,,,,,"NI",,,,,"No",,,,,,,,"30","30","30","15","U50",,,,"NI","Aran Fox","Aran Fox",,,,,,,"Equipment and Floor Drain System Sumps","f426467a-b45d-4cce-83b9-4165b7d1c383",,,"No","Quinn McLafferty","Quinn McLafferty",,"Best Commercial",,,,,,,"30",,"No",,,,"Cancelled",,,,,,"5/21/2026 2:53 PM",,
"2b325b9c-568f-464b-b5dc-36c8717f86d6","A02180","122",,,,,,,,,"NI",,,,,"No",,,,,,,,"30","30","30","15","U50",,,,"NI","Tanzeel Ahmed","Tanzeel Ahmed",,,,,,,"Equipment and Floor Drain System Sumps","cc09470a-facc-481c-aa51-99c052c9ae55","Plant Equipment",,"No","Mahendra Don","Mahendra Don",,"Best Commercial",,,,,,,"30",,"No",,,,"Commodities Agreement",,,,,,"5/21/2026 2:53 PM",,
"3792dfa8-ca88-4ea6-87b4-1d182fb7476c","A02180","112","10/30/2024","10/28/2024",,"10/25/2024","10/22/2024","10/21/2024","21,310",,"CCW","21,310",,,,"Yes",,,,,,,,"30","30","30","15","0","Yes","21,310",,"CCW/Tunnel","Nicolas Granjon","Nicolas Granjon","10/1/2024","9/1/2024","8/2/2024","7/3/2024","6/18/2024",,"Engineering Assessment of the Dolphin","52522fa5-1d97-4cf1-ba36-98a574ac5b7d","Subcontractors","4500660379","No","Valentina Kukharchuk","Valentina Kukharchuk",,"Best Commercial","11/1/2024","10/1/2024","9/1/2024","8/2/2024","7/3/2024","6/18/2024","30",,"No",,"CIMA",,"Consulting Agreement",,,,,"11/1/2024","5/21/2026 2:53 PM",,
"1ca0d3ee-2e3d-4d9e-a1c1-298d379179da","A02180","84","7/3/2024","7/4/2024",,"5/23/2024","5/23/2024","5/15/2024","988,474.88",,"SE","988,474.88",,,,"Yes",,,,,"Yes","988,474.88",,"30","30","30","15","0","Yes","988,474.88",,"SE/Site","Peter Lindsay","Peter Lindsay","5/1/2024","4/1/2024","3/2/2024","2/1/2024","1/17/2024",,"Heavy Civil Equipment","9801ef39-d5a7-4007-a645-dc64deac1303","Construction Equipment","4700125844","Yes","Diogo Mello","Diogo Mello",,"Best Commercial","6/1/2024","5/1/2024","4/1/2024","3/2/2024","2/1/2024","1/17/2024","30",,"No",,"A6N",,"Construction Subcontract",,,,,"6/1/2024","5/21/2026 2:53 PM",,
"d5a45a4a-0734-46cf-b96f-a6e4f1fe30bf","A02180","-",,,,,,,,,"CI",,,,,"No",,,,,,,,"30","30","30","15","1",,,,,,,,,,,,,"Excavation with Drill and Blast as needed","ddfb8ba2-9128-43b1-8c26-691c46dedfba",,,"No",,"0",,"Best Commercial",,,,,,,"30",,"No",,,,"Construction Subcontract",,,,,,"5/21/2026 2:53 PM",,
"0b4d3b7d-2cd5-4d4a-80cc-743fcd726cc7","A02180","-",,,,,,,,,"CCW",,,,,"No",,,,,,,,"30","30","30","15","0",,,,"CCW/Tunnel","Nicolas Granjon","Nicolas Granjon","3/1/2025","1/30/2025","12/31/2024","12/1/2024","11/16/2024",,"Epoxy grout","a964beb4-cdfb-458d-b786-02f40037ee05",,,"No","Valentina Kukharchuk","Valentina Kukharchuk",,"Best Commercial","4/1/2025","3/1/2025","1/30/2025","12/31/2024","12/1/2024","11/16/2024","30",,"No",,,,"Cancelled",,,,,"4/1/2025","5/21/2026 2:53 PM",,
"bf65a193-ae23-4061-bbe1-fd651c5485f4","A02180","-","5/9/2024","5/7/2024",,"5/7/2024","5/7/2024","5/7/2024","40,480",,"CCW","43,480",,,,"Yes",,,,,,,,"30","30","30","15","0","Yes","40,480",,"CCW/Tunnel","Nicolas Granjon","Nicolas Granjon","11/1/2024","10/2/2024","9/2/2024","8/3/2024","7/19/2024",,"Hyperbaric Subcontract Planning","916322e1-23b1-430b-85dd-77fe738439d7","Subcontractors","4500632193","Yes","Diogo Mello","Diogo Mello",,"Best Commercial","12/1/2024","11/1/2024","10/2/2024","9/2/2024","8/3/2024","7/19/2024","30",,"No",,"ASI Group Ltd",,"Standard Purchase Order",,,,,"12/1/2024","5/21/2026 2:53 PM",,
"dcc18db0-724c-48c2-8a33-f764110cb1cc","A02180","200",,,,,,,,,"CCW",,,,,"No",,,,,,,,"30","30","30","15","0",,,,"SE/Buildings","Frank Gou","Frank Gou",,,,,,,"Fabricate of Self-Propelled System","90fd4266-a0d3-4813-844c-735d90a8844c",,,"Yes","Mahendra Don","Mahendra Don",,"Best Commercial",,,,,,,"30",,"No",,,,"Engineered Equipment",,,,,,"5/21/2026 2:53 PM",,
"358be34c-a08a-4f8f-b354-b78f22b98fc8","A02180","-",,,,,,,,,"CCW",,,,,"No",,,,,,,,"30","30","30","15","0",,,,"CCW/Tunnel","Ernesto Martinez","Ernesto Martinez","11/1/2025","10/2/2025","9/2/2025","8/3/2025","7/19/2025",,"EWP for TBM assembly","125a77e2-f094-4e5d-aa1b-ac29bb373e7e","Construction Equipment",,"No","Valentina Kukharchuk","Valentina Kukharchuk",,"Best Commercial","12/1/2025","11/1/2025","10/2/2025","9/2/2025","8/3/2025","7/19/2025","30",,"No",,,,"Cancelled",,,,,"12/1/2025","5/21/2026 2:53 PM",,
"abea620d-e1c5-4ba7-a270-3d6ebd8f3bf7","A02180","-","5/9/2024","5/7/2024",,"5/7/2024","5/7/2024","5/7/2024","3,390",,"CCW","19,742",,,,"Yes",,,,,,,,"30","30","30","15","0","Yes","3,390",,"CCW/Tunnel","Nicolas Granjon","Nicolas Granjon","11/1/2024","10/2/2024","9/2/2024","8/3/2024","7/19/2024",,"Nuclear Licence For Densimeter Import and Use","31b20e0b-3384-48eb-a617-8bc941cabfa5","Subcontractors","4500632095","Yes","Diogo Mello","Diogo Mello",,"Best Commercial","12/1/2024","11/1/2024","10/2/2024","9/2/2024","8/3/2024","7/19/2024","30",,"No",,"Stuart Hunt and Associates Ltd",,"Standard Purchase Order",,,,,"12/1/2024","5/21/2026 2:53 PM",,
"0ce35252-257e-496a-83b1-4817cce6036c","A02180","-",,,,,,,,,"CI",,,,,"No",,,,,,,,"30","30","30","15","1",,,,"CI","Shawn Brown","Shawn Brown",,,,,,,"Fibre Optic Cable Pulls","a1cb1442-b5ae-4b97-8a1c-cc264e77b173",,,"No","Ziba Sattari","Ziba Sattari",,"Best Commercial",,,,,,,"30",,"No",,,,"Construction Subcontract",,,,,,"5/21/2026 2:53 PM",,
"b06f94d8-efb3-43ad-a4b7-a12996ee220b","A02180","72","5/27/2024","5/20/2024",,"5/3/2024","5/3/2024","5/3/2024","22,641,855.75",,"CCW","22,266,199",,,,"Yes",,,,,,,,"30","30","30","15","0","Yes","22,641,855.75",,"CCW/Shaft","Eduardo Iglesias","Eduardo Iglesias","4/22/2025","3/23/2025","2/21/2025","1/22/2025","1/7/2025",,"Maritime Works Material","ddc75312-c471-42ba-9177-9dcf4598aaeb","Subcontractors","4700124020","No","Diogo Mello","Diogo Mello",,"Best Commercial","5/22/2025","4/22/2025","3/23/2025","2/21/2025","1/22/2025","1/7/2025","30",,"No",,"Dean",,"Construction Subcontract",,,,,"5/22/2025","5/21/2026 2:53 PM",,
"dcd8b196-a3df-4219-b9cd-07eba308b6dc","A02180","278",,"7/14/2026",,"6/8/2026","5/6/2026","4/24/2026",,,"SE","544,202",,,,"No",,,,,,,,"30","30","30","15",,,,,"SE/Buildings","Frank Gou","Frank Gou","8/4/2026","7/5/2026","6/5/2026","5/6/2026","4/24/2026",,"Single Ply EPDM Roof - Security Bld","9cf28e79-8384-421d-9967-c907c40db60b",,,"No","Meesam Rasool","Meesam Rasool",,"Best Commercial","9/4/2026","8/13/2026","7/14/2026","6/8/2026","5/6/2026","4/24/2026","30",,"No",,,,"Construction Subcontract",,,,,"8/20/2026","7/15/2026 12:05 PM",,
"6f61db1d-6129-4ead-b6ca-d98451a446d8","A02180","59","9/10/2024","8/9/2024",,"4/19/2024","4/12/2024","4/12/2024","671,918",,"CCW-NI","671,918",,,,"Yes",,,,,,,,"30","30","30","15","0","Yes","671,918",,"CCW/Shaft","Eduardo Iglesias","Eduardo Iglesias","8/2/2024","7/3/2024","6/3/2024","5/4/2024","4/19/2024",,"Scaffolding / Stair Tower [frame stair tower] - Design, Supply & Install","86d854d0-2205-4d24-91bf-5e3b4a303d80","Subcontractors","4700130335","No","Diogo Mello","Diogo Mello",,"Best Commercial","9/2/2024","8/2/2024","7/3/2024","6/3/2024","5/4/2024","4/19/2024","30",,"No",,"Aluma",,"Construction Subcontract",,,,,"9/2/2024","5/21/2026 2:53 PM",,
"b44468fd-b091-47e6-9d96-b533e61fc799","A02180","58","7/16/2024","7/12/2024",,"5/1/2024","4/12/2024","4/12/2024","999,560",,"CCW","1,113,000",,,,"Yes",,,,,,,,"30","30","30","15","0","Yes","999,560",,"CCW/Tunnel","Ernesto Martinez","Ernesto Martinez","5/1/2025","4/1/2025","3/2/2025","1/31/2025","1/16/2025",,"TBM assembly crane and SPMT","f31d59be-47c3-442a-b97c-de39a8bdaf74","Construction Equipment","4700126393","No","Diogo Mello","Diogo Mello",,"Best Commercial","6/1/2025","5/1/2025","4/1/2025","3/2/2025","1/31/2025","1/16/2025","30",,"No",,"Sarens Canada",,"Construction Subcontract",,,,,"6/1/2025","5/21/2026 2:53 PM",,
"765ce369-abe5-4edf-ab66-ac5df00eb8f7","A02180","265",,,,,,"7/13/2026",,,"SE","5,000,433",,,,"No",,,,,,,,"30","30","30","15",,,,,"SE/Buildings","George Kelly","George Kelly","9/18/2026","8/19/2026","7/20/2026","6/20/2026","6/5/2026",,"Fencing GC","da632143-96e4-491c-81de-30925b2294fd",,,"No","Diogo Mello","Diogo Mello",,"Best Commercial","10/18/2026","10/26/2026","9/26/2026","8/27/2026","7/28/2026","7/13/2026","30",,"No",,,,"Construction Subcontract",,,,,"10/18/2026","7/15/2026 11:58 AM",,
"d4e56a8c-63a5-4370-a141-81fe05abfd7f","A02180","43","7/30/2024","7/26/2024",,"4/18/2024","4/11/2024","4/8/2024","694,018.93",,"CCW-NI","894,651",,,,"Yes",,,,,,,,"30","30","30","15","0","Yes","694,018.93",,"CCW/Shaft","Ian Butt","Ian Butt","7/5/2024","6/5/2024","5/6/2024","4/6/2024","3/22/2024",,"GIMP","b2870eb6-020c-4dbe-886a-faf364525d10","Subcontractors","4700127405","No","Diogo Mello","Diogo Mello",,"Best Commercial","8/5/2024","7/5/2024","6/5/2024","5/6/2024","4/6/2024","3/22/2024","30",,"No",,"EXP",,"Construction Subcontract",,,,,"8/5/2024","5/21/2026 2:53 PM",,
"70522064-8121-4cb9-82ef-e25c043063c4","A02180","90","7/22/2024","7/22/2024",,"5/16/2024","4/16/2024","4/1/2024","821,487.15",,"SE","150,000",,,,"Yes",,,,,,,,"30","30","30","15","0","Yes","821,487.15",,"SE/Site","Peter Lindsay","Peter Lindsay","6/1/2024","5/2/2024","4/2/2024","3/3/2024","2/17/2024",,"Security Contractor","2b987e6b-c432-4f9a-bfc1-b860412f1d4b","Subcontractors","4700126726","No","Diogo Mello","Diogo Mello",,"Best Commercial","7/1/2024","6/1/2024","5/2/2024","4/2/2024","3/3/2024","2/17/2024","30",,"No",,"Securitas",,"Construction Subcontract",,,,,"7/1/2024","5/21/2026 2:53 PM",,
"d79c32b8-0b8f-40ec-9c25-e608d5c56585","A02180","-","5/31/2024","5/15/2024",,"5/1/2024","4/15/2024","4/1/2024","49,756.53",,"CCW-NI","49,756.53",,,,"Yes",,,,,,,,"30","30","30","15","0","Yes","49,756.53",,"Technical","Rania Wardh","Rania Wardh","5/20/2024","4/20/2024","3/21/2024","2/20/2024","2/5/2024",,"Safety Deck Material","c466a867-fefe-4573-b8be-ab744d8f0ab0","Supplies (Construction Materials)","4200017327","Yes","Meesam Rasool","Meesam Rasool",,"Best Commercial","6/20/2024","5/20/2024","4/20/2024","3/21/2024","2/20/2024","2/5/2024","30",,"No",,"Doka",,"Standard Purchase Order",,,,,"6/20/2024","5/21/2026 2:53 PM",,"weston forest and scott forest are not complying"
"03c53cf7-57b0-4b99-9574-7867d9be91d3","A02180","285",,,,"7/30/2026","7/14/2026","7/3/2026",,,"SE","314,585",,,,"No",,,,,,,,"30","30","30","15",,,,,"SE/Buildings","Frank Gou","Frank Gou","9/18/2026","8/19/2026","7/20/2026","6/20/2026","6/5/2026",,"Aluminum Doors and Glazing - Security Bld","19cdc888-8019-45c6-bb8d-4de824024093",,,"No","Meesam Rasool","Meesam Rasool",,"Best Commercial","10/18/2026","10/16/2026","9/16/2026","7/30/2026","7/14/2026","7/3/2026","30",,"No",,,,"Construction Subcontract",,,,,"10/18/2026","7/15/2026 11:59 AM",,
"9ba1b399-bebb-4ac1-9d7b-b2a93da14229","A02180","286",,,,,,,,,"SE","510,675",,,,"No",,,,,,,,"30","30","30","15","0",,,,"SE/Buildings","Frank Gou","Frank Gou","9/18/2026","8/19/2026","7/20/2026","6/20/2026","6/5/2026",,"Ceramic & Porcelain Tile & Carpet & FRP Panel- Security Bld","eb23e975-5b4a-4414-b93f-25bd8a2a5bab",,,"No","Meesam Rasool","Meesam Rasool",,"Best Commercial","10/18/2026","9/18/2026","8/19/2026","7/20/2026","6/20/2026","6/5/2026","30",,"No",,,,"Construction Subcontract",,,,,"10/18/2026","5/21/2026 2:53 PM",,
"199a4178-ae10-4c8e-8aea-0c66bf429891","A02180","-","7/19/2024","7/19/2024",,"4/1/2024","3/21/2024","3/20/2024","6,554",,"SE","6,554",,,,"Yes",,,,,,,,"30","30","30","15","0","Yes","6,554",,"CCW/Shaft","Eduardo Iglesias","Eduardo Iglesias","6/30/2024","5/31/2024","5/1/2024","4/1/2024","3/17/2024",,"Concrete Structure Design for Mucking System","b524bae9-12e5-431b-83c0-1f9655b17830","Subcontractors","4500643576","Yes","Diogo Mello","Diogo Mello",,"Best Commercial","7/30/2024","6/30/2024","5/31/2024","5/1/2024","4/1/2024","3/17/2024","30",,"No",,"Subeseng",,"Standard Purchase Order",,,,,"7/30/2024","5/21/2026 2:53 PM",,"Waiting for second design . Eduardo to follow up. First design in place"
"8c86c5f7-d3d5-4884-9c08-97f8962f450b","A02180","-",,,,,,"3/19/2024",,,"CCW",,,,,"No",,,,,,,,"30","30","30","15","0",,,,"EHS","Chris Padgett","Chris Padgett","7/1/2024","6/1/2024","5/2/2024","4/2/2024","3/18/2024",,"Soil Sample and Analysis","2bcf2ec2-2c7e-4249-8d75-207faeb868b7",,,"Yes","Meesam Rasool","Meesam Rasool",,"Best Commercial","8/1/2024","7/1/2024","6/1/2024","5/2/2024","4/2/2024","3/18/2024","30",,"No",,,,"On Hold",,,,,"8/1/2024","5/21/2026 2:53 PM",,
"39782d11-6ada-4186-8315-b2d2df744963","A02180","52","6/25/2024","6/25/2024",,"4/20/2024","3/21/2024","3/13/2024","98,000",,"CCW","120,000",,,,"Yes",,,,,,,,"30","30","30","15","0","Yes","98,000",,"EHS","Chris Padgett","Chris Padgett","5/1/2024","4/1/2024","3/2/2024","2/1/2024","1/17/2024",,"Environmental Qualified Profissional","b7b85d1b-e8b6-4de2-a7ab-2672bcd158c0","Subcontractors","4700124940","No","Meesam Rasool","Meesam Rasool",,"Best Commercial","6/1/2024","5/1/2024","4/1/2024","3/2/2024","2/1/2024","1/17/2024","30",,"No",,"XS Soil Solution Inc",,"Consulting Agreement",,,,,"6/1/2024","5/21/2026 2:53 PM",,
"035d4324-745d-4544-b805-ebdb2daec441","A02180","48","3/21/2024","3/28/2024",,"3/28/2024","3/28/2024","3/13/2024","20,000",,"CCW","20,000",,,,"Yes",,,,,,,,"30","30","30","15","0","Yes","20,000",,"EHS","Sanjeet Dadhwal","Sanjeet Dadhwal","5/1/2024","4/1/2024","3/2/2024","2/1/2024","1/17/2024",,"Soil Tracking App","a974f104-82c7-45e2-9aba-5ca9e0e3f1b7","Subcontractors","4500624727","No","Meesam Rasool","Meesam Rasool",,"Best Commercial","6/1/2024","5/1/2024","4/1/2024","3/2/2024","2/1/2024","1/17/2024","30",,"No",,"Soilflo",,"Standard Purchase Order",,,,,"6/1/2024","5/21/2026 2:53 PM",,
"27c2d23e-974c-494e-b0d8-89f5f296e973","A02180","35","9/27/2024","6/28/2024",,"3/28/2024","3/15/2024","3/12/2024","20,064,876.22",,"CCW","22,777,640.36",,,,"Yes",,,,,,,,"30","30","30","15","0","Yes","20,064,876.22",,"CCW/Tunnel","Nicolas Granjon","Nicolas Granjon","7/1/2024","6/1/2024","5/2/2024","4/2/2024","3/18/2024",,"Procurement PCTLs","c3ce8a21-ada3-4d1c-b47e-fb731416c4b6","Materials (Commodities)","4300006363","No","Diogo Mello","Diogo Mello",,"Best Commercial","8/1/2024","7/1/2024","6/1/2024","5/2/2024","4/2/2024","3/18/2024","30",,"No",,"CSI-FORTERA",,"Commodities Agreement",,,,,"8/1/2024","5/21/2026 2:53 PM",,"LONG LEAD TIME - 12 MONTH"
"48136ade-5ea6-419b-bce3-98fb6eabe289","A02180","PO_28",,"3/14/2024",,"3/13/2024","3/7/2024","3/6/2024",,,"CCW",,,,,"No",,,,,,,,"30","30","30","15","0",,,,"CCW/Tunnel","Nicolas Granjon","Nicolas Granjon","5/1/2024","4/1/2024","3/2/2024","2/1/2024","1/17/2024",,"Water Tank 30m3","17d4e5dd-2f5c-4143-9903-4f2efce14662",,,"No","Diogo Mello","Diogo Mello",,"Best Commercial","6/1/2024","5/1/2024","4/1/2024","3/2/2024","2/1/2024","1/17/2024","30",,"No",,,,"Cancelled",,,,,"6/1/2024","5/21/2026 2:53 PM",,
"1c0fa172-5a90-4fc4-81c4-9c59d990f83a","A02180","57","4/23/2024","3/27/2024",,"3/11/2024","3/7/2024","3/3/2024","122,000",,"CCW-NI","151,287",,,,"Yes",,,,,,,,"30","30","30","15","0","Yes","122,000",,"CCW/Shaft","Eduardo Iglesias","Eduardo Iglesias","6/1/2024","5/2/2024","4/2/2024","3/3/2024","2/17/2024",,"Mucking System (fabrication)","fb01bb34-dd49-4169-8a86-d7489d143cfa","Construction Equipment","4500626276","Yes","Diogo Mello","Diogo Mello",,"Best Commercial","7/1/2024","6/1/2024","5/2/2024","4/2/2024","3/3/2024","2/17/2024","30",,"No",,"Western Mechanical Electrical Millwright Services",,"Standard Purchase Order",,,,,"7/1/2024","5/21/2026 2:53 PM",,
"26b85e7f-ce27-4e5d-a67d-9d7448c9316e","A02180","47","3/8/2024","3/5/2024",,"3/4/2024","3/4/2024","3/1/2024","9,271,715",,"CCW","9,271,715",,,,"Yes",,,,,,,,"30","30","30","15","0","Yes","9,271,715",,"General","Xavier Nettancourt","Xavier Nettancourt","2/9/2024","1/10/2024","12/11/2023","11/11/2023","10/27/2023","4/11/2024","Bathtub","46e00a0d-f012-4ca1-9820-803a4f5c7118","Subcontractors","4700121391","No","Dan Martin","Dan Martin",,"ISO 9001:2015","3/9/2024","2/9/2024","1/10/2024","12/11/2023","11/11/2023","10/27/2023","30",,"No",,"ES Fox",,"Construction Subcontract",,,,,"3/9/2024","5/21/2026 2:53 PM",,
"ea56859f-94da-439e-81e1-2ab00386adf3","A02180","56","6/11/2024","5/30/2024",,"5/21/2024","5/13/2024","3/1/2024","80,218",,"CCW","80,218",,,,"Yes",,,,,,,,"30","30","30","15","0","Yes","80,218",,"Concrete","Mahmoud Al-Fayez","Mahmoud Al-Fayez","6/15/2024","5/16/2024","4/16/2024","3/17/2024","3/2/2024",,"CAP Beam & Inner Ring Rebar (Supply and Installation)","27b78c3e-4961-4241-a57b-01ac85e20506","Subcontractors","4700122956","No","Diogo Mello","Diogo Mello",,"Best Commercial","7/15/2024","6/15/2024","5/16/2024","4/16/2024","3/17/2024","3/2/2024","30",,"No",,"Mansteel",,"Construction Subcontract",,,,,"7/15/2024","5/21/2026 2:53 PM",,
"97d48807-0897-4d2d-bd02-7774dcb576a5","A02180","12","6/11/2024","4/30/2024",,"4/1/2024","3/1/2024","3/1/2024","91,200",,"SE","91,200",,,,"Yes",,,,,,,,"30","30","30","15","0","Yes","91,200",,"SE/Site","Jot Jakher","Jot Jakher","5/1/2024","4/1/2024","3/2/2024","2/1/2024","1/17/2024",,"Access Control Cameras","c024b6f2-cba0-454b-85ee-1064c4e29ed5","Subcontractors","4200017380","No","Diogo Mello","Diogo Mello",,"Best Commercial","6/1/2024","5/1/2024","4/1/2024","3/2/2024","2/1/2024","1/17/2024","30",,"No",,"Live Patrol",,"Standard Purchase Order",,,,,"6/1/2024","5/21/2026 2:53 PM",,
"099d4dfd-9b8d-4a61-995b-e14ce230ee51","A02180","21","3/19/2024","3/15/2024",,"3/15/2024","2/20/2024","2/13/2024","165,563",,"CCW-NI","165,563",,,,"Yes",,,,,,,,"30","30","30","15","0","Yes","165,563",,"CCW/Shaft","Ian Butt","Ian Butt","4/1/2024","3/2/2024","2/1/2024","1/2/2024","12/18/2023",,"Drill & Blast - Monitoring Consultant","9a244811-11cc-47d4-9079-85c49d6a1981","Subcontractors","4700120027","No","Dan Martin","Dan Martin",,"Best Commercial","5/1/2024","4/1/2024","3/2/2024","2/1/2024","1/2/2024","12/18/2023","30",,"No",,"WSP",,"Consulting Agreement",,,,,"5/1/2024","5/21/2026 2:53 PM",,
"1c86c37c-4f92-4bf0-a7a9-a627c74b401b","A02180","166","5/28/2024","5/28/2024",,"5/24/2024","5/14/2024","2/21/2024","123,700",,"SE","139,779.45",,,,"Yes",,,,,,,,"30","30","30","15","0","Yes","123,700",,"General","Yuri Andrade","Yuri Andrade","6/1/2024","5/2/2024","4/2/2024","3/3/2024","2/17/2024",,"Concrete Pumping","3514f615-af17-4a86-a00f-68dd4ce22d11","Subcontractors","4700124075","No","Diogo Mello","Diogo Mello",,"Best Commercial","7/1/2024","6/1/2024","5/2/2024","4/2/2024","3/3/2024","2/17/2024","30",,"No",,"Amherst",,"Construction Subcontract",,,,,"7/1/2024","5/21/2026 2:53 PM",,
"6e03d63d-1a87-4426-891f-5784fa5b9f9c","A02180","PO_20","3/1/2024","3/1/2024",,"2/25/2024","2/7/2024","2/7/2024","279,919.34",,"CCW-NI","348,641",,,,"Yes",,,,,,,,"30","30","30","15","0",,,,"EHS","Anthony Rigitano","Anthony Rigitano","6/1/2024","5/2/2024","4/2/2024","3/3/2024","2/17/2024",,"Rescue Team (BG4, oxi-Ks, respirators, driers...)","8f7b157f-5403-4170-8e93-8302f3571fde","Construction Equipment","4200017149","No","Dan Martin","Dan Martin",,"Best Commercial","7/1/2024","6/1/2024","5/2/2024","4/2/2024","3/3/2024","2/17/2024","30",,"No",,"DRAEGER",,"Standard Purchase Order",,,,,"7/1/2024","5/21/2026 2:53 PM",,
"1f5d5ce7-9ae3-44ad-b6f0-011cb773c202","A02180","55","4/16/2024","4/9/2024",,"3/21/2024","2/8/2024","2/8/2024","83,500",,"CCW","360,500",,,"0","Yes",,,,,,,,"30","30","30","15","0","Yes","83,500",,"CCW/Tunnel","Nicolas Granjon","Nicolas Granjon","8/1/2024","7/2/2024","6/2/2024","5/3/2024","4/18/2024",,"TBM Launching Structures Design","2b5c5a13-a0a5-4581-a0a4-76d4a84240a6","Subcontractors","4700123115","No","Diogo Mello","Diogo Mello",,"Best Commercial","9/1/2024","8/1/2024","7/2/2024","6/2/2024","5/3/2024","4/18/2024","30",,"No",,"Substruction Engineering",,"Consulting Agreement",,,,,"9/1/2024","5/21/2026 2:53 PM",,
"603908a3-fe25-45ac-9fb6-81e0d6c13c9d","A02180","229",,,,,,,,,"NI",,,,,"No",,,,,,,,"30","30","30","15","1",,,,"CI","Daman Grewal","Daman Grewal",,,,,,,"Grout Installation below Basemat","f3a4295d-7e15-42c7-8185-1fc98e3593f5",,,"No","Mahendra Don","Mahendra Don",,"Best Commercial",,,,,,,"30",,"No",,,,"Construction Subcontract",,,,,,"5/21/2026 2:53 PM",,
"77f3c334-5a73-4d68-9bf5-3f1c0f1a1ba4","A02180","-",,,,,,,,,"CI",,,,,"No",,,,,,,,"30","30","30","15","1",,,,"CI","Hiten Patel","Hiten Patel",,,,,,,"Grout pads and small concrete placement","3c21babe-50ad-4525-a096-f9437ef8ea42",,,"No","Mahendra Don","Mahendra Don",,"Best Commercial",,,,,,,"30",,"No",,,,"Construction Subcontract",,,,,,"5/21/2026 2:53 PM",,
"10275962-794e-408e-9de9-759a624964d0","A02180","71","5/1/2024","4/2/2024",,"3/3/2024","2/17/2024","2/2/2024","260,879.16",,"SE","260,879.16",,,,"Yes",,,,,"Yes","260,879.16",,"30","30","30","15","0","Yes","260,879.16",,"SE/Site","Peter Lindsay","Peter Lindsay","5/1/2024","4/1/2024","3/2/2024","2/1/2024","1/17/2024",,"Asbestos Pipe Removal","5bf86860-0332-46ee-b09b-3df2a8ee8f6d","Subcontractors","4700123019","No","Diogo Mello","Diogo Mello",,"Best Commercial","6/1/2024","5/1/2024","4/1/2024","3/2/2024","2/1/2024","1/17/2024","30",,"No",,"A6N",,"Construction Subcontract",,,,,"6/1/2024","5/21/2026 2:53 PM",,
"f42a8c17-b4dc-49b9-9e06-99b52fbfa1c9","A02180","167","4/17/2025","4/17/2025",,"4/21/2025","4/17/2025","4/17/2024","2,779,100",,"NI","2,779,100",,,,"Yes",,,,,,,,"30","30","30","15","U71",,,,"NI","Rubab Shahid","Rubab Shahid","8/9/2025","7/10/2025","6/10/2025","5/11/2025","4/26/2025",,"HDC - Batch Plant & Mixer","bbf6bb32-5eed-491d-8c3f-742588df7a83","Materials (Commodities)","4500684776","Yes","Quinn McLafferty","Quinn McLafferty",,"Best Commercial","9/9/2025","8/9/2025","7/10/2025","6/10/2025","5/11/2025","4/26/2025","30",,"No",,"B.M.H Systems",,"Commodities Agreement",,,,,"9/9/2025","5/21/2026 2:53 PM",,
"21405476-7144-4191-8b3f-9577605486d7","A02180","-","10/1/2025","9/1/2025",,"8/2/2025","7/3/2025","6/18/2025","1,186,734",,"NI","1,186,734",,,,"Yes",,,,,,,,"30","30","30","15","U71","Yes","1,186,734",,"NI","Rubab Shahid","Rubab Shahid","9/30/2025","8/31/2025","8/1/2025","7/2/2025","6/17/2025",,"HDC Batch Plant Equipment","4fbe9028-1db8-41aa-92c2-c036bda97204","Construction Equipment","4500693460","Yes","Quinn McLafferty","Quinn McLafferty",,"Best Commercial","10/31/2025","9/30/2025","8/31/2025","8/1/2025","7/2/2025","6/17/2025","30",,"No",,"J. McCoy Equipment",,"Commodities Agreement",,,,,"10/31/2025","5/21/2026 2:53 PM",,"total budget for HDC batch plant equipment across., CBM, BMH and JMccoy is 8.8M"
"69d40dac-ebfb-4371-9532-e9206a2f5f6b","A02180","-","10/1/2025","9/1/2025",,"8/2/2025","7/3/2025","6/18/2025","2,855,870",,"NI","2,855,870",,,,"Yes",,,,,,,,"30","30","30","15","U71",,,,"NI","Rubab Shahid","Rubab Shahid","9/30/2025","8/31/2025","8/1/2025","7/2/2025","6/17/2025",,"HDC Batch Plant Equipment","5375e89d-92f0-433f-8d55-4d99b100eb0d","Construction Equipment","4500684776","Yes","Quinn McLafferty","Quinn McLafferty",,"Best Commercial","10/31/2025","9/30/2025","8/31/2025","8/1/2025","7/2/2025","6/17/2025","30",,"No",,"LES Systems B.M.H",,"Commodities Agreement",,,,,"10/31/2025","5/21/2026 2:53 PM",,"total budget for HDC batch plant equipment across., CBM, BMH and JMccoy is 8.8M"
"7b0ebfa8-d3a4-48e9-a892-9ef80e381afa","A02180","171","6/6/2025","6/3/2025",,"6/1/2025","5/20/2025","4/30/2025","960,980",,"NI","960,980",,,,"Yes",,,,,,,,"30","30","30","15","1","Yes","960,980",,"NI","Rubab Shahid","Rubab Shahid","8/5/2025","7/6/2025","6/6/2025","5/7/2025","4/22/2025",,"HDC Batch Plant Equipment","2db579fd-de17-4dcf-9a7a-0b5285271238","Construction Equipment","4500693460","Yes","Quinn McLafferty","Quinn McLafferty",,"Best Commercial","9/5/2025","8/5/2025","7/6/2025","6/6/2025","5/7/2025","4/22/2025","30",,"No",,"J. McCoy Equipment",,"Commodities Agreement",,,,,"9/5/2025","5/21/2026 2:53 PM",,
"59b75623-58ed-40da-a50f-c3f44833ba8f","A02180","32","4/10/2024","3/28/2024",,"3/8/2024","2/9/2024","2/1/2024","2,690,700",,"CCW","2,756,570",,,"178538.55","Yes",,,,,,,,"30","30","30","15","0",,,,"CCW/Tunnel","Nicolas Granjon","Nicolas Granjon","4/1/2024","3/2/2024","2/1/2024","1/2/2024","12/18/2023",,"Procurement, Manufacturing & Delivery MSVs","6045f6f7-f5ac-4cb4-8ebd-5fe8afec366b","Construction Equipment","4700125370","No","Diogo Mello","Diogo Mello",,"Best Commercial","5/1/2024","4/1/2024","3/2/2024","2/1/2024","1/2/2024","12/18/2023","30",,"No",,"Mining Equipment",,"Commodities Agreement",,,,,"5/1/2024","5/21/2026 2:53 PM",,"Award without buyback"
"8b3d4efd-774a-42b4-bf81-ff800138b6c5","A02180","249","2/9/2026","2/10/2026",,"2/10/2026","1/27/2026","2/2/2026","4,636,706",,"NI","4,636,706",,,,"Yes",,,,,,,,"30","30","30","15","1","Yes","4,636,706",,"NI","David Leclerc","David Leclerc","3/30/2026","2/28/2026","1/29/2026","12/30/2025","12/15/2025",,"DSPC Wall Fabrication (Soutwestern MFG)","a88ef688-595f-413b-b6bd-5152b460b285","Subcontractors","4300007289","Yes","Alan Bartolo","Alan Bartolo",,"N299-3","4/30/2026","3/30/2026","2/28/2026","1/29/2026","12/30/2025","12/15/2025","30",,"No",,"Southwestern Manufacturing",,"Construction Subcontract",,,,,"4/30/2026","5/21/2026 2:53 PM",,
"25f1a99c-6b86-4fc4-99f0-9d12a408d4ec","A02180","41","3/6/2024","3/1/2024",,"3/1/2024","2/15/2024","1/31/2024","6,800",,"CCW","11,931",,,,"Yes",,,,,,,,"30","30","30","15","0",,,,"Technical","Nathan Johnson","Nathan Johnson","2/29/2024","1/30/2024","12/31/2023","12/1/2023","11/16/2023",,"Tower Crane Foundations Design (outfall)","2ebf4744-4eb7-4766-b9ba-4081187712e0","Subcontractors","4700124140","No","Meesam Rasool","Meesam Rasool",,"Best Commercial","3/31/2024","2/29/2024","1/30/2024","12/31/2023","12/1/2023","11/16/2023","30",,"No",,"APA",,"Consulting Agreement",,,,,"3/31/2024","5/21/2026 2:53 PM",,"UCI didnÂ’t provide calculation. To be awarded to EXP"
"b737d89d-5b38-48ed-8962-c4300fd7fa07","A02180","147","2/15/2024","11/4/2023",,"10/4/2023","9/12/2023","9/6/2023","40,107,080",,"NI","39,352,683.44",,,,"Yes",,,,,,,,"30","30","30","15","U71","Yes","40,107,080",,"NI","Thomas Pailloux","Thomas Pailloux","9/1/2025","8/2/2025","7/3/2025","6/3/2025","5/19/2025",,"Heavy Haul Crane","2726e898-7275-44d6-aa99-a7a903f2bd9b","Subcontractors","4700123858","No","Mahendra Don","Mahendra Don",,"Best Commercial","10/1/2025","9/1/2025","8/2/2025","7/3/2025","6/3/2025","5/19/2025","30",,"No",,"Sarens Canada",,"Construction Subcontract",,,,,"10/1/2025","5/21/2026 2:53 PM",,
"5762bcc9-bff3-45d0-9aad-db1ae1be4fbd","A02180","-",,,,,,,,,"CI",,,,,"No",,,,,,,,"30","30","30","15","1",,,,"NI","Aran Fox","Aran Fox",,,,,,,"Heavy Haul Transport & Speciality Lifting Rigging/Handling","d10431aa-3b2d-41ef-8203-9f8137c8d887",,,"No","Mahendra Don","Mahendra Don",,"Best Commercial",,,,,,,"30",,"No",,,,"Construction Subcontract",,,,,,"5/21/2026 2:53 PM",,
"9bcf99c8-398d-458a-9b56-cb94fdf12667","A02180","-",,,,,,,,,"NI",,,,,"No",,,,,,,,"30","30","30","15","K20",,,,"NI","Tanzeel Ahmed","Tanzeel Ahmed","3/10/2026","2/8/2026","1/9/2026","12/10/2025","11/25/2025",,"HIC Tanks 1, 2 & 3","6e327ac5-f9fd-40e9-92e8-7c195f99ca69",,,"No","Mahendra Don","Mahendra Don",,,"4/10/2026","3/10/2026","2/8/2026","1/9/2026","12/10/2025","11/25/2025","30",,"No",,,,"Cancelled",,,,,"4/10/2026","5/21/2026 2:53 PM",,
"5d378950-cc68-44c2-8d0c-8860c9ea712e","A02180","149","4/2/2025","3/30/2025",,"3/27/2025","3/14/2025","3/3/2025","3,681,400",,"NI","8,836,055",,,,"Yes",,"N",,,,,,"30","30","30","15","1","Yes","3,681,400",,"NI","Thomas Pailloux","Thomas Pailloux","8/9/2025","7/10/2025","6/10/2025","5/11/2025","4/26/2025",,"High Density Concrete Batch Plant","15cc27d0-d205-4437-b82e-079636192150","Construction Equipment","4500681836","Yes","Quinn McLafferty","Quinn McLafferty","N","Best Commercial","9/9/2025","8/9/2025","7/10/2025","6/10/2025","5/11/2025","4/26/2025","30",,"No",,"Canada Building Materials - St. Mary's Cement",,"Commodities Agreement",,,,,"9/9/2025","5/21/2026 2:53 PM",,"Total Funding Budget 8.836M. Inital PO issue only for LLM equipment - 3.681M - other costs being firmed and award value will change"
"72caaffb-0358-4731-8320-c506243b0b69","A02180","38","2/27/2024","2/27/2024",,"2/13/2024","1/29/2024","1/14/2024","128,936",,"CCW-NI","99,273",,,,"Yes",,,,,,,,"30","30","30","15",,"Yes","128,936",,"CCW/Shaft","Eduardo Iglesias","Eduardo Iglesias",,,,,,,"Ventilation (fans, VFDs, silencers & Steel Struc.) (design)","06b4226c-59ef-4803-b4d3-3d966d7f44ec","Construction Equipment","4700124180","No","Dan Martin","Dan Martin",,"Best Commercial",,"2/27/2024","2/27/2024","2/13/2024","1/29/2024","1/14/2024","30",,"No",,"SRK CONSULTING",,"Consulting Agreement",,,,,,"6/19/2026 12:37 AM",,
"73d93f8e-9d47-4326-98de-e7b89b9544ca","A02180","27","5/27/2024","5/24/2024",,"2/29/2024","1/25/2024","1/19/2024","1,945,682",,"SE","1,637,886",,,,"Yes",,,,,,,,"30","30","30","15","0","Yes","1,945,682",,"CCW/Shaft","Ian Butt","Ian Butt","4/1/2024","3/2/2024","2/1/2024","1/2/2024","12/18/2023",,"Dewatering","7a49b97c-adc2-4d7d-9c1d-c9c1f200abe1","Subcontractors","4700130399","No","Meesam Rasool","Meesam Rasool",,"Best Commercial","5/1/2024","4/1/2024","3/2/2024","2/1/2024","1/2/2024","12/18/2023","30",,"No",,"WJ",,"Construction Subcontract",,,,,"5/1/2024","5/21/2026 2:53 PM",,
"cc108d94-2acd-4e61-beda-94131e41189a","A02180","28",,,,"2/14/2024","1/31/2024","1/12/2024",,,"SE",,,,,"No",,,,,,,,"30","30","30","15","0",,,,"SE/Buildings","Frank Gou","Frank Gou","3/1/2024","1/31/2024","1/1/2024","12/2/2023","11/17/2023",,"Earth Works (Fab Shop & WH)","d9f8e6d7-32ae-42d9-8b6e-3fcaf790cb9b",,,"No","Dan Martin","Dan Martin",,"Best Commercial","4/1/2024","3/1/2024","1/31/2024","1/1/2024","12/2/2023","11/17/2023","30",,"No",,,,"Cancelled",,,,,"4/1/2024","5/21/2026 2:53 PM",,
"23a277b2-e789-4fe6-ad9d-2ab4efba8b0c","A02180","A02180-284",,,,,"4/30/2026","4/29/2026",,,"CI",,,,,"No",,,,,,,,"30","30","30","15",,,,,"CI","Babak Taleghani","Babak Taleghani","7/29/2026","6/29/2026","5/30/2026","4/30/2026","4/29/2026",,"HVAC Constructubility","77374f5e-fffb-43a4-9e41-add0e1318c20",,,"No","Diogo Mello","Diogo Mello",,"ISO 9001:2015","8/29/2026","7/29/2026","6/29/2026","5/30/2026","4/30/2026","4/29/2026","30",,"No",,,,"Engineered Equipment",,,,,,"5/21/2026 2:53 PM",,
"b9b1a6e9-6206-44c2-8cc2-1ecbeb200414","A02180","160","6/9/2025","5/12/2025",,"5/9/2025","4/30/2025","4/22/2025","3,650",,"CCW","4,000",,,,"Yes",,,,,,,,"30","30","30","15","0","Yes","3,650",,"CCW/Tunnel","Mohamed Radwan","Mohamed Radwan","4/12/2025","3/13/2025","2/11/2025","1/12/2025","12/28/2024",,"HDPE Fusion","bc19c507-2258-4576-ad9d-30b966be34e3","Subcontractors","4700139381","No","Valentina Kukharchuk","Valentina Kukharchuk",,"Best Commercial","5/12/2025","4/12/2025","3/13/2025","2/11/2025","1/12/2025","12/28/2024","30",,"No",,"Atlas Dewatering Corporation",,"Construction Subcontract",,,,,"5/12/2025","5/21/2026 2:53 PM",,
"e8e94ca8-088b-44ad-b195-9161f294d10b","A02180","31","2/5/2024","2/19/2024",,"2/9/2024","1/19/2024","1/11/2024","3,719,800",,"SE","3,867,800",,,,"Yes",,,,,"Yes","3,719,800",,"30","30","30","15","0","Yes","3,719,800",,"SE/Site","Peter Lindsay","Peter Lindsay","1/15/2024","12/16/2023","11/16/2023","10/17/2023","10/2/2023","2/1/2024","Site Services/prep (Voyageur)","fe6bd924-9f48-4463-88b1-59358dbb1585","Subcontractors","4700120318","No","Dan Martin","Dan Martin",,"Best Commercial","2/15/2024","1/15/2024","12/16/2023","11/16/2023","10/17/2023","10/2/2023","30",,"No",,"Voyager *",,"Construction Subcontract",,,,,"2/15/2024","5/21/2026 2:53 PM",,
"7accc999-5029-4cf3-9e54-5f31916249d7","A02180","44","2/27/2024","2/26/2024",,"1/31/2024","1/16/2024","1/1/2024","19,287",,"CCW-NI","4,600",,,,"Yes",,,,,,,,"30","30","30","15","0","Yes","19,287",,"CCW/Shaft","Eduardo Iglesias","Eduardo Iglesias",,,,,,,"Mucking System (design)","74dbfd6f-d84c-40ea-8d2a-77777d977265","Subcontractors","4700121603","No","Dan Martin","Dan Martin",,"Best Commercial",,,,,,,"30",,"No",,"Western Mechanical Electrical Millwright Services",,"Consulting Agreement",,,,,,"5/21/2026 2:53 PM",,
"f5fd4b12-590d-4f55-8fa1-66ab4358b214","A02180","288",,,,,,,,,"SE","777,480",,,,"No",,,,,,,,"30","30","30","15","0",,,,"SE/Buildings","Frank Gou","Frank Gou","9/18/2026","8/19/2026","7/20/2026","6/20/2026","6/5/2026",,"Drywall & Acoustical Ceiling - Security Bld","6ba790aa-da9f-492e-a075-c751e20d3899",,,"No","Meesam Rasool","Meesam Rasool",,"Best Commercial","10/18/2026","9/18/2026","8/19/2026","7/20/2026","6/20/2026","6/5/2026","30",,"No",,,,"Construction Subcontract",,,,,"10/18/2026","5/21/2026 2:53 PM",,
"40635c8e-6e71-4f3b-b247-2e2e2b52b09f","A02180","287",,,,,,,,,"SE","50,545",,,,"No",,,,,,,,"30","30","30","15","0",,,,"SE/Buildings","Frank Gou","Frank Gou","9/18/2026","8/19/2026","7/20/2026","6/20/2026","6/5/2026",,"Exterior Insulation and Finish (EIFS) - Security Bld","764ee96e-fe4f-4ff2-a4d7-023d91a9762d",,,"No","Meesam Rasool","Meesam Rasool",,"Best Commercial","10/18/2026","9/18/2026","8/19/2026","7/20/2026","6/20/2026","6/5/2026","30",,"No",,,,"Construction Subcontract",,,,,"10/18/2026","5/21/2026 2:53 PM",,
"88498bcf-1141-405b-b8ba-47d4c502fdf3","A02180","3","1/26/2024","1/11/2024",,"12/27/2023","12/12/2023","11/27/2023","28,800,562",,"CCW","30,797,355.93",,,"3895466.78","Yes",,,,,,,,"30","30","30","15","0","Yes","28,800,562",,"CCW/Tunnel","Nicolas Granjon","Nicolas Granjon","3/1/2025","1/30/2025","12/31/2024","12/1/2024","11/16/2024","2/15/2024","TBM/STP/Slurry Transport System","670bfd1c-1399-4474-95ac-e9bdbcb623f7","Construction Equipment","4500620906","Yes","Dan Martin","Dan Martin",,"Best Commercial","4/1/2025","3/1/2025","1/30/2025","12/31/2024","12/1/2024","11/16/2024","30",,"No",,"Herrenknecht",,"Commodities Agreement",,,,,"4/1/2025","5/21/2026 2:53 PM",,"Award without buyback"
"d0ca9e69-d453-4329-9303-42c3cc3be7cf","A02180","293",,,,,,,,,"SE","28,000",,,,"No",,,,,,,,"30","30","30","15","0",,,,"SE/Buildings","Frank Gou","Frank Gou","9/18/2026","8/19/2026","7/20/2026","6/20/2026","6/5/2026",,"Finish Carpentry - Security Bld","032c43a2-9404-43f1-a0f2-2c364a997e8c",,,"No","Meesam Rasool","Meesam Rasool",,"Best Commercial","10/18/2026","9/18/2026","8/19/2026","7/20/2026","6/20/2026","6/5/2026","30",,"No",,,,"Construction Subcontract",,,,,"10/18/2026","5/21/2026 2:53 PM",,
"3e731f2b-4201-4c74-bee1-bf37dce41197","A02180","24.4","10/16/2024","4/2/2024",,"12/12/2023","11/20/2023","11/13/2023","198,000",,"SE","198,000",,,,"Yes",,,,,,,,"30","30","30","15","0","Yes","198,000",,"CCW/Tunnel","Nicolas Granjon","Nicolas Granjon","10/1/2024","9/1/2024","8/2/2024","7/3/2024","6/18/2024",,"Tower Crane Installations","63515885-ad69-43da-b079-58b24ed1c7af","Subcontractors","4700134659","No","Meesam Rasool","Meesam Rasool",,"Best Commercial","11/1/2024","10/1/2024","9/1/2024","8/2/2024","7/3/2024","6/18/2024","30",,"No",,"Cropac",,"Construction Subcontract",,,,,"11/1/2024","5/21/2026 2:53 PM",,
"9b5b7604-80f9-4f31-979f-718e82eaeeb7","A02180","24.2","3/20/2024","3/20/2024",,"12/12/2023","11/20/2023","11/13/2023","1,050,000",,"SE","1,050,000",,,,"Yes",,,,,,,,"30","30","30","15","0","Yes","1,050,000",,"Technical","Nathan Johnson","Nathan Johnson","9/1/2024","8/2/2024","7/3/2024","6/3/2024","5/19/2024",,"Tower Crane Forebay","0e55460c-850e-43cb-ad6e-2ce1874465b7","Plant Equipment","4500622297","No","Meesam Rasool","Meesam Rasool",,"Best Commercial","10/1/2024","9/1/2024","8/2/2024","7/3/2024","6/3/2024","5/19/2024","30",,"No",,"Cropac",,"Commodities Agreement",,,,,"10/1/2024","5/21/2026 2:53 PM",,
"70d6766c-4328-48ca-bf94-853d3c8d7d04","A02180","-",,,,,,,,,"CI",,,,,"No",,,,,,,,"30","30","30","15","1",,,,"CI","David Bowman","David Bowman",,,,,,,"Instrument Calibrations & Loop Checks (pre-commissioning)","35b7f9a3-ddb8-4d84-99c5-d450a9d76c80",,,"No","Ziba Sattari","Ziba Sattari",,"Best Commercial",,,,,,,"30",,"No",,,,"Construction Subcontract",,,,,,"5/21/2026 2:53 PM",,
"f217e84a-c0f1-4db2-865e-b8da757dc60a","A02180","-",,,,,,,,,"CI",,,,,"No",,,,,,,,"30","30","30","15","N21",,,,"NI","Jeremy Francis","Jeremy Francis","12/26/2025","11/26/2025","10/27/2025","9/27/2025","9/12/2025",,"Instrumentation (N21)","078f591f-f1bd-4740-948a-073b77dd3292",,,"No","Mahendra Don","Mahendra Don",,,"1/26/2026","12/26/2025","11/26/2025","10/27/2025","9/27/2025","9/12/2025","30",,"No",,,,"Cancelled",,,,,"1/26/2026","5/21/2026 2:53 PM",,
"45de5467-ed87-4abd-84f0-b4c20dce8386","A02180","-",,,,,,,,,"CI",,,,,"No",,,,,,,,"30","30","30","15","N31",,,,"NI","Jeremy Francis","Jeremy Francis","1/25/2026","12/26/2025","11/26/2025","10/27/2025","10/12/2025",,"Instrumentation (N31)","94c4f9a5-4b6f-43f4-bff5-5f80e0b7294b",,,"No","Mahendra Don","Mahendra Don",,,"2/25/2026","1/25/2026","12/26/2025","11/26/2025","10/27/2025","10/12/2025","30",,"No",,,,"Cancelled",,,,,"2/25/2026","5/21/2026 2:53 PM",,
"ea85a6c6-3ec0-4989-a3ed-6740ec34563d","A02180","-",,,,,,,,,"CI",,,,,"No",,,,,,,,"30","30","30","15","N35",,,,"NI","Jeremy Francis","Jeremy Francis","4/29/2026","3/30/2026","2/28/2026","1/29/2026","1/14/2026",,"Instrumentation (N35)","111ad8f5-877c-48e2-b2eb-cfbd028b5661",,,"No","Mahendra Don","Mahendra Don",,,"5/29/2026","4/29/2026","3/30/2026","2/28/2026","1/29/2026","1/14/2026","30",,"No",,,,"Cancelled",,,,,"5/29/2026","5/21/2026 2:53 PM",,
"2bb12613-ce35-49d5-866d-de660779811b","A02180","-",,,,,,,,,"CI","0",,,,"No",,,,,,,,"30","30","30","15","N41",,,,"NI","Jeremy Francis","Jeremy Francis","5/10/2026","4/10/2026","3/11/2026","2/9/2026","1/25/2026",,"Instrumentation (N41)","b4c23c53-1d72-475e-9346-b78a13daedb8",,,"No","Chris Saliba","Chris Saliba",,,"6/10/2026","5/10/2026","4/10/2026","3/11/2026","2/9/2026","1/25/2026","30",,"No",,,,"Cancelled",,,,,"6/10/2026","5/21/2026 2:53 PM",,
"43063f77-db41-4370-b731-fcf2fbedc9a2","A02180","-",,,,,,,,,"CI",,,,,"No",,,,,,,,"30","30","30","15","N61",,,,"NI","Jeremy Francis","Jeremy Francis","6/10/2026","5/11/2026","4/11/2026","3/12/2026","2/25/2026",,"Instrumentation (N61)","2b4148b2-816b-4984-ae4e-66893ca38de1",,,"No","Mahendra Don","Mahendra Don",,,"7/10/2026","6/10/2026","5/11/2026","4/11/2026","3/12/2026","2/25/2026","30",,"No",,,,"Cancelled",,,,,"7/10/2026","5/21/2026 2:53 PM",,
"2886b703-f9b8-4970-a73f-bc25438d64cd","A02180","-",,,,,,,,,"CI",,,,,"No",,,,,,,,"30","30","30","15","P25",,,,"NI","Jeremy Francis","Jeremy Francis","7/5/2026","6/5/2026","5/6/2026","4/6/2026","3/22/2026",,"Instrumentation (P25)","2f5b967a-024c-40c4-bfdc-29d142baf089",,,"No","Mahendra Don","Mahendra Don",,,"8/5/2026","7/5/2026","6/5/2026","5/6/2026","4/6/2026","3/22/2026","30",,"No",,,,"Cancelled",,,,,"8/5/2026","5/21/2026 2:53 PM",,
"23010463-05bd-422f-b926-6e22d2be34af","A02180","-",,,,,,,,,"CI",,,,,"No",,,,,,,,"30","30","30","15","P73",,,,"NI","Jeremy Francis","Jeremy Francis","5/1/2024","4/1/2024","3/2/2024","2/1/2024","1/17/2024",,"Instrumentation (P73)","b0b1bcf5-aa82-47b2-9e2b-7c1806f5fc26",,,"No","Quinn McLafferty","Quinn McLafferty",,,"6/1/2024","5/1/2024","4/1/2024","3/2/2024","2/1/2024","1/17/2024","30",,"No",,,,"Cancelled",,,,,"6/1/2024","5/21/2026 2:53 PM",,
"9594c76e-8368-4773-84e6-e0fc5b4b982c","A02180","-",,,,,,,,,"CI",,,,,"No",,,,,,,,"30","30","30","15","P87",,,,"NI","Jeremy Francis","Jeremy Francis","5/1/2024","4/1/2024","3/2/2024","2/1/2024","1/17/2024",,"Instrumentation (P87)","6990a030-5531-490c-af5b-7f61b87acc47",,,"No","Quinn McLafferty","Quinn McLafferty",,,"6/1/2024","5/1/2024","4/1/2024","3/2/2024","2/1/2024","1/17/2024","30",,"No",,,,"Cancelled",,,,,"6/1/2024","5/21/2026 2:53 PM",,
"2f947531-1b90-41c9-9eab-87f7dc340e7d","A02180","-",,,,,,,,,"CI",,,,,"No",,,,,,,,"30","30","30","15","1",,,,"CI","Hiten Patel","Hiten Patel",,,,,,,"Intumescent coatings","604c107b-8476-47ce-9865-a94c45e37507",,,"No","Ziba Sattari","Ziba Sattari",,"Best Commercial",,,,,,,"30",,"No",,,,"Construction Subcontract",,,,,,"5/21/2026 2:53 PM",,
"395e089c-342f-4834-9f51-d87a34ee3e14","A02180","-",,,,,,,,,"CI",,,,,"No",,,,,,,,"30","30","30","15","1",,,,"CI","Shawn Brown","Shawn Brown",,,,,,,"Isophase Bus","10212271-806b-4de7-bbd7-6b436a1fb956",,,"No","Ziba Sattari","Ziba Sattari",,"ISO 9001:2015",,,,,,,"30",,"No",,,,"Commodities Agreement",,,,,,"5/21/2026 2:53 PM",,
"da879ef7-56bc-4daa-9098-663087135cea","A02180","24.3","3/20/2024","3/20/2024",,"12/12/2023","11/20/2023","11/13/2023","1,743,700",,"SE","1,743,700",,,,"Yes",,,,,,,,"30","30","30","15","0","Yes","1,743,700",,"Technical","Nathan Johnson","Nathan Johnson","9/1/2024","8/2/2024","7/3/2024","6/3/2024","5/19/2024",,"Tower Crane Reactor Shaft","70a24937-9954-4a8b-ae64-a89ff570a5d2","Construction Equipment","4500622306","No","Meesam Rasool","Meesam Rasool",,"Best Commercial","10/1/2024","9/1/2024","8/2/2024","7/3/2024","6/3/2024","5/19/2024","30",,"No",,"Cropac",,"Commodities Agreement",,,,,"10/1/2024","5/21/2026 2:53 PM",,
"298c7608-6670-4f50-afd2-1e769178f3f1","A02180","214","10/17/2025","9/30/2025",,"9/28/2025","8/8/2025","7/7/2025","800,000",,"NI","800,000",,,,"Yes",,,,,,,,"30","30","30","15","1",,,,"NI","Thomas Pailloux","Thomas Pailloux","9/10/2025","8/11/2025","7/12/2025","6/12/2025","5/28/2025",,"Kajima Corporation (Reactor Building Consultant)","37237dc9-e7d1-45d8-a898-9b9c8bf46854","Subcontractors","4700144830","Yes","Quinn McLafferty","Quinn McLafferty",,"Best Commercial","10/10/2025","9/10/2025","8/11/2025","7/12/2025","6/12/2025","5/28/2025","30",,"No",,"Kajima Corporation",,"Consulting Agreement",,,,,"10/10/2025","5/21/2026 2:53 PM",,
"39392954-3dc7-4913-b75d-324b6fd609a5","A02180","20","3/28/2024","3/14/2024",,"1/15/2024","12/15/2023","11/7/2023","740,110.5",,"SE","740,110.5",,,,"Yes",,,,,,,,"30","30","30","15","0","Yes","740,110.5",,"Quality","Tom Dziedziejko","Tom Dziedziejko","2/22/2024","1/23/2024","12/24/2023","11/24/2023","11/9/2023",,"Concrete Inspection & Testing","da937f06-a382-4412-9842-fdeb2e3961af","Subcontractors","4700121733","No","Dan Martin","Dan Martin",,"Best Commercial","3/22/2024","2/22/2024","1/23/2024","12/24/2023","11/24/2023","11/9/2023","30",,"No",,"GIP Construction Engineering Corp",,"Construction Subcontract",,,,,"3/22/2024","5/21/2026 2:53 PM",,
"9cba90b5-3406-4b81-a464-91101393531f","A02180","25","12/15/2023","1/12/2024",,"12/14/2023","11/13/2023","11/6/2023","407,000",,"SE","500,000",,,,"Yes",,,,,,,,"30","30","30","15","0","Yes","407,000",,"General","Xavier Nettancourt","Xavier Nettancourt","11/22/2023","10/23/2023","9/23/2023","8/24/2023","8/9/2023",,"Concrete Batch Plant","c3a5e37d-ef3c-4b48-acae-d8b83dd7575f","Construction Equipment","4700117488","No","Dan Martin","Dan Martin",,"Best Commercial","12/22/2023","11/22/2023","10/23/2023","9/23/2023","8/24/2023","8/9/2023","30",,"No",,"CBM",,"Commodities Agreement",,,,,"12/22/2023","5/21/2026 2:53 PM",,
"1eb14951-1991-4b7b-b5ad-9e7b454453fc","A02180","119","8/14/2025","7/24/2025",,"4/8/2025","3/20/2025","8/20/2025","6,762,400",,"NI","4,940,457",,,,"Yes",,,,,,,,"30","30","30","15","K10","Yes","6,762,400",,"NI","Tanzeel Ahmed","Tanzeel Ahmed","8/1/2026","7/2/2026","6/2/2026","5/3/2026","4/18/2026",,"Liquid Waste Management Tanks Â– RWST and CST and Sample and Collection","da5b4aeb-8c61-494a-9224-aeb3f53189a7","Plant Equipment","4300006634","No","Mahendra Don","Mahendra Don",,"NCA-4000","9/1/2026","8/1/2026","7/2/2026","6/2/2026","5/3/2026","4/18/2026","30",,"No",,"HOOPER WELDING ENTERPRISES LIMITED",,"Engineered Equipment",,,,,"9/1/2026","5/21/2026 2:53 PM",,
"12279b64-ae37-4563-9d75-ae541c2ab84b","A02180","24.1","2/9/2024","1/12/2024",,"12/12/2023","11/20/2023","11/13/2023","1,816,000",,"SE","1,744,000",,,"250000","Yes",,,,,,,,"30","30","30","15","0","Yes","1,816,000",,"CCW/Tunnel","Nicolas Granjon","Nicolas Granjon","5/1/2024","4/1/2024","3/2/2024","2/1/2024","1/17/2024","1/5/2024","Tower Crane Launch Shaft","b5c313ce-04c7-4c46-a317-aa9483827c03","Construction Equipment","4500619512","No","Meesam Rasool","Meesam Rasool",,"Best Commercial","6/1/2024","5/1/2024","4/1/2024","3/2/2024","2/1/2024","1/17/2024","30",,"No",,"Cropac",,"Commodities Agreement",,,,,"6/1/2024","5/21/2026 2:53 PM",,
"2ef9a2c6-313e-48e3-a769-d73cef8cd61c","A02180","33","2/6/2024","1/12/2024",,"12/14/2023","11/13/2023","11/6/2023","149,000",,"SE","149,000",,,,"Yes",,,,,,,,"30","30","30","15","0","Yes","149,000",,"SE/Site","Peter Lindsay","Peter Lindsay","2/1/2024","1/2/2024","12/3/2023","11/3/2023","10/19/2023",,"Security Consultant","aa93d5c7-fdfb-44e7-bd7a-4d8bcb98fc86","Subcontractors","4700123103","No","Dan Martin","Dan Martin",,"Best Commercial","3/1/2024","2/1/2024","1/2/2024","12/3/2023","11/3/2023","10/19/2023","30",,"No",,"Rismit Solutions",,"Consulting Agreement",,,,,"3/1/2024","5/21/2026 2:53 PM",,
"c1b49019-51e4-4dc0-8eba-1b2453087ecf","A02180","17","1/5/2024","12/1/2023",,"11/15/2023","10/30/2023","10/27/2023","649,910",,"SE","650,702.58",,,,"Yes",,,,,"Yes","649,910",,"30","30","30","15","0","Yes","649,910",,"SE/Site","Peter Lindsay","Peter Lindsay","1/15/2024","12/16/2023","11/16/2023","10/17/2023","10/2/2023",,"Phase 0 Trailers","eaae3066-fe79-42ed-ba81-8f4eb55a4ecb","Subcontractors","4700118796","No","Dan Martin","Dan Martin",,"Best Commercial","2/15/2024","1/15/2024","12/16/2023","11/16/2023","10/17/2023","10/2/2023","30",,"No",,"WILLSCOT",,"Construction Subcontract",,,,,"2/15/2024","5/21/2026 2:53 PM",,"Converted to USD @ 1.35"
"4a82293c-ab3f-4433-87a5-1ca6ab20ef3e","A02180","22","11/22/2023","11/15/2023",,"11/8/2023","11/1/2023","10/25/2023","164,839",,"SE","164,839",,,,"Yes",,,,,,,,"30","30","30","15","0","Yes","164,839",,"CCW/Shaft","Ian Butt","Ian Butt","10/29/2023","9/29/2023","8/30/2023","7/31/2023","7/16/2023",,"Pizometers/Monitoring Wells","6bf1c781-1125-48a1-85f7-d1dc5f0769df","Subcontractors","4500628145","No","Dan Martin","Dan Martin",,"Best Commercial","11/29/2023","10/29/2023","9/29/2023","8/30/2023","7/31/2023","7/16/2023","30",,"No",,"ES Fox",,"Construction Subcontract",,,,,"11/29/2023","5/21/2026 2:53 PM",,
"39fb6bac-c0cf-4158-8182-910867dcbb59","A02180","19","2/16/2024","1/12/2024",,"12/14/2023","11/13/2023","11/6/2023","1,708,771",,"SE","1,514,279",,,,"Yes",,,,,,,,"30","30","30","15","0","Yes","1,708,771",,"EHS","Sanjeet Dadhwal","Sanjeet Dadhwal","5/1/2024","4/1/2024","3/2/2024","2/1/2024","1/17/2024","4/11/2024","Waste Water Treatment Plant","23ea1f6c-6b8f-4ec2-b55f-6d2088cf805a","Construction Equipment","4700122536","No","Meesam Rasool","Meesam Rasool",,"Best Commercial","6/1/2024","5/1/2024","4/1/2024","3/2/2024","2/1/2024","1/17/2024","30",,"No",,"AQUATEC",,"Construction Subcontract",,,,,"6/1/2024","5/21/2026 2:53 PM",,
"87bffd02-dcb8-474b-b25f-8deb1277d9f6","A02180","291",,,,,,,,,"SE","112,250",,,,"No",,,,,,,,"30","30","30","15","0",,,,"SE/Buildings","Frank Gou","Frank Gou","9/18/2026","8/19/2026","7/20/2026","6/20/2026","6/5/2026",,"Metal Toilet Compartments & Washroom Accessories & Lockers - Security Bld","258bb351-4bb1-4c89-9f84-901dedc135ea",,,"No","Meesam Rasool","Meesam Rasool",,"Best Commercial","10/18/2026","9/18/2026","8/19/2026","7/20/2026","6/20/2026","6/5/2026","30",,"No",,,,"Construction Subcontract",,,,,"10/18/2026","5/21/2026 2:53 PM",,
"5fdfb393-3748-4578-9f2f-9ae3c5fd242e","A02180","289",,,,,,,,,"SE","204,250",,,,"No",,,,,,,,"30","30","30","15","0",,,,"SE/Buildings","Frank Gou","Frank Gou","9/18/2026","8/19/2026","7/20/2026","6/20/2026","6/5/2026",,"Overhead Coiling Doors - Security Bld","a4874d65-31d0-4654-9cfd-d1cfbd087942",,,"No","Meesam Rasool","Meesam Rasool",,"Best Commercial","10/18/2026","9/18/2026","8/19/2026","7/20/2026","6/20/2026","6/5/2026","30",,"No",,,,"Construction Subcontract",,,,,"10/18/2026","5/21/2026 2:53 PM",,
"7e894fa3-41a9-4758-b835-5eded2edd1d4","A02180","9","12/1/2023","10/15/2023",,"8/31/2023","7/20/2023","7/14/2023","1,201,565",,"SE","1,590,300",,,,"Yes",,,,,"Yes","1,201,565",,"30","30","30","15","0","Yes","1,201,565",,"SE/Buildings","George Kelly","George Kelly","2/1/2024","1/2/2024","12/3/2023","11/3/2023","10/19/2023",,"Access Control - Fencing","fd90d7b9-db8f-4fed-b0f4-8230e6186da2","Subcontractors","4700119179","No","Dan Martin","Dan Martin",,"Best Commercial","3/1/2024","2/1/2024","1/2/2024","12/3/2023","11/3/2023","10/19/2023","30",,"No",,"Peninsula",,"Construction Subcontract",,,,,"3/1/2024","5/21/2026 2:53 PM",,
"9398e19a-caa8-44e6-8d8e-0e9778bedfb4","A02180","-","2/6/2024","1/15/2024",,"1/15/2024","12/23/2023","12/23/2023","923,876.18",,"NI","812,507",,,,"Yes",,,,,,,,"30","30","30","15","U71","Yes","923,876.18",,"Industrial","Ian Pocock","Ian Pocock","3/25/2024","2/24/2024","1/25/2024","12/26/2023","12/11/2023",,"Metrology Equipment","7a34e2f4-ddd8-4519-91c5-69bdb77e9652","Materials (Commodities)","4500618700","Yes","Quinn McLafferty","Quinn McLafferty",,"Best Commercial","4/25/2024","3/25/2024","2/24/2024","1/25/2024","12/26/2023","12/11/2023","30",,"No",,"Hexagon Manufacturing",,"Commodities Agreement",,,,,"4/25/2024","5/21/2026 2:53 PM",,"Converted to USD @ 1.35"
"a07169f1-0db7-4e0a-8a58-41d3eef13be1","A02180","7","12/15/2023","11/15/2023",,"7/14/2023","6/19/2023","6/5/2023","10,708,638",,"SE","10,721,697.42",,,,"Yes",,,,,"Yes","10,708,638",,"30","30","30","15","0","Yes","10,708,638",,"SE/Buildings","George Kelly","George Kelly","7/1/2024","6/1/2024","5/2/2024","4/2/2024","3/18/2024","11/2/2023","Trailer Complex","daa30a41-42ee-4abe-ae79-97703ed24ee6","Subcontractors","4700119342","No","Dan Martin","Dan Martin",,"Best Commercial","8/1/2024","7/1/2024","6/1/2024","5/2/2024","4/2/2024","3/18/2024","30",,"No",,"WILLSCOT",,"Construction Subcontract",,,,,"8/1/2024","5/21/2026 2:53 PM",,
"16b2a5a4-c94c-4993-9c22-f790ea89ee66","A02180","8","9/18/2023","6/23/2023",,"6/16/2023","6/8/2023","6/5/2023","114,086",,"SE","356,452",,,,"Yes",,,,,,,,"30","30","30","15","0","Yes","114,086",,"CCW/Shaft","Eduardo Iglesias","Eduardo Iglesias","7/21/2023","6/21/2023","5/22/2023","4/22/2023","4/7/2023",,"SUE Investigation","e71d8cf3-eaad-4bbd-8788-a18d061b257f","Subcontractors","4700114780","No","Dan Martin","Dan Martin",,"Best Commercial","8/21/2023","7/21/2023","6/21/2023","5/22/2023","4/22/2023","4/7/2023","30",,"No",,"ES Fox",,"Construction Subcontract",,,,,"8/21/2023","5/21/2026 2:53 PM",,
"59e57cd8-d717-447c-b31f-a3ff5ce899bd","A02180","5.2","3/6/2024","2/27/2024",,"7/7/2023","5/22/2023","5/12/2023","11,817,906.71",,"CCW","7,874,706",,,,"Yes",,,,,,,,"30","30","30","15",,"Yes","11,817,906.71",,"CCW/Tunnel","Nicolas Granjon","Nicolas Granjon","12/1/2023","11/1/2023","10/2/2023","9/2/2023","8/18/2023","4/11/2024","Electrical facility (Design(SNC), Permits/Construction CCW","be1388bb-8066-41f0-b9eb-e8b7f68a9dcc","Subcontractors","4700121687","No","Dan Martin","Dan Martin",,"Best Commercial","1/1/2024","3/6/2024","2/27/2024","7/7/2023","5/22/2023","5/12/2023","30",,"No",,"Smith & Long",,"Construction Subcontract",,,,,"1/1/2024","7/2/2026 3:55 PM",,
"2c377a6b-ccc3-474d-92cc-b2d95b175424","A02180","5.1","12/15/2023","10/15/2023",,"7/7/2023","5/22/2023","5/12/2023","9,099,661",,"SE","8,956,873",,,,"Yes",,,,,,,,"30","30","30","15","0","Yes","9,099,661",,"CCW/Shaft","Eduardo Iglesias","Eduardo Iglesias","12/1/2023","11/1/2023","10/2/2023","9/2/2023","8/18/2023","10/24/2023","Electrical facility (Design, Permits & Construction) SE","073aab1d-8ec3-4681-ad5f-2f48b52aaa95","Subcontractors","4700119822","No","Dan Martin","Dan Martin",,"Best Commercial","1/1/2024","12/1/2023","11/1/2023","10/2/2023","9/2/2023","8/18/2023","30",,"No",,"Smith & Long",,"Construction Subcontract",,,,,"1/1/2024","5/21/2026 2:53 PM",,
"9744c39f-dea6-4af3-a21d-4bb9180c6eec","A02180","1","9/22/2023","5/26/2023",,"5/12/2023","4/19/2023","4/7/2023","499,850",,"SE","459,473.91",,,,"Yes",,,,,,,,"30","30","30","15","0","Yes","499,850",,"SE/Buildings","George Kelly","George Kelly",,,,,,,"Designer for Buildings (Fab Shop & )","a4faba76-3b30-4df1-af24-06ea2baf8421","Subcontractors","4700119186","No","Dan Martin","Dan Martin",,"Best Commercial",,,,,,,"30",,"No",,"WalterFedy",,"Design Services",,,,,,"5/21/2026 2:53 PM",,
"6cf4effe-188d-4a01-9ad6-544e7c5334c5","A02180","1","10/13/2023","5/26/2023",,"5/12/2023","4/19/2023","4/7/2023","2,553,888",,"SE","2,347,594.09",,,,"Yes",,,,,"Yes","2,553,888",,"30","30","30","15","0","Yes","2,553,888",,"SE/Buildings","George Kelly","George Kelly",,,,,,"10/10/2023","Designer for Buildings (Warehouse & Admin)","4efb983d-0c93-4c75-a176-6f3dc76f1a90","Subcontractors","4700119241","No","Dan Martin","Dan Martin",,"Best Commercial",,,,,,,"30",,"No",,"WalterFedy",,"Design Services",,,,,,"5/21/2026 2:53 PM",,
"4978654a-b40e-4ade-b363-e59e0d981dbd","A02180","2","4/18/2023","4/17/2023",,"4/5/2023","4/3/2023","3/31/2023","76,325",,"CCW","76,325",,,,"Yes",,,,,,,,"30","30","30","15","0","Yes","76,325",,"CCW/Shaft","Eduardo Iglesias","Eduardo Iglesias","3/20/2023","2/18/2023","1/19/2023","12/20/2022","12/5/2022",,"Maritime Works Consultant/Design Assist","e9d5854a-cd11-4d2a-96f4-f1abb035bd71","Subcontractors","4700110084","No","Dan Martin","Dan Martin",,"Best Commercial","4/20/2023","3/20/2023","2/18/2023","1/19/2023","12/20/2022","12/5/2022","30",,"No",,"Dean",,"Construction Subcontract",,,,,"4/20/2023","5/21/2026 2:53 PM",,
"fa6f312b-3365-4c08-b4f0-676b9a990cbb","A02180","157","4/11/2025","4/10/2025",,"4/10/2025","4/8/2025","4/10/2025","107,968.33",,"NI","200,000",,,,"Yes",,,,,,,,"30","30","30","15","1","Yes","107,968.33",,"NI","Rubab Shahid","Rubab Shahid","3/28/2025","2/26/2025","1/27/2025","12/28/2024","12/13/2024",,"Mock Up Slab Rebars","347962bc-1415-4c01-b5f9-354f13f99402","Subcontractors","4700136822","Yes","Mahendra Don","Mahendra Don",,"Best Commercial","4/28/2025","3/28/2025","2/26/2025","1/27/2025","12/28/2024","12/13/2024","30",,"No",,"MANSTEEL REBAR",,"Construction Subcontract",,,,,"4/28/2025","5/21/2026 2:53 PM",,
"a436acc7-9893-4e87-bb9d-0de1c6fc398b","A02180","163","7/1/2025","6/1/2025",,"5/2/2025","4/29/2025","4/21/2025","1,187,470.55",,"NI","1,187,470.55",,,,"Yes",,,,,,,,"30","30","30","15","1","Yes","1,187,470.55",,"NI","Dean James","Dean James","4/21/2025","3/22/2025","2/20/2025","1/21/2025","1/6/2025",,"Mock-up NDE Services","44bae1d7-5132-4819-81a7-cc320869760a","Subcontractors","4700140595","No","Mahendra Don","Mahendra Don",,"NCA-4000","5/21/2025","4/21/2025","3/22/2025","2/20/2025","1/21/2025","1/6/2025","30",,"No",,"RTD Quality Services (Applus)",,"Construction Subcontract",,,,,"5/21/2025","5/21/2026 2:53 PM",,
"9707aca7-8ae9-4ee3-b4b2-929dac25b267","A02180","-",,,,,,,,,"PB",,,,,"No",,,,,,,,"30","30","30","15","0",,,,"CI","Muhamed Maki","Muhamed Maki","6/23/2026","5/24/2026","4/24/2026","3/25/2026","3/10/2026",,"230kV CVTs","fa84a6f6-ebaf-44b4-a4ac-f721ba9590c5",,,"No","Dan Martin","Dan Martin",,"Best Commercial","7/23/2026","6/23/2026","5/24/2026","4/24/2026","3/25/2026","3/10/2026","30",,"No",,,,"On Hold",,,,,"7/23/2026","5/21/2026 2:53 PM",,
"5d58dc64-d428-40a4-a451-0a3b8bd9a00f","A02180","-",,,,,,,,,"PB",,,,,"No",,,,,,,,"30","30","30","15","0",,,,"CI","Muhamed Maki","Muhamed Maki","6/23/2026","5/24/2026","4/24/2026","3/25/2026","3/10/2026",,"230kV Disconnect Switches","a83a02f8-586c-4155-b700-1d2e908f39a6",,,"No","Dan Martin","Dan Martin",,"Best Commercial","7/23/2026","6/23/2026","5/24/2026","4/24/2026","3/25/2026","3/10/2026","30",,"No",,,,"On Hold",,,,,"7/23/2026","5/21/2026 2:53 PM",,
"953f3497-2ff0-46cd-a834-b17890532aa5","A02180","255",,,,,,,,,"NI",,,,,"No",,,,,,,,"30","30","30","15","N71",,,,"CCW","Ali Aboutaleb","Ali Aboutaleb","1/16/2026","12/17/2025","11/17/2025","10/18/2025","10/3/2025",,"N71 - Lateral Piping Supports","eb5c2581-671d-4d3e-9118-7fa5dbf42e94",,,"No","Mahendra Don","Mahendra Don",,"ISO 9001:2015","2/16/2026","1/16/2026","12/17/2025","11/17/2025","10/18/2025","10/3/2025","30",,"No",,,,"Self Perform",,,,,"2/16/2026","5/21/2026 2:53 PM",,
"a4c635f7-0cc2-4768-acd6-cdf7feda5058","A02180","-",,,,,,,,,"PB",,,,,"No",,,,,,,,"30","30","30","15","0",,,,"CI","Muhamed Maki","Muhamed Maki","6/23/2026","5/24/2026","4/24/2026","3/25/2026","3/10/2026",,"230kV Surge Arresters","70826f08-0ac3-435e-9c99-1988403f72c9",,,"No","Dan Martin","Dan Martin",,"Best Commercial","7/23/2026","6/23/2026","5/24/2026","4/24/2026","3/25/2026","3/10/2026","30",,"No",,,,"On Hold",,,,,"7/23/2026","5/21/2026 2:53 PM",,
"393512f0-a0f0-4897-b907-9b18d392959a","A02180","98","9/5/2025","12/4/2025",,"8/23/2024","8/16/2024","8/16/2024","2,175,105.84",,"CCW","3,225,104",,,,"Yes",,,,,,,,"30","30","30","15","0",,,,"General","Yuri Andrade","Yuri Andrade","1/2/2026","12/3/2025","11/3/2025","10/4/2025","9/19/2025",,"N71 Concrete Pipe","6537d534-a534-49bf-9a5f-c3ea884b12d8","Materials (Commodities)","4300006963","Yes","Brad Boakes","Brad Boakes",,"ISO 9001:2015","2/2/2026","1/2/2026","12/3/2025","11/3/2025","10/4/2025","9/19/2025","30",,"No",,"Northwest Pipe Company",,"Commodities Agreement",,,,,"2/2/2026","5/21/2026 2:53 PM",,
"ad91d9bc-4db9-43c7-8dac-1e34b0f92bee","A02180","-",,,,,,,,,"CI",,,,,"No",,,,,,,,"30","30","30","15","1",,,,"CI","David Bowman","David Bowman",,,,,,,"NDE Services","e9fc3bf1-56b7-4bac-ba6b-3296f71eec79",,,"No","Mahendra Don","Mahendra Don",,"NCA-4000",,,,,,,"30",,"No",,,,"Construction Subcontract",,,,,,"5/21/2026 2:53 PM",,
"08a2e217-fb22-4977-8350-c46e04c0341c","A02180","-",,,,,,,,,"PB",,,,,"No",,,,,,,,"30","30","30","15","0",,,,"CI","Muhamed Maki","Muhamed Maki","9/23/2025","8/24/2025","7/25/2025","6/25/2025","6/10/2025",,"Air Compressor","e97e2ece-496b-45a5-b816-71523501419a",,,"No","Dan Martin","Dan Martin",,"Best Commercial","10/23/2025","9/23/2025","8/24/2025","7/25/2025","6/25/2025","6/10/2025","30",,"No",,,,"On Hold",,,,,"10/23/2025","5/21/2026 2:53 PM",,
"a8f44eb8-69cc-4249-a90b-5e32f6417b2e","A02180","-",,,,,,,,,"PB",,,,,"No",,,,,,,,"30","30","30","15","0",,,,"CI","Muhamed Maki","Muhamed Maki","10/17/2025","9/17/2025","8/18/2025","7/19/2025","7/4/2025",,"Aux Circulating Water Pumps","bd63b66f-2c7e-4110-8846-13231b69b6b9",,,"No","Dan Martin","Dan Martin",,"Best Commercial","11/17/2025","10/17/2025","9/17/2025","8/18/2025","7/19/2025","7/4/2025","30",,"No",,,,"On Hold",,,,,"11/17/2025","5/21/2026 2:53 PM",,
"3170e890-ec72-44b6-816d-2ff1a3ba8394","A02180","-","9/7/2024","8/8/2024",,"7/9/2024","3/7/2024","2/28/2024",,,"NI",,,,,"Yes",,,,,,,,"30","30","30","15","U71","Yes","0",,"Industrial","David Leclerc","David Leclerc","9/7/2024","8/8/2024","7/9/2024","6/9/2024","5/25/2024",,"Nuclear Steel Plates (Section 3 Material)","3382ee0a-9487-498d-949b-e405f2e46abe","Materials (Commodities)","4300006149","No","Quinn McLafferty","Quinn McLafferty",,"Best Commercial","10/7/2024","9/7/2024","8/8/2024","7/9/2024","6/9/2024","5/25/2024","30",,"No",,,,"Cancelled",,,,,"10/7/2024","5/21/2026 2:53 PM",,
"639ea4a7-9763-4b0c-97c6-5a61eb838a8c","A02180","148","11/23/2025","10/24/2025",,"4/23/2025","3/24/2025","3/13/2025","1,362,313",,"NI","0",,,,"Yes",,,,,,,,"30","30","30","15","U71","Yes","1,362,313",,"NI","Raynard Loedolff","Raynard Loedolff","6/10/2025","5/11/2025","4/11/2025","3/12/2025","2/25/2025",,"Nucleom -DPSC Non-Destructive Examination - Mechanical","21e5f42d-0275-4255-8630-c19e857660d2","Subcontractors","4700143504","No","Mahendra Don","Mahendra Don",,"NCA-4000","7/10/2025","6/10/2025","5/11/2025","4/11/2025","3/12/2025","2/25/2025","30",,"No",,"Nucleom",,"Construction Subcontract",,,,,"7/10/2025","5/21/2026 2:53 PM",,
"dc4fff23-4e59-4661-b556-9d94b89229e6","A02180","-",,,,,,,,,"PB",,,,,"No",,,,,,,,"30","30","30","15","0",,,,"CI","Muhamed Maki","Muhamed Maki","10/12/2025","9/12/2025","8/13/2025","7/14/2025","6/29/2025",,"Bus Duct 4.16KV (Non Safety Electrical Dis","2654bd31-b921-4a59-96ec-fcc78fb171dd",,,"No","Dan Martin","Dan Martin",,"Best Commercial","11/12/2025","10/12/2025","9/12/2025","8/13/2025","7/14/2025","6/29/2025","30",,"No",,,,"On Hold",,,,,"11/12/2025","5/21/2026 2:53 PM",,
"a69b5ce7-6aab-45f7-8f0f-eb1d4cdee357","A02180","-",,,,,,,,,"PB",,,,,"No",,,,,,,,"30","30","30","15","0",,,,"CI","Muhamed Maki","Muhamed Maki","7/21/2025","6/21/2025","5/22/2025","4/22/2025","4/7/2025",,"Bus Supports (Non Safety Electrical Dis","c43b2cee-b713-4ab1-bf45-1f862ae0f57f",,,"No","Dan Martin","Dan Martin",,"Best Commercial","8/21/2025","7/21/2025","6/21/2025","5/22/2025","4/22/2025","4/7/2025","30",,"No",,,,"On Hold",,,,,"8/21/2025","5/21/2026 2:53 PM",,
"244145ea-666a-44c2-9cee-782f47f9dad1","A02180","-",,,,,,,,,"PB",,,,,"No",,,,,,,,"30","30","30","15","0",,,,"CI","Muhamed Maki","Muhamed Maki","9/3/2025","8/4/2025","7/5/2025","6/5/2025","5/21/2025",,"Cable Bus (Non Safety Electrical Dis","a3d3b366-a22d-4cbe-aeae-a2876c78c8f5",,,"No","Dan Martin","Dan Martin",,"Best Commercial","10/3/2025","9/3/2025","8/4/2025","7/5/2025","6/5/2025","5/21/2025","30",,"No",,,,"On Hold",,,,,"10/3/2025","5/21/2026 2:53 PM",,
"c8120298-4acd-4551-88ae-d4d47d6f1fa9","A02180","-",,,,,,,,,"CI",,,,,"No",,,,,,,,"30","30","30","15","1",,,,"CI","Shawn Brown","Shawn Brown",,,,,,,"Optic Terminations/MUX/Light Loss Testing","3189eb90-3cef-4570-8abd-8178f723261f",,,"No","Ziba Sattari","Ziba Sattari",,"Best Commercial",,,,,,,"30",,"No",,,,"Construction Subcontract",,,,,,"5/21/2026 2:53 PM",,
"b82dbedb-cca6-436d-9b0d-b17fa4d6ceed","A02180","238","12/19/2025","11/25/2025",,"11/25/2025","11/22/2025","11/21/2025","175,000",,"NI","175,000",,,,"Yes",,,,,,,,"30","30","30","15","1",,,,"NI","Ali Dehghan","Ali Dehghan","12/19/2025","11/19/2025","10/20/2025","9/20/2025","9/5/2025",,"Ostermark Grout Proof-of-Concept and Pre-mock-up","d73d638c-171f-4632-a897-60d9e8d8af3e","Materials (Commodities)","4500730032","No","Mahendra Don","Mahendra Don",,"Best Commercial","1/19/2026","12/19/2025","11/19/2025","10/20/2025","9/20/2025","9/5/2025","30",,"No",,"Ostermark Grouting A/S",,"Consulting Agreement",,,,,"1/19/2026","5/21/2026 2:53 PM",,
"01df522a-3bfa-4c37-905a-33646265739c","A02180","-",,,,,,,,,"PB",,,,,"No",,,,,,,,"30","30","30","15","0",,,,"CI","Muhamed Maki","Muhamed Maki","4/30/2025","3/31/2025","3/1/2025","1/30/2025","1/15/2025",,"Civil/Foundation Materials for Plant Substation Outdoor","c0f9cb7e-902e-4fdf-a8f6-5952348af064",,,"No","Dan Martin","Dan Martin",,"Best Commercial","5/30/2025","4/30/2025","3/31/2025","3/1/2025","1/30/2025","1/15/2025","30",,"No",,,,"On Hold",,,,,"5/30/2025","5/21/2026 2:53 PM",,
"3bb04cf6-9c99-43b5-b8a5-0442d465a440","A02180","11","6/10/2024","8/18/2023",,"8/4/2023","7/6/2023","7/23/2023","15,600",,"SE","15,600",,,,"Yes",,,,,,,,"30","30","30","15","0","Yes","15,600",,"EHS","Sanjeet Dadhwal","Sanjeet Dadhwal","6/1/2024","5/2/2024","4/2/2024","3/3/2024","2/17/2024",,"Archaeologist","d9307954-14b3-45c8-8664-c10234edf50c","Subcontractors","4700125331","No","Diogo Mello","Diogo Mello",,"Best Commercial","7/1/2024","6/1/2024","5/2/2024","4/2/2024","3/3/2024","2/17/2024","30",,"No",,"ASI",,"Consulting Agreement",,,,,"7/1/2024","5/21/2026 2:53 PM",,
"8e2a756c-ebd5-4585-a7c9-13b098b16606","A02180","-",,,,,,,,,"CI",,,,,"No",,,,,,,,"30","30","30","15",,,,,"CI","Hiten Patel","Hiten Patel","5/1/2024","4/1/2024","3/2/2024","2/1/2024","1/17/2024",,"Concrete","a3b9ce93-0fb8-45ce-b831-bfac8951bcd6",,,"No","Dan Martin","Dan Martin",,"Best Commercial","6/1/2024","5/1/2024","4/1/2024","3/2/2024","2/1/2024","1/17/2024","30",,"No",,,,"Cancelled",,,,,"6/1/2024","6/17/2026 2:54 PM",,
"a36d7f8d-7840-4f86-b21f-94f38a2181a7","A02180","201",,,,,,,,,"CI",,,,,"No",,,,,,,,"30","30","30","15","Y86",,,,"SE","Sarah Elliott","Sarah Elliott",,,,,,,"PAAB Security Building","ba0c6001-2ee7-49ba-af3a-b915f57635ac",,,"No","Ziba Sattari","Ziba Sattari",,"Best Commercial",,,,,,,"30",,"No",,,,"Construction Subcontract",,,,,,"5/21/2026 2:53 PM",,"BID Cancelled -March11,2026"
"763c628f-4bb3-4aa0-9074-f71e28be1c18","A02180","179",,,,,,,,,"NI",,,,,"No",,,,,,,,"30","30","30","15","1",,,,"NI","Rubab Shahid","Rubab Shahid","7/1/2025","6/1/2025","5/2/2025","4/2/2025","3/18/2025",,"Concrete Supply (Alternate)","1274109c-39bc-47e0-8a58-189188bc30ab",,,"No","Dan Martin","Dan Martin",,"Best Commercial","8/1/2025","7/1/2025","6/1/2025","5/2/2025","4/2/2025","3/18/2025","30",,"No",,,,"Cancelled",,,,,"8/1/2025","5/21/2026 2:53 PM",,
"6ef29cb9-6392-4c02-a4d3-b9aa7b42dd7c","A02180","103","10/10/2024","10/1/2024",,"4/9/2024","4/9/2024","4/9/2024","61,932",,"CCW","750,000",,,,"Yes",,,,,,,,"30","30","30","15","0","Yes","61,932",,"SE/Site","Peter Lindsay","Peter Lindsay","9/30/2024","8/31/2024","8/1/2024","7/2/2024","6/17/2024",,"Office Trailer Sanitary Connection","f5890152-a202-4c36-96e2-0aba7ea06466","Subcontractors","4700119822","No","Valentina Kukharchuk","Valentina Kukharchuk",,"Best Commercial","10/31/2024","9/30/2024","8/31/2024","8/1/2024","7/2/2024","6/17/2024","30",,"No",,"Smith & Long",,"Construction Subcontract",,,,,"10/31/2024","5/21/2026 2:53 PM",,
"9b094d1b-c7e8-484c-8a9e-286ba7d412e8","A02180","-",,,,,,,,,"CI",,,,,"No",,,,,,,,"30","30","30","15","1",,,,"CI","Hiten Patel","Hiten Patel",,,,,,,"Concrete Testing","62770a3d-5ca5-418a-b8c3-67e4c1f81da1",,,"No","Diogo Mello","Diogo Mello",,"Best Commercial",,,,,,,"30",,"No",,,,"Change Order",,,,,,"5/21/2026 2:53 PM",,
"dbce044b-09c8-4ef2-b927-71d0ec65aa1f","A02180","-",,,,,,,,,"PB",,,,,"No",,,,,,,,"30","30","30","15","0",,,,"CI","Muhamed Maki","Muhamed Maki","6/30/2025","5/31/2025","5/1/2025","4/1/2025","3/17/2025",,"Deisal Fuel Oil","06021253-8eb6-4d75-a6d8-776c139e3f9d",,,"No","Dan Martin","Dan Martin",,"Best Commercial","7/31/2025","6/30/2025","5/31/2025","5/1/2025","4/1/2025","3/17/2025","30",,"No",,,,"On Hold",,,,,"7/31/2025","5/21/2026 2:53 PM",,
"9a9f728b-fc15-430a-a0e5-f4b256b1fa88","A02180","-",,,,,,,,,"CCW-NI",,,,,"No",,,,,,,,"30","30","30","15","0",,,,"Utilities","Tamer Abuqamar","Tamer Abuqamar","1/1/2025","12/2/2024","11/2/2024","10/3/2024","9/18/2024",,"Excavation","092e59d1-9c22-4966-a995-ae3b74fd1458",,,"No","Dan Martin","Dan Martin",,"Best Commercial","2/1/2025","1/1/2025","12/2/2024","11/2/2024","10/3/2024","9/18/2024","30",,"No",,,,"Cancelled",,,,,"2/1/2025","5/21/2026 2:53 PM",,
"3c25c53c-9173-482e-9dc5-3c18837d8580","A02180","-",,,,,,,,,"CI",,,,,"No",,,,,,,,"30","30","30","15","1",,,,"NI","Jeremy Francis","Jeremy Francis",,,,,,,"Pipe Spools and Pipe Support fabrication","3a7c7577-2f0b-4f91-bcaf-c85e70ad65cc",,,"No","Mahendra Don","Mahendra Don",,"Best Commercial",,,,,,,"30",,"No",,,,"Self Perform",,,,,,"5/21/2026 2:53 PM",,
"6835f161-d2d5-4524-bedd-ae0ca357535b","A02180","-",,,,,,,,,"CI",,,,,"No",,,,,,,,"30","30","30","15","N21",,,,"NI","Jeremy Francis","Jeremy Francis","7/8/2025","6/8/2025","5/9/2025","4/9/2025","3/25/2025",,"Piping (N21)","15cb9bee-1e83-42bb-a083-97c729bb2ab8","Materials (Commodities)",,"No","Chris Saliba","Chris Saliba",,,"8/8/2025","7/8/2025","6/8/2025","5/9/2025","4/9/2025","3/25/2025","30",,"No",,,,"Self Perform",,,,,"8/8/2025","5/21/2026 2:53 PM",,
"f3f0a0a1-1c57-4798-baf7-ade5ac0326d8","A02180","-",,,,,,,,,"CI",,,,,"No",,,,,,,,"30","30","30","15","N25",,,,"NI","Jeremy Francis","Jeremy Francis","1/25/2026","12/26/2025","11/26/2025","10/27/2025","10/12/2025",,"Piping (N25)","40bccbf0-487c-4bab-9503-8734eb59b705","Materials (Commodities)",,"No","Mahendra Don","Mahendra Don",,,"2/25/2026","1/25/2026","12/26/2025","11/26/2025","10/27/2025","10/12/2025","30",,"No",,,,"Self Perform",,,,,"2/25/2026","5/21/2026 2:53 PM",,
"dfa86279-25d3-4f9a-9b20-70e8c0a51b69","A02180","-",,,,,,,,,"CI",,,,,"No",,,,,,,,"30","30","30","15","N31",,,,"NI","Jeremy Francis","Jeremy Francis","1/25/2026","12/26/2025","11/26/2025","10/27/2025","10/12/2025",,"Piping (N31)","63e1ddb9-6244-4106-8f6c-d676c39192f3","Materials (Commodities)",,"No","Mahendra Don","Mahendra Don",,,"2/25/2026","1/25/2026","12/26/2025","11/26/2025","10/27/2025","10/12/2025","30",,"No",,,,"Self Perform",,,,,"2/25/2026","5/21/2026 2:53 PM",,
"c6eb1a0d-bbd7-4e5b-8125-97493424e2f6","A02180","-",,,,,,,,,"CI",,,,,"No",,,,,,,,"30","30","30","15","N35",,,,"NI","Jeremy Francis","Jeremy Francis","1/26/2026","12/27/2025","11/27/2025","10/28/2025","10/13/2025",,"Piping (N35)","ad7f12e0-5999-4e6a-9b2c-418eb3ec4954","Materials (Commodities)",,"No","Mahendra Don","Mahendra Don",,,"2/26/2026","1/26/2026","12/27/2025","11/27/2025","10/28/2025","10/13/2025","30",,"No",,,,"Self Perform",,,,,"2/26/2026","5/21/2026 2:53 PM",,
"c9b08700-2688-45ed-946a-2d9861d410ac","A02180","-",,,,,,,,,"CI",,,,,"No",,,,,,,,"30","30","30","15","N37",,,,"NI","Jeremy Francis","Jeremy Francis","4/29/2026","3/30/2026","2/28/2026","1/29/2026","1/14/2026",,"Piping (N37)","67c90462-fb12-4ddd-9af1-f7d21b6f8177","Materials (Commodities)",,"No","Chris Saliba","Chris Saliba",,,"5/29/2026","4/29/2026","3/30/2026","2/28/2026","1/29/2026","1/14/2026","30",,"No",,,,"Self Perform",,,,,"5/29/2026","5/21/2026 2:53 PM",,
"682dd5ea-1180-4a8a-8a62-2141a985ac27","A02180","-",,,,,,,,,"CI",,,,,"No",,,,,,,,"30","30","30","15","N41",,,,"NI","Jeremy Francis","Jeremy Francis","5/10/2026","4/10/2026","3/11/2026","2/9/2026","1/25/2026",,"Piping (N41)","3f8b1e14-4e3d-4396-9186-0c0777e03f15","Materials (Commodities)",,"No","Chris Saliba","Chris Saliba",,,"6/10/2026","5/10/2026","4/10/2026","3/11/2026","2/9/2026","1/25/2026","30",,"No",,,,"Self Perform",,,,,"6/10/2026","5/21/2026 2:53 PM",,
"5fdc8f4c-824b-48ec-a55c-b8daf9657404","A02180","-",,,,,,,,,"CI",,,,,"No",,,,,,,,"30","30","30","15","N61",,,,"NI","Jeremy Francis","Jeremy Francis","5/18/2026","4/18/2026","3/19/2026","2/17/2026","2/2/2026",,"Piping (N61))","cff7f35e-d398-4ba7-824b-a729fcaa8a3e","Materials (Commodities)",,"No","Chris Saliba","Chris Saliba",,,"6/18/2026","5/18/2026","4/18/2026","3/19/2026","2/17/2026","2/2/2026","30",,"No",,,,"Self Perform",,,,,"6/18/2026","5/21/2026 2:53 PM",,
"7c831436-990a-4bd8-9ec2-f54cf49e1684","A02180","-",,,,,,,,,"CI",,,,,"No",,,,,,,,"30","30","30","15","P25",,,,"NI","Jeremy Francis","Jeremy Francis","6/16/2026","5/17/2026","4/17/2026","3/18/2026","3/3/2026",,"Piping (P25)","eef4c5f3-d23b-4fbd-86ff-c343b218b537","Materials (Commodities)",,"No","Chris Saliba","Chris Saliba",,,"7/16/2026","6/16/2026","5/17/2026","4/17/2026","3/18/2026","3/3/2026","30",,"No",,,,"Self Perform",,,,,"7/16/2026","5/21/2026 2:53 PM",,
"19b3463c-a217-420c-89b8-e53a37e2ad67","A02180","-",,,,,,,,,"CI",,,,,"No",,,,,,,,"30","30","30","15","P40",,,,"NI","Jeremy Francis","Jeremy Francis","12/27/2026","11/27/2026","10/28/2026","9/28/2026","9/13/2026",,"Piping (P40)","71bf53fd-6c22-4b9a-b5a0-1da7c8b5bdea","Materials (Commodities)",,"No","Mahendra Don","Mahendra Don",,,"1/27/2027","12/27/2026","11/27/2026","10/28/2026","9/28/2026","9/13/2026","30",,"No",,,,"Self Perform",,,,,"1/27/2027","5/21/2026 2:53 PM",,
"44cad14a-d59a-491a-ac12-897806df4d2d","A02180","-",,,,,,,,,"CI",,,,,"No",,,,,,,,"30","30","30","15","P52",,,,"NI","Jeremy Francis","Jeremy Francis","11/10/2027","10/11/2027","9/11/2027","8/12/2027","7/28/2027",,"Piping (P52)","785b7d25-84b1-4177-8700-bda11d40e4cf","Materials (Commodities)",,"No","Mahendra Don","Mahendra Don",,,"12/10/2027","11/10/2027","10/11/2027","9/11/2027","8/12/2027","7/28/2027","30",,"No",,,,"Self Perform",,,,,"12/10/2027","5/21/2026 2:53 PM",,
"ecaf5b05-49a4-491c-bcce-aee4bbf74e72","A02180","-",,,,,,,,,"CI",,,,,"No",,,,,,,,"30","30","30","15","P85",,,,"NI","Jeremy Francis","Jeremy Francis","11/10/2027","10/11/2027","9/11/2027","8/12/2027","7/28/2027",,"Piping (P85)","ae4e4603-c6ab-493d-9ced-77a26f312aea","Materials (Commodities)",,"No","Chris Saliba","Chris Saliba",,,"12/10/2027","11/10/2027","10/11/2027","9/11/2027","8/12/2027","7/28/2027","30",,"No",,,,"Self Perform",,,,,"12/10/2027","5/21/2026 2:53 PM",,
"f7f13d12-2ad8-4bf4-a89a-47082283ab18","A02180","-",,,,,,,,,"CI",,,,,"No",,,,,,,,"30","30","30","15","U50",,,,"CI","Hiten Patel","Hiten Patel","5/1/2024","4/1/2024","3/2/2024","2/1/2024","1/17/2024",,"Piping (U50)","7860a28e-830a-4f8e-8cea-9babf1566329",,,"No","Mahendra Don","Mahendra Don",,,"6/1/2024","5/1/2024","4/1/2024","3/2/2024","2/1/2024","1/17/2024","30",,"No",,,,"Self Perform",,,,,"6/1/2024","5/21/2026 2:53 PM",,
"bdc7bb7d-08c8-479c-9bf7-e58c1fd719eb","A02180","-",,,,,,,,,"CI",,,,,"No",,,,,,,,"30","30","30","15","Y53",,,,"NI","Jeremy Francis","Jeremy Francis","5/1/2024","4/1/2024","3/2/2024","2/1/2024","1/17/2024",,"Piping (Y53)","a5b8d7ce-4c00-4135-8a65-2f62d784aca4",,,"No","Chris Saliba","Chris Saliba",,,"6/1/2024","5/1/2024","4/1/2024","3/2/2024","2/1/2024","1/17/2024","30",,"No",,,,"Self Perform",,,,,"6/1/2024","5/21/2026 2:53 PM",,
"8a3bc3ff-7e2c-4f33-8a05-387428793d0b","A02180","-",,,,,,,,,"PB",,,,,"No",,,,,,,,"30","30","30","15","0",,,,"CI","Muhamed Maki","Muhamed Maki","6/22/2025","5/23/2025","4/23/2025","3/24/2025","3/9/2025",,"Fire Water Storage Tank","a40edc8d-3364-4420-b715-57ed8508929b",,,"No","Dan Martin","Dan Martin",,"Best Commercial","7/22/2025","6/22/2025","5/23/2025","4/23/2025","3/24/2025","3/9/2025","30",,"No",,,,"On Hold",,,,,"7/22/2025","5/21/2026 2:53 PM",,
"96ec7b56-2b5b-4301-8fd9-99512ac2e552","A02180","-",,,,,,,,,"PB",,,,,"No",,,,,,,,"30","30","30","15","0",,,,"CI","Muhamed Maki","Muhamed Maki","10/13/2024","9/13/2024","8/14/2024","7/15/2024","6/30/2024",,"Floor Drain Sumps Rad Waste Area","4e38f173-e6ab-496d-8d5b-3d5ce836ab14",,,"No","Dan Martin","Dan Martin",,"Best Commercial","11/13/2024","10/13/2024","9/13/2024","8/14/2024","7/15/2024","6/30/2024","30",,"No",,,,"On Hold",,,,,"11/13/2024","5/21/2026 2:53 PM",,
"cff3dc28-fca3-4ed9-8b25-36d4704b7fa4","A02180","-",,,,,,,,,"CCW",,,,,"No",,,,,,,,"30","30","30","15","0",,,,"CCW/Tunnel","Ernesto Martinez","Ernesto Martinez","3/1/2025","1/30/2025","12/31/2024","12/1/2024","11/16/2024",,"Oxygene/acetylene","7fa23736-017f-45c9-b6cc-bec00552fc8e",,,"No","Valentina Kukharchuk","Valentina Kukharchuk",,"Best Commercial","4/1/2025","3/1/2025","1/30/2025","12/31/2024","12/1/2024","11/16/2024","30",,"No",,,,"Cancelled",,,,,"4/1/2025","5/21/2026 2:53 PM",,
"c9530933-5c17-4ab5-8a26-af76cfcb3d08","A02180","-",,,,,,,,,"PB",,,,,"No",,,,,,,,"30","30","30","15","0",,,,"CI","Muhamed Maki","Muhamed Maki","7/19/2024","6/19/2024","5/20/2024","4/20/2024","4/5/2024",,"Floor Drain Sumps Reactor Area","a33955ee-442f-4320-9321-905f9f14414e",,,"No","Dan Martin","Dan Martin",,"Best Commercial","8/19/2024","7/19/2024","6/19/2024","5/20/2024","4/20/2024","4/5/2024","30",,"No",,,,"On Hold",,,,,"8/19/2024","5/21/2026 2:53 PM",,
"f3f0892c-9438-4053-9458-b26e4d2336c3","A02180","-",,,,,,,,,"PB",,,,,"No",,,,,,,,"30","30","30","15","0",,,,"CI","Muhamed Maki","Muhamed Maki","8/10/2024","7/11/2024","6/11/2024","5/12/2024","4/27/2024",,"Floor Drain Sumps Turine Area","58adcea9-32ff-4992-b457-5a8736d90f22",,,"No","Dan Martin","Dan Martin",,"Best Commercial","9/10/2024","8/10/2024","7/11/2024","6/11/2024","5/12/2024","4/27/2024","30",,"No",,,,"On Hold",,,,,"9/10/2024","5/21/2026 2:53 PM",,
"f290d8c0-1a0c-42e4-8df1-09f143a64bd0","A02180","-",,,,,,,,,"CCW",,,,,"No",,,,,,,,"30","30","30","15","0",,,,"CCW/Tunnel","Stephanie Shelley","Stephanie Shelley","12/1/2025","11/1/2025","10/2/2025","9/2/2025","8/18/2025",,"Disc cutters basket","729c31cb-0479-4326-9062-f92447dbdb63","Supplies (Construction Materials)",,"No","Valentina Kukharchuk","Valentina Kukharchuk",,"Best Commercial","1/1/2026","12/1/2025","11/1/2025","10/2/2025","9/2/2025","8/18/2025","30",,"No",,,,"Cancelled",,,,,"1/1/2026","5/21/2026 2:53 PM",,
"8e6f995b-fb80-44ac-8352-9c32ca1464cc","A02180","-",,,,,,,,,"PB",,,,,"No",,,,,,,,"30","30","30","15","0",,,,"CI","Muhamed Maki","Muhamed Maki","3/24/2026","2/22/2026","1/23/2026","12/24/2025","12/9/2025",,"Generator Breaker Main Transformer`(Non Safety Electrical Dis)","b7469d30-6372-476b-9e86-abb1893ff891",,,"No","Dan Martin","Dan Martin",,"Best Commercial","4/24/2026","3/24/2026","2/22/2026","1/23/2026","12/24/2025","12/9/2025","30",,"No",,,,"On Hold",,,,,"4/24/2026","5/21/2026 2:53 PM",,"AU or need to go to market"
"217b636e-64ec-48bf-aebc-626f02965a6f","A02180","-",,,,,,,,,"CI",,,,,"No",,,,,,,,"30","30","30","15","U72",,,,"CI","Hiten Patel","Hiten Patel","5/1/2024","4/1/2024","3/2/2024","2/1/2024","1/17/2024",,"Foundation Rebar and Concrete","2e0e2dc4-ff00-4117-8112-0b3476d379b4",,,"No","Diogo Mello","Diogo Mello",,"Best Commercial","6/1/2024","5/1/2024","4/1/2024","3/2/2024","2/1/2024","1/17/2024","30",,"No",,,,"Cancelled",,,,,"6/1/2024","5/21/2026 2:53 PM",,
"95417017-63d5-4877-8669-4fac89164736","A02180","-","2/26/2024","1/10/2024",,"1/10/2024","12/20/2023","12/15/2023","1,195,085",,"NI","1,342,085",,,,"Yes",,,,,,,,"30","30","30","15","U71",,,,"Industrial","Ian Pocock","Ian Pocock","8/3/2024","7/4/2024","6/4/2024","5/5/2024","4/20/2024",,"Plasma Cutting System","b623d19d-571e-4a58-9fe1-4764099c544c","Materials (Commodities)","4500621080","Yes","Quinn McLafferty","Quinn McLafferty",,"Best Commercial","9/3/2024","8/3/2024","7/4/2024","6/4/2024","5/5/2024","4/20/2024","30",,"No",,"Machitech",,"Commodities Agreement",,,,,"9/3/2024","5/21/2026 2:53 PM",,
"930f4157-b111-4b47-93f0-a7aec9ba1b51","A02180","-",,,,,,,,,"PB",,,,,"No",,,,,,,,"30","30","30","15","0",,,,"CI","Muhamed Maki","Muhamed Maki","5/3/2025","4/3/2025","3/4/2025","2/2/2025","1/18/2025",,"H2","e2e09573-70af-4385-8c76-452db53f8b3f",,,"No","Dan Martin","Dan Martin",,"Best Commercial","6/3/2025","5/3/2025","4/3/2025","3/4/2025","2/2/2025","1/18/2025","30",,"No",,,,"On Hold",,,,,"6/3/2025","5/21/2026 2:53 PM",,
"6746d3af-624a-401f-beaa-6e95599a5013","A02180","-",,,,,,,,,"PB",,,,,"No",,,,,,,,"30","30","30","15","0",,,,"CI","Muhamed Maki","Muhamed Maki","4/27/2025","3/28/2025","2/26/2025","1/27/2025","1/12/2025",,"HVAC & Equipment","182ba28e-5b60-4185-903f-15b2f1d27a39",,,"No","Dan Martin","Dan Martin",,"Best Commercial","5/27/2025","4/27/2025","3/28/2025","2/26/2025","1/27/2025","1/12/2025","30",,"No",,,,"On Hold",,,,,"5/27/2025","5/21/2026 2:53 PM",,
"5b32d7ec-b323-4f8c-8404-cc37149da928","A02180","198",,,,,,,,,"NI",,,,,"No",,,,,,,,"30","30","30","15","1",,,,"CI","Daman Grewal","Daman Grewal",,,,,,,"Power Block Concrete Placement Equipment","0d776576-a29d-4da7-9b97-a98ea8d4c3fc",,,"No","Mahendra Don","Mahendra Don",,"Best Commercial",,,,,,,"30",,"No",,,,"Construction Subcontract",,,,,,"5/21/2026 2:53 PM",,
"157b7a19-1488-46ac-8d93-2a563060e335","A02180","-",,,,,,,,,"PB",,,,,"No",,,,,,,,"30","30","30","15","0",,,,"CI","Muhamed Maki","Muhamed Maki","11/1/2024","10/2/2024","9/2/2024","8/3/2024","7/19/2024",,"HVAC Installation & Erection","24301a10-30ab-4615-aa60-fddb6243f2a7",,,"No","Dan Martin","Dan Martin",,"Best Commercial","12/1/2024","11/1/2024","10/2/2024","9/2/2024","8/3/2024","7/19/2024","30",,"No",,,,"On Hold",,,,,"12/1/2024","5/21/2026 2:53 PM",,
"d11d3736-3881-4c0c-9e1a-95f75e92921d","A02180","45",,,,,,,,,"NI",,,,,"No",,,,,,,,"30","30","30","15","0",,,,"CCW/Shaft","Ian Butt","Ian Butt","5/1/2024","4/1/2024","3/2/2024","2/1/2024","1/17/2024",,"GIMP","23597b71-bd5e-4098-9ca6-b370af320d33",,,"Yes","Diogo Mello","Diogo Mello",,"Best Commercial","6/1/2024","5/1/2024","4/1/2024","3/2/2024","2/1/2024","1/17/2024","30",,"No",,,,"Cancelled",,,,,"6/1/2024","5/21/2026 2:53 PM",,
"6aaa91fd-1164-46b8-bb25-61765c1d94be","A02180","-",,,,,,,,,"CI",,,,,"No",,,,,,,,"30","30","30","15","0",,,,"NI","Jeremy Francis","Jeremy Francis",,,,,,,"HVAC Installation & Testing","a653e7f8-7d10-4402-8218-6fed550aeaa3",,,"No","Diogo Mello","Diogo Mello",,"Best Commercial",,,,,,,"30",,"No",,,,"Cancelled",,,,,,"5/21/2026 2:53 PM",,
"942a6af8-5bf1-49de-a873-75b223e5922c","A02180","-",,,,,,,,,"PB",,,,,"No",,,,,,,,"30","30","30","15","0",,,,"CI","Muhamed Maki","Muhamed Maki","8/4/2026","7/5/2026","6/5/2026","5/6/2026","4/21/2026",,"Plant Substation Cable Trays, Cables & Wires","b98d0053-6131-4a30-b763-2686e408cf9b",,,"No","Dan Martin","Dan Martin",,"Best Commercial","9/4/2026","8/4/2026","7/5/2026","6/5/2026","5/6/2026","4/21/2026","30",,"No",,,,"On Hold",,,,,"9/4/2026","5/21/2026 2:53 PM",,
"2295113b-4f11-4b36-825d-678ad7492b02","A02180","-",,,,,,,,,"PB",,,,,"No",,,,,,,,"30","30","30","15","0",,,,"CI","Muhamed Maki","Muhamed Maki","4/30/2025","3/31/2025","3/1/2025","1/30/2025","1/15/2025",,"Plant Substation Grounding Materials","6c8bc296-5fe6-4eb6-8a07-ce5ad68e06cd",,,"No","Dan Martin","Dan Martin",,"Best Commercial","5/30/2025","4/30/2025","3/31/2025","3/1/2025","1/30/2025","1/15/2025","30",,"No",,,,"On Hold",,,,,"5/30/2025","5/21/2026 2:53 PM",,
"de0a93ad-1f41-476c-9f83-8e53846f1dad","A02180","-",,,,,,,,,"PB",,,,,"No",,,,,,,,"30","30","30","15","0",,,,"CI","Muhamed Maki","Muhamed Maki","1/26/2026","12/27/2025","11/27/2025","10/28/2025","10/13/2025",,"Plant Substation ISO-Bus Structure Supports","cdb9868a-0a01-40d9-95c3-45a615146df7",,,"No","Dan Martin","Dan Martin",,"Best Commercial","2/26/2026","1/26/2026","12/27/2025","11/27/2025","10/28/2025","10/13/2025","30",,"No",,,,"On Hold",,,,,"2/26/2026","5/21/2026 2:53 PM",,
"144ab3ce-e892-439a-a4a4-a874f5c9e6ba","A02180","-",,,,,,,,,"PB",,,,,"No",,,,,,,,"30","30","30","15","0",,,,"CI","Muhamed Maki","Muhamed Maki","3/2/2026","1/31/2026","1/1/2026","12/2/2025","11/17/2025",,"Plant Substation Lightning Mast Structures","2701ac6b-1a1f-491e-b3f1-6c8c0091be0f",,,"No","Dan Martin","Dan Martin",,"Best Commercial","4/2/2026","3/2/2026","1/31/2026","1/1/2026","12/2/2025","11/17/2025","30",,"No",,,,"On Hold",,,,,"4/2/2026","5/21/2026 2:53 PM",,
"26daa757-079e-44cd-94bc-da6d63386154","A02180","-",,,,,,,,,"PB",,,,,"No",,,,,,,,"30","30","30","15","0",,,,"CI","Muhamed Maki","Muhamed Maki","8/4/2026","7/5/2026","6/5/2026","5/6/2026","4/21/2026",,"Plant Substation Outdoor Lighting","85e22b3f-5939-4051-81b9-7d8c6eec7823",,,"No","Dan Martin","Dan Martin",,"Best Commercial","9/4/2026","8/4/2026","7/5/2026","6/5/2026","5/6/2026","4/21/2026","30",,"No",,,,"On Hold",,,,,"9/4/2026","5/21/2026 2:53 PM",,
"2f06814b-b735-4adb-80d1-02ee0885e437","A02180","-",,,,,,,,,"PB",,,,,"No",,,,,,,,"30","30","30","15","0",,,,"CI","Muhamed Maki","Muhamed Maki","7/12/2026","6/12/2026","5/13/2026","4/13/2026","3/29/2026",,"Plant Substation Protection and Controls Relays & Eqipment","b29d6c56-c942-42cf-9aa4-3a8dbb21ce21",,,"No","Dan Martin","Dan Martin",,"Best Commercial","8/12/2026","7/12/2026","6/12/2026","5/13/2026","4/13/2026","3/29/2026","30",,"No",,,,"On Hold",,,,,"8/12/2026","5/21/2026 2:53 PM",,
"fd15ebf1-45cf-472e-baa9-14cecf6cb0b3","A02180","-",,,,,,,,,"PB",,,,,"No",,,,,,,,"30","30","30","15","0",,,,"CI","Muhamed Maki","Muhamed Maki","3/21/2025","2/19/2025","1/20/2025","12/21/2024","12/6/2024",,"Plant Vent Stack","bd42ff68-def4-4a4c-ad58-24000ae6e1bf",,,"No","Dan Martin","Dan Martin",,"Best Commercial","4/21/2025","3/21/2025","2/19/2025","1/20/2025","12/21/2024","12/6/2024","30",,"No",,,,"On Hold",,,,,"4/21/2025","5/21/2026 2:53 PM",,
"b39a4c0f-1338-41d7-a122-569b15554632","A02180","248","12/3/2025","11/10/2025",,"10/11/2025","9/11/2025","8/27/2025",,,"NI",,,,,"Yes",,,,,,,,"30","30","30","15","1","Yes","0",,"NI","Rubab Shahid","Rubab Shahid","9/1/2026","8/2/2026","7/3/2026","6/3/2026","5/19/2026",,"Qualification Testing Concrete and Concrete Material (Reactor Building)","207f2213-1cbd-46de-94c8-ef39862f3727","Subcontractors","4700144581","No","Mahendra Don","Mahendra Don",,"N291","10/1/2026","9/1/2026","8/2/2026","7/3/2026","6/3/2026","5/19/2026","30",,"No",,"GIP Construction Engineering",,"Construction Subcontract",,,,,"10/1/2026","5/21/2026 2:53 PM",,
"924f3569-5b82-4474-a8ce-9c34a568a581","A02180","-",,,,,,,,,"PB",,,,,"No",,,,,,,,"30","30","30","15","0",,,,"CI","Muhamed Maki","Muhamed Maki","5/27/2025","4/27/2025","3/28/2025","2/26/2025","2/11/2025",,"Portable Demin Tanks","2085decc-e750-4359-bc16-7e62bf5092e7",,,"No","Dan Martin","Dan Martin",,"Best Commercial","6/27/2025","5/27/2025","4/27/2025","3/28/2025","2/26/2025","2/11/2025","30",,"No",,,,"On Hold",,,,,"6/27/2025","5/21/2026 2:53 PM",,
"bee1b316-950c-49ad-bf88-1d210019f717","A02180","252",,,,,,,,,"NI",,,,,"No",,,,,,,,"30","30","30","15","U74",,,,"NI","Carl Berg","Carl Berg",,,,,,,"Rad Waste Building - Watertight door frames","069d1216-940a-4672-8116-d9cb13be027b",,,"No","Mahendra Don","Mahendra Don",,"N299-3",,,,,,,"30",,"No",,,,"Engineered Equipment",,,,,,"5/21/2026 2:53 PM",,
"c12c9b37-e174-4c15-81d1-9b9a8dd80624","A02180","213","10/22/2025","10/19/2025",,"10/19/2025","10/15/2025","10/8/2025","56,786.88",,"NI","56,786.88",,,,"Yes",,,,,,,,"30","30","30","15","1","Yes","56,786.88",,"NI","Tanzeel Ahmed","Tanzeel Ahmed","10/3/2025","9/3/2025","8/4/2025","7/5/2025","6/20/2025",,"Rad Waste Building Embed Plates","ab58f771-e90b-4a05-9ad8-a7aae8411ee2","Plant Equipment","4300007082","No","Mahendra Don","Mahendra Don",,"N299-4","11/3/2025","10/3/2025","9/3/2025","8/4/2025","7/5/2025","6/20/2025","30",,"No",,"Steelcraft Inc. (AEP)",,"Engineered Equipment",,,,,"11/3/2025","5/21/2026 2:53 PM",,
"f3a65c11-5efe-4bbe-862b-46e50cbd9804","A02180","-",,,,,,,,,"PB",,,,,"No",,,,,,,,"30","30","30","15","0",,,,"CI","Muhamed Maki","Muhamed Maki","6/22/2025","5/23/2025","4/23/2025","3/24/2025","3/9/2025",,"Prefab Pump Bldg incl Equipment","3a270a9c-819b-49aa-81f5-4e32c94c3ea6",,,"No","Dan Martin","Dan Martin",,"Best Commercial","7/22/2025","6/22/2025","5/23/2025","4/23/2025","3/24/2025","3/9/2025","30",,"No",,,,"On Hold",,,,,"7/22/2025","5/21/2026 2:53 PM",,
"18c82c48-7dd4-401d-a81e-9f2c06a477d2","A02180","-",,,,,,,,,"NI",,,,,"No",,,,,,,,"30","30","30","15","K10",,,,"NI","Tanzeel Ahmed","Tanzeel Ahmed","7/28/2026","6/28/2026","5/29/2026","4/29/2026","4/14/2026",,"Radwaste Area Condensate Storage Tank","3de4c70b-0d38-4f4f-b097-b5ff98c156b0","Plant Equipment",,"No","Mahendra Don","Mahendra Don",,,"8/28/2026","7/28/2026","6/28/2026","5/29/2026","4/29/2026","4/14/2026","30",,"No",,,,"Cancelled",,,,,"8/28/2026","5/21/2026 2:53 PM",,
"af8b15b1-5f17-4ee8-9033-59354287831d","A02180","-",,,,,,,,,"NI",,,,,"No",,,,,,,,"30","30","30","15","U74",,,,"NI","Tanzeel Ahmed","Tanzeel Ahmed","11/2/2025","10/3/2025","9/3/2025","8/4/2025","7/20/2025",,"Radwaste Bldg Steel Structure","945b08d8-28b4-4a9b-b29d-3837035274ac","Subcontractors",,"No","Chris Saliba","Chris Saliba",,,"12/2/2025","11/2/2025","10/3/2025","9/3/2025","8/4/2025","7/20/2025","30",,"No",,,,"Cancelled",,,,,"12/2/2025","5/21/2026 2:53 PM",,
"8b22ef16-5ee9-443a-b2af-e3a6676243f1","A02180","-",,,,,,,,,"NI",,,,,"No",,,,,,,,"30","30","30","15","K10",,,,"NI","Tanzeel Ahmed","Tanzeel Ahmed","12/9/2025","11/9/2025","10/10/2025","9/10/2025","8/26/2025",,"Radwaste Collection and Sample Tanks","36a6529d-fd53-48b4-b096-2e047b28f9d3","Plant Equipment",,"No","Mahendra Don","Mahendra Don",,,"1/9/2026","12/9/2025","11/9/2025","10/10/2025","9/10/2025","8/26/2025","30",,"No",,,,"Cancelled",,,,,"1/9/2026","5/21/2026 2:53 PM",,
"65c85c41-166b-4543-8c63-c9ec603050c3","A02180","-",,,,,,,,,"NI",,,,,"No",,,,,,,,"30","30","30","15","K10",,,,"NI","Tanzeel Ahmed","Tanzeel Ahmed","7/28/2026","6/28/2026","5/29/2026","4/29/2026","4/14/2026",,"Radwaste Reactor Water Storage Tanks","de9175b1-9944-4c33-a3a5-9d0d01ee5ce8","Plant Equipment",,"No","Mahendra Don","Mahendra Don",,,"8/28/2026","7/28/2026","6/28/2026","5/29/2026","4/29/2026","4/14/2026","30",,"No",,,,"Cancelled",,,,,"8/28/2026","5/21/2026 2:53 PM",,
"c8f71f22-54af-466e-8249-e7d5ec5e1866","A02180","132",,,,,"3/10/2025","2/13/2025",,,"NI",,,,,"No",,,,,,,,"30","30","30","15",,,,,"NI","James Phillips","James Phillips","8/15/2026","7/16/2026","6/16/2026","5/17/2026","5/2/2026",,"Radwatse Building Structural Steel","f1195056-ab84-440b-a89f-4b5ef49e1c2e",,,"Yes","Ziba Sattari","Ziba Sattari",,"N299-3","9/15/2026","8/15/2026","7/16/2026","6/16/2026","3/10/2025","2/13/2025","30",,"No",,,,"On Hold",,,,,"9/15/2026","6/16/2026 2:50 PM",,
"304bc7b9-82d6-419e-a462-71d439c04b8c","A02180","231",,,,,,,,,"NI",,,,,"No",,,,,,,,"30","30","30","15","1",,,,"CI","Daman Grewal","Daman Grewal",,,,,,,"RB - Temporary Heating & Ventilation","2765665f-26d7-4a1e-9973-38b4e7d0bf98",,,"No","Mahendra Don","Mahendra Don",,"Best Commercial",,,,,,,"30",,"No",,,,"Engineered Equipment",,,,,,"5/21/2026 2:53 PM",,
"26414570-994c-43d5-953a-bde37dc1e2f0","A02180","192",,,,,,,,,"NI",,,,,"No",,,,,,,,"30","30","30","15","1",,,,"CI","Daman Grewal","Daman Grewal",,,,,,,"RB Shaft Tooling - Hardstops","e363ec96-f4c6-4835-a8db-1d10254d3b96",,,"No","Ziba Sattari","Ziba Sattari",,"Best Commercial",,,,,,,"30",,"No",,,,"Cancelled",,,,,,"5/21/2026 2:53 PM",,
"9d2c0da6-40e5-48c6-a988-7c0f860230bb","A02180","169","7/9/2025","7/5/2025",,"6/16/2025","6/1/2025","7/2/2025","3,830,000",,"NI","3,210,000",,,,"Yes",,,,,,,,"30","30","30","15","1","Yes","3,830,000",,"NI","Dean James","Dean James","1/15/2026","12/16/2025","11/16/2025","10/17/2025","10/2/2025",,"RB Weather Enclocure","fe6b4c99-d029-44cf-9e19-cd28f2ee5e70",,"4300006835","No","Ziba Sattari","Ziba Sattari",,"ISO 9001:2015","2/15/2026","1/15/2026","12/16/2025","11/16/2025","10/17/2025","10/2/2025","30",,"No",,"Tractel",,"Construction Subcontract",,,,,"2/15/2026","5/21/2026 2:53 PM",,
"97ba3c77-46d3-4580-a845-8fbbf223890c","A02180","-",,,,,,,,,"PB",,,,,"No",,,,,,,,"30","30","30","15","0",,,,"CI","Muhamed Maki","Muhamed Maki","10/22/2024","9/22/2024","8/23/2024","7/24/2024","7/9/2024",,"RCCWS Colling Water Pumps","f075484a-7b5f-45b5-b051-3bb1a3bafca9",,,"No","Dan Martin","Dan Martin",,"Best Commercial","11/22/2024","10/22/2024","9/22/2024","8/23/2024","7/24/2024","7/9/2024","30",,"No",,,,"On Hold",,,,,"11/22/2024","5/21/2026 2:53 PM",,
"153bfeda-3859-4dc0-8d6d-4281b566d242","A02180","-",,,,,,,,,"PB",,,,,"No",,,,,,,,"30","30","30","15","0",,,,"CI","Muhamed Maki","Muhamed Maki","5/20/2025","4/20/2025","3/21/2025","2/19/2025","2/4/2025",,"RCCWS Plate Fram Heat Exchangers","1c7cf6a4-5327-4589-8660-2cbb3b5fae3d",,,"No","Dan Martin","Dan Martin",,"Best Commercial","6/20/2025","5/20/2025","4/20/2025","3/21/2025","2/19/2025","2/4/2025","30",,"No",,,,"On Hold",,,,,"6/20/2025","5/21/2026 2:53 PM",,
"9375efd4-1c26-4457-8f78-f9e0b05ce7a9","A02180","-","5/2/2025","4/2/2025",,"3/3/2025","2/1/2025","1/17/2025","3,431,848.75",,"NI","3,431,848.75",,,,"Yes",,,,,,,,"30","30","30","15","1","Yes","3,431,848.75",,"Foundation","Luis Pardo","Luis Pardo","5/1/2025","4/1/2025","3/2/2025","1/31/2025","1/16/2025",,"Rebar Cages (Forebay/Launch Shaft/Reactor Building)","5933c7d5-9b6d-426d-8e52-8d584c2a4f39","Materials (Commodities)","4300006138","No","Mahendra Don","Mahendra Don",,"Best Commercial","6/1/2025","5/1/2025","4/1/2025","3/2/2025","1/31/2025","1/16/2025","30",,"No",,"Salit Steel",,"Commodities Agreement",,,,,"6/1/2025","5/21/2026 2:53 PM",,
"b7813b5e-b52a-467d-acb4-8ea17e1fc793","A02180","-",,,,,,,,,"CI",,,,,"No",,,,,,,,"30","30","30","15","1",,,,"CI","Hiten Patel","Hiten Patel","5/24/2025","4/24/2025","3/25/2025","2/23/2025","2/8/2025",,"Reinforced Concrete - Rebar","5c2b90db-7b4e-4213-af87-04f3e24e52e5",,,"No","Quinn McLafferty","Quinn McLafferty",,,"6/24/2025","5/24/2025","4/24/2025","3/25/2025","2/23/2025","2/8/2025","30",,"No",,,,"Cancelled",,,,,"6/24/2025","5/21/2026 2:53 PM",,
"5543f487-fd43-41b2-9366-ac5979e10062","A02180","-",,,,,,,,,"NI",,,,,"No",,,,,,,,"30","30","30","15","U71",,,,"NI","Thomas Pailloux","Thomas Pailloux","8/23/2025","7/24/2025","6/24/2025","5/25/2025","5/10/2025",,"Reinforcing & Structural Steel","2f07ff70-4c4e-42e9-86d0-7c574cf2a4c3","Subcontractors",,"No","Ziba Sattari","Ziba Sattari",,"ISO 9001:2015","9/23/2025","8/23/2025","7/24/2025","6/24/2025","5/25/2025","5/10/2025","30",,"No",,,,"Cancelled",,,,,"9/23/2025","5/21/2026 2:53 PM",,
"1a6a18d8-e97a-4ccb-8c4f-ea2dfa09003a","A02180","53",,,,,,,,,"CCW",,,,,"No",,,,,,,,"30","30","30","15","0",,,,"CCW/Tunnel","Nicolas Granjon","Nicolas Granjon","12/1/2025","11/1/2025","10/2/2025","9/2/2025","8/18/2025",,"Microtunnelling options","0ae5fe0e-caea-457f-8463-4a9f1ecfc24e",,,"Yes","Diogo Mello","Diogo Mello",,"Best Commercial","1/1/2026","12/1/2025","11/1/2025","10/2/2025","9/2/2025","8/18/2025","30",,"No",,,,"Cancelled",,,,,"1/1/2026","5/21/2026 2:53 PM",,
"c475994a-7f46-40d1-a885-f1786c68d0bf","A02180","-",,,,,,,,,"CCW-NI",,,,,"No",,,,,,,,"30","30","30","15",,,,,"Technical","Nathan Johnson","Nathan Johnson","8/1/2024","7/2/2024","6/2/2024","5/3/2024","4/18/2024",,"Rigging Below the Hook","3edb201f-04f5-4a87-a899-1da3dac23177",,,"Yes","Dan Martin","Dan Martin",,"ISO 9001:2015","9/1/2024","8/1/2024","7/2/2024","6/2/2024","5/3/2024","4/18/2024","30",,"No",,,,"On Hold",,,,,"9/1/2024","6/24/2026 10:30 AM",,
"c963c905-f291-4f49-88bc-c9e51c0b7338","A02180","94","10/10/2024","10/8/2024",,"8/8/2024","7/12/2024","7/11/2024","883,636.63",,"CCW-NI","862,138.36",,,,"Yes",,,,,,,,"30","30","30","15","0",,,,"CCW/Tunnel","Ernesto Martinez","Ernesto Martinez","6/1/2024","5/2/2024","4/2/2024","3/3/2024","2/17/2024",,"Radio Communication System","839a496a-186c-4f17-9033-c3e09c0163e1","Construction Equipment","4700132122","No","Valentina Kukharchuk","Valentina Kukharchuk",,"Best Commercial","7/1/2024","6/1/2024","5/2/2024","4/2/2024","3/3/2024","2/17/2024","30",,"No",,"Tcommet",,"Construction Subcontract",,,,,"7/1/2024","5/21/2026 2:53 PM",,
"e108c11b-1163-4f1f-8c51-483a5e69c824","A02180","26",,,,,,,,,"CCW-NI",,,,,"No",,,,,,,,"30","30","30","15","0",,,,"CCW/Shaft","Ian Butt","Ian Butt","8/1/2024","7/2/2024","6/2/2024","5/3/2024","4/18/2024",,"Rock Splitter (catch up in May 2024)","605e558b-5ce9-4211-8107-7eed3779fce5",,,"No","Diogo Mello","Diogo Mello",,"Best Commercial","9/1/2024","8/1/2024","7/2/2024","6/2/2024","5/3/2024","4/18/2024","30",,"No",,,,"On Hold",,,,,"9/1/2024","5/21/2026 2:53 PM",,
"bf4116e3-f400-4753-9835-d34398e2effa","A02180","212","6/25/2025","6/15/2025",,"6/15/2025","6/10/2025","6/1/2025","956,885",,"NI","956,885",,,,"Yes",,,,,,,,"30","30","30","15","1","Yes","956,885",,"Industrial","Ian Pocock","Ian Pocock","10/11/2025","9/11/2025","8/12/2025","7/13/2025","6/28/2025",,"Robotic Weld Cell Foundation","33463153-8b08-406c-9430-3f50c90be03c","Subcontractors","4700139786","Yes","Quinn McLafferty","Quinn McLafferty",,"Best Commercial","11/11/2025","10/11/2025","9/11/2025","8/12/2025","7/13/2025","6/28/2025","30",,"No",,"Kemp Construction",,"Construction Subcontract",,,,,"11/11/2025","5/21/2026 2:53 PM",,
"db71f285-910c-4928-b40f-347b4a40a3d2","A02180","290",,,,,,,,,"SE","230,523",,,,"No",,,,,,,,"30","30","30","15","0",,,,"SE/Buildings","Frank Gou","Frank Gou","9/18/2026","8/19/2026","7/20/2026","6/20/2026","6/5/2026",,"Painting  - Security Bld","9866029c-30e6-432a-bd0b-e18cf58128e8",,,"No","Meesam Rasool","Meesam Rasool",,"Best Commercial","10/18/2026","9/18/2026","8/19/2026","7/20/2026","6/20/2026","6/5/2026","30",,"No",,,,"Construction Subcontract",,,,,"10/18/2026","5/21/2026 2:53 PM",,
"776155c8-4efe-4a6a-90b8-39da0810daa0","A02180","172",,,,,,,,,"CI",,,,,"No",,,,,,,,"30","30","30","15","0",,,,"CI","Babak Taleghani","Babak Taleghani","9/1/2024","8/2/2024","7/3/2024","6/3/2024","5/19/2024",,"Above ground Piping - Power Block","cb854e13-d54b-43ac-a961-974a9cc266c9",,,"No","Meesam Rasool","Meesam Rasool",,"Best Commercial","10/1/2024","9/1/2024","8/2/2024","7/3/2024","6/3/2024","5/19/2024","30",,"No",,,,"On Hold",,,,,"10/1/2024","5/21/2026 2:53 PM",,
"340bf85a-6a7b-425b-9e5c-5baca67f2aac","A02180","-",,,,,,,,,"PB",,,,,"No",,,,,,,,"30","30","30","15","0",,,,"CI","Muhamed Maki","Muhamed Maki","6/4/2025","5/5/2025","4/5/2025","3/6/2025","2/19/2025",,"Sewage Treatment","8709bb9e-0622-40fe-aa29-5bcd69be14d8",,,"No","Dan Martin","Dan Martin",,"Best Commercial","7/4/2025","6/4/2025","5/5/2025","4/5/2025","3/6/2025","2/19/2025","30",,"No",,,,"On Hold",,,,,"7/4/2025","5/21/2026 2:53 PM",,
"1822ceb2-3528-4708-aefa-2f8f6b48e38c","A02180","-",,,,,,,,,"SE",,,,,"No",,,,,,,,"30","30","30","15","0",,,,"SE/Buildings","Frank Gou","Frank Gou","11/30/2024","10/31/2024","10/1/2024","9/1/2024","8/17/2024",,"4000A SWBD - Admin Building","83b4a7cc-6ea8-4bd3-bf6a-4e6e71c4b46e",,,"No","Meesam Rasool","Meesam Rasool",,"Best Commercial","12/31/2024","11/30/2024","10/31/2024","10/1/2024","9/1/2024","8/17/2024","30",,"No",,,,"Cancelled",,,,,"12/31/2024","5/21/2026 2:53 PM",,"To confirm"
"f21c4bc6-b1c2-4325-a028-e31c8c91624b","A02180","-",,,,,,,,,"CCW",,,,,"No",,,,,,,,"30","30","30","15","0",,,,"CCW/Shaft","Ian Butt","Ian Butt",,,,,,,"Bedrock Mapping","92033279-f6e5-401f-845e-2f88c74707aa",,,"No","Meesam Rasool","Meesam Rasool",,"Best Commercial",,,,,,,"30",,"No",,,,"Cancelled",,,,,,"5/21/2026 2:53 PM",,
"9daef016-74ac-4c75-977e-751e2a3d7974","A02180","269",,,,,,,,,"SE",,,,,"No",,,,,,,,"30","30","30","15","0",,,,"SE/Buildings","Frank Gou","Frank Gou",,,,,,,"Anchor Bolts - Security Building","6bf5d010-98f2-467c-8796-d816a693f9b9",,,"No","Meesam Rasool","Meesam Rasool",,"Best Commercial",,,,,,,"30",,"No",,,,"Standard Purchase Order",,,,,,"5/21/2026 2:53 PM",,
"f6e46faa-d843-475b-8927-d32393cbcfb7","A02180","-","2/2/2025","1/30/2025",,"1/25/2025","1/15/2025","1/5/2025","694,980",,"NI","1,257,918.99",,,,"Yes",,,,,,,,"30","30","30","15","U74","Yes","694,980",,"NI","Tanzeel Ahmed","Tanzeel Ahmed","3/1/2025","1/30/2025","12/31/2024","12/1/2024","11/16/2024",,"RWB Caisson (Rebar Cages)","147c0c5f-d566-4f0a-8270-747ee515e908","Materials (Commodities)","4300006564","Yes","Mahendra Don","Mahendra Don",,"N299-3","4/1/2025","3/1/2025","1/30/2025","12/31/2024","12/1/2024","11/16/2024","30",,"No",,"Salit Steel",,"Commodities Agreement",,,,,"4/1/2025","5/21/2026 2:53 PM",,
"79bd3ba4-5486-47a6-8088-e3cd5c6ab3a3","A02180","120","1/31/2025","12/31/2024",,"12/1/2024","11/16/2024","11/1/2024","694,980",,"NI","4,331,742",,,,"Yes",,,,,"Yes","694,980",,"30","30","30","15","U74","Yes","694,980",,"NI","Tanzeel Ahmed","Tanzeel Ahmed","3/1/2025","1/30/2025","12/31/2024","12/1/2024","11/16/2024",,"RWB CSA N291 Rebar (Caisson Supply)","96275102-5fb0-4c55-bf7e-ff644a84839d","Materials (Commodities)","4300006564","No","Mahendra Don","Mahendra Don",,"N299-3","4/1/2025","3/1/2025","1/30/2025","12/31/2024","12/1/2024","11/16/2024","30",,"No",,"Salit Steel",,"Commodities Agreement",,,,,"4/1/2025","5/21/2026 2:53 PM",,"Estimated budget: For caissons, which encompasses the rebar and concrete supply (incl. accessories),<br>it is approximately $4,331,742.61 CAD"
"4b67660e-059c-444b-aab2-a705df7fa824","A02180","121","8/11/2025","6/11/2025",,"11/20/2024","11/4/2024","12/10/2025","4,549,800",,"NI","3,529,591.71",,,,"Yes",,,,,,,,"30","30","30","15","U74","Yes","4,549,800",,"NI","Rubab Shahid","Rubab Shahid","8/2/2025","7/3/2025","6/3/2025","5/4/2025","4/19/2025",,"RWB CSA N291 Rebar (Supply&Install)","135c115a-b8bd-455e-8de0-48d1e49c908d","Materials (Commodities)","4700140428","No","Mahendra Don","Mahendra Don",,"N299-3","9/2/2025","8/2/2025","7/3/2025","6/3/2025","5/4/2025","4/19/2025","30",,"No",,"MANSTEEL REBAR",,"Construction Subcontract",,,,,"9/2/2025","5/21/2026 2:53 PM",,
"f93011ff-badd-46e5-9b1f-28452d755cc2","A02180","-",,,,,,,,,"SE",,,,,"No",,,,,,,,"30","30","30","15","0",,,,"SE/Buildings","Frank Gou","Frank Gou","1/1/2025","12/2/2024","11/2/2024","10/3/2024","9/18/2024",,"Dock Levelers - WH","d8eb7a45-ff2d-45e9-b16c-99958b4fdad5",,,"No","Meesam Rasool","Meesam Rasool",,"Best Commercial","2/1/2025","1/1/2025","12/2/2024","11/2/2024","10/3/2024","9/18/2024","30",,"No",,,,"Cancelled",,,,,"2/1/2025","5/21/2026 2:53 PM",,
"9d3f4df7-e5fc-4d61-82c6-87065d2296bd","A02180","-",,,,,,,,,"SE",,,,,"No",,,,,,,,"30","30","30","15","0",,,,"Utilities","Tamer Abuqamar","Tamer Abuqamar","11/14/2025","10/15/2025","9/15/2025","8/16/2025","8/1/2025",,"Site Earthworks - A6N","4e12d359-54b6-4221-89bd-67f795141bd4",,,"No","Dan Martin","Dan Martin",,"Best Commercial","12/14/2025","11/14/2025","10/15/2025","9/15/2025","8/16/2025","8/1/2025","30",,"No",,,,"Cancelled",,,,,"12/14/2025","5/21/2026 2:53 PM",,
"a49cfa8c-b167-4b0c-9581-f49a93e78dcc","A02180","-",,,,,,,,,"CCW",,,,,"No",,,,,,,,"30","30","30","15","0",,,,"CCW/Shaft","Eduardo Iglesias","Eduardo Iglesias",,,,,,,"Skidsteer","ffabd104-38fc-4001-b637-903f2e28fc6b",,,"No","Dan Martin","Dan Martin",,"Best Commercial",,,,,,,"30",,"No",,,,"Cancelled",,,,,,"5/21/2026 2:53 PM",,
"42ab6ff8-d63c-48da-879b-27a5e7a0c5a1","A02180","273",,,,,,,,,"SE",,,,,"No",,,,,,,,"30","30","30","15","0",,,,"SE/Buildings","Frank Gou","Frank Gou","5/29/2026","4/29/2026","3/30/2026","2/28/2026","2/13/2026",,"Electrical - Security Bld  (Change Order) (long lead transformers)","1fa28a77-89e2-4b3a-80ed-f93b3b949031",,,"No","Meesam Rasool","Meesam Rasool",,"Best Commercial","6/29/2026","5/29/2026","4/29/2026","3/30/2026","2/28/2026","2/13/2026","30",,"No",,,,"Self Perform",,,,,"6/29/2026","5/21/2026 2:53 PM",,
"4d342b4e-3fc8-4e7d-9f42-75f40a5f9e87","A02180","-",,,,,,,,,"SE",,,,,"No",,,,,,,,"30","30","30","15","0",,,,"SE/Buildings","Frank Gou","Frank Gou","9/1/2024","8/2/2024","7/3/2024","6/3/2024","5/19/2024",,"Equipment (welding table/compressors/Forklift)","05073d77-d4c1-4294-8bba-c27a94c5243a",,,"No","Meesam Rasool","Meesam Rasool",,"Best Commercial","10/1/2024","9/1/2024","8/2/2024","7/3/2024","6/3/2024","5/19/2024","30",,"No",,,,"Cancelled",,,,,"10/1/2024","5/21/2026 2:53 PM",,"LONG LEAD TIME - To Confirm urgent"
"f6ca6bc4-623b-451f-b688-775eb58acb62","A02180","219","10/24/2025","10/31/2025",,"10/21/2025","8/26/2025","9/25/2025","1,558,351.6",,"NI","1,558,351.6",,,,"Yes",,,,,,,,"30","30","30","15","1","Yes","1,558,351.6",,"Industrial","Ian Pocock","Ian Pocock","7/25/2025","6/25/2025","5/26/2025","4/26/2025","4/11/2025",,"SCCV Level 1 Plate Material","395a5518-4777-461e-96d2-38ceb848008a","Materials (Commodities)","4300007085","No","Alan Bartolo","Alan Bartolo",,"N299-1","8/25/2025","7/25/2025","6/25/2025","5/26/2025","4/26/2025","4/11/2025","30",,"No",,"Hooper Welding",,"Commodities Agreement",,,,,"8/25/2025","5/21/2026 2:53 PM",,
"c92dee2f-e3e3-4c7c-8c9b-c3174c8bffad","A02180","77",,,,,,,,,"SE",,,,,"No",,,,,,,,"30","30","30","15","0",,,,"SE/Buildings","Lolu Oyewole-Eletu","Lolu Oyewole-Eletu","7/1/2025","6/1/2025","5/2/2025","4/2/2025","3/18/2025",,"Fire Stopping Fab","3350f7c6-1f49-4676-9a59-4abd0a3b0f2f",,,"No","Meesam Rasool","Meesam Rasool",,"Best Commercial","8/1/2025","7/1/2025","6/1/2025","5/2/2025","4/2/2025","3/18/2025","30",,"No",,,,"On Hold",,,,,"8/1/2025","5/21/2026 2:53 PM",,
"809f7a03-c64c-48fd-850c-11507f4ea030","A02180","136",,,,,,,,,"CCW",,,,,"No",,,,,,,,"30","30","30","15","0",,,,"CCW/Tunnel","Ernesto Martinez","Ernesto Martinez","4/1/2025","3/2/2025","1/31/2025","1/1/2025","12/17/2024",,"Forklift on surface","52f1a4f9-f7b8-49e2-8c49-9676f82967d8","Construction Equipment",,"No","Meesam Rasool","Meesam Rasool",,"Best Commercial","5/1/2025","4/1/2025","3/2/2025","1/31/2025","1/1/2025","12/17/2024","30",,"No",,,,"On Hold",,,,,"5/1/2025","5/21/2026 2:53 PM",,
"7c1e0303-7d2d-4322-8abb-6d405eafdaaa","A02180","275",,,,,,,,,"SE",,,,,"No",,,,,,,,"30","30","30","15","0",,,,"SE/Buildings","Frank Gou","Frank Gou",,,,,,,"Floor Grille  - Security Building","872361d4-755d-476d-b450-71d7e093a4d1",,,"No","Meesam Rasool","Meesam Rasool",,"Best Commercial",,,,,,,"30",,"No",,,,"Standard Purchase Order",,,,,,"5/21/2026 2:53 PM",,
"df417225-ed5f-44b9-8ea9-572bf76a2579","A02180","161","6/5/2025","6/4/2025",,"6/16/2025","6/9/2025","5/6/2025","169,280",,"CCW","200,000",,,,"Yes",,,,,"Yes","169,280",,"30","30","30","15","0","Yes","169,280",,"CCW/Tunnel","Mohamed Radwan","Mohamed Radwan","4/20/2025","3/21/2025","2/19/2025","1/20/2025","1/5/2025",,"Scaffolding for the Storage tanks","fe1de44a-df6c-43cc-85f0-482a344b1bec",,"4700130335","Yes","Valentina Kukharchuk","Valentina Kukharchuk",,"Best Commercial","5/20/2025","4/20/2025","3/21/2025","2/19/2025","1/20/2025","1/5/2025","30",,"No",,"AlumaSafway",,"Construction Subcontract",,,,,"5/20/2025","5/21/2026 2:53 PM",,
"a608ffa4-062a-4ffa-a68f-14723b50e27d","A02180","-",,,,,,,,,"CI",,,,,"No",,,,,,,,"30","30","30","15","1",,,,"CI","Hiten Patel","Hiten Patel",,,,,,,"Secant Pile Walls (Shoring)","dd527a2e-09e0-497f-8c03-dddfbcdd8cfa","Subcontractors",,"No","Quinn McLafferty","Quinn McLafferty",,"Best Commercial",,,,,,,"30",,"No",,,,"Cancelled",,,,,,"5/21/2026 2:53 PM",,
"fd781e54-51dc-4401-8714-cf4b60d92906","A02180","267",,,,,,,,,"SE",,,,,"No",,,,,,,,"30","30","30","15","0",,,,"SE/Buildings","Frank Gou","Frank Gou","5/29/2026","4/29/2026","3/30/2026","2/28/2026","2/13/2026",,"Formwork","fd8bbfc6-9573-4c7a-b1bd-06b547258c3f",,,"No","Meesam Rasool","Meesam Rasool",,"Best Commercial","6/29/2026","5/29/2026","4/29/2026","3/30/2026","2/28/2026","2/13/2026","30",,"No",,,,"Self Perform",,,,,"6/29/2026","5/21/2026 2:53 PM",,
"edb53db0-04dc-4561-8274-107f935e2212","A02180","-",,,,,,,,,"CCW","0",,,,"No",,,,,,,,"30","30","30","15","0",,,,"CCW/Tunnel","Stephanie Shelley","Stephanie Shelley","3/29/2026","2/27/2026","1/28/2026","12/29/2025","12/14/2025",,"PCTL foam strip","8cbd8916-e98c-428c-bf54-5a9add94be22","Supplies (Construction Materials)",,"No","Diogo Mello","Diogo Mello",,"Best Commercial","4/29/2026","3/29/2026","2/27/2026","1/28/2026","12/29/2025","12/14/2025","30",,"No",,,,"Standard Purchase Order",,,,,"4/29/2026","5/21/2026 2:53 PM",,"Waiting for the SoW and new RAS date"
"78549677-9ac6-4f7b-add8-2d96db7e6777","A02180","-","7/11/2024","7/1/2024",,"6/15/2024","6/1/2024","5/15/2024","31,500",,"CCW","31,500",,,,"Yes",,,,,,,,"30","30","30","15","0","Yes","31,500",,"CCW/Tunnel","Ernesto Martinez","Ernesto Martinez","3/1/2025","1/30/2025","12/31/2024","12/1/2024","11/16/2024",,"Sea cans for storage","bbac9ddc-b2ea-45e8-be49-a8df22143250","Supplies (Construction Materials)","4500642353 / 4500651817","No","Valentina Kukharchuk","Valentina Kukharchuk",,"Best Commercial","4/1/2025","3/1/2025","1/30/2025","12/31/2024","12/1/2024","11/16/2024","30",,"No",,"ATS",,"Standard Purchase Order",,,,,"4/1/2025","5/21/2026 2:53 PM",,
"e200259f-b4c7-491c-ba2b-48c8a5207f06","A02180","102","10/24/2024","10/2/2024",,"9/1/2024","8/8/2024","8/1/2024","1,409,561",,"CCW","1,635,000",,,,"Yes",,,,,,,,"30","30","30","15","0",,,,"CCW/Tunnel","Stephanie Shelley","Stephanie Shelley","2/1/2025","1/2/2025","12/3/2024","11/3/2024","10/19/2024",,"Grout Additives Supply","ab1ebd44-8133-4358-9b5d-f72d1e091324","Supplies (Construction Materials)","4500668482","No","Valentina Kukharchuk","Valentina Kukharchuk",,"Best Commercial","3/1/2025","2/1/2025","1/2/2025","12/3/2024","11/3/2024","10/19/2024","30",,"No",,"Mapei",,"Commodities Agreement",,,,,"3/1/2025","5/21/2026 2:53 PM",,
"2f6b4d6f-1340-4f95-8b1f-34c3965471a2","A02180","187",,,,,,,,,"CCW","0",,,,"No",,,,,,,,"30","30","30","15","0",,,,"CCW/Tunnel","Stephanie Shelley","Stephanie Shelley","10/27/2025","9/27/2025","8/28/2025","7/29/2025","7/14/2025",,"TBM Backup","a27e3eb2-d5e2-483b-bb7b-a555bf9a397a",,,"No","Diogo Mello","Diogo Mello",,"Best Commercial","11/27/2025","10/27/2025","9/27/2025","8/28/2025","7/29/2025","7/14/2025","30",,"No",,,,"Cancelled",,,,,"11/27/2025","5/21/2026 2:53 PM",,
"ab54a56f-0022-442f-afa9-0e11bbfbd8c9","A02180","130","2/18/2025","1/31/2025",,"1/20/2025","1/13/2025","12/29/2024","504,450",,"NI","791,917",,,,"Yes",,,,,"Yes","504,450",,"30","30","30","15","U75","Yes","504,450",,"NI","Tanzeel Ahmed","Tanzeel Ahmed","2/25/2025","1/26/2025","12/27/2024","11/27/2024","11/12/2024",,"Service Building Rebar (Caisson Supply)","17561130-9321-4536-b831-fbbae010839a","Materials (Commodities)","4300006592","No","Mahendra Don","Mahendra Don",,"ISO 9001:2015","3/25/2025","2/25/2025","1/26/2025","12/27/2024","11/27/2024","11/12/2024","30",,"No",,"Salit Steel",,"Commodities Agreement",,,,,"3/25/2025","5/21/2026 2:53 PM",,
"33b93a98-b038-43b5-9510-805d74a5d69f","A02180","267",,,,,,,,,"SE",,,,,"No",,,,,,,,"30","30","30","15","0",,,,"SE/Buildings","Frank Gou","Frank Gou",,,,,,,"Formwork - Security Building","b1d529ff-c4e0-431a-ba4d-762a787eac56",,,"No","Meesam Rasool","Meesam Rasool",,"Best Commercial",,,,,,,"30",,"No",,,,"Self Perform",,,,,,"5/21/2026 2:53 PM",,
"34ade0ee-e620-4bfb-92aa-4e8a660053e8","A02180","281",,,,,,,,,"SE",,,,,"No",,,,,,,,"30","30","30","15","0",,,,"SE/Buildings","Frank Gou","Frank Gou",,,,,,,"Hollow Metal Doors & Windows & Hardware- Security Bld","0541992d-633c-487e-aba6-5f235a2949eb",,,"No","Meesam Rasool","Meesam Rasool",,"Best Commercial",,,,,,,"30",,"No",,,,"Standard Purchase Order",,,,,,"5/21/2026 2:53 PM",,
"059afdf6-f0bb-4fc0-9acb-d2399a6c923f","A02180","-",,,,,,,,,"CCW","270,000",,,,"No",,,,,,,,"30","30","30","15","0",,,,"CCW/Tunnel","Stephanie Shelley","Stephanie Shelley","2/26/2026","1/27/2026","12/28/2025","11/28/2025","11/13/2025",,"TBM precast items for PCTL storage","8f3c1255-2359-4255-8e5f-617f5568b129","Supplies (Construction Materials)",,"No","Diogo Mello","Diogo Mello",,"Best Commercial","3/26/2026","2/26/2026","1/27/2026","12/28/2025","11/28/2025","11/13/2025","30",,"No",,,,"On Hold",,,,,"3/26/2026","5/21/2026 2:53 PM",,
"373e1b3e-b863-4e78-8a18-1d7b76489b1b","A02180","-",,,,,,,,,"SE",,,,,"No",,,,,,,,"30","30","30","15","0",,,,"SE/Buildings","Frank Gou","Frank Gou","11/30/2024","10/31/2024","10/1/2024","9/1/2024","8/17/2024",,"IT","b2a956ee-0981-4090-9fde-2242cc61a60d",,,"No","Meesam Rasool","Meesam Rasool",,"Best Commercial","12/31/2024","11/30/2024","10/31/2024","10/1/2024","9/1/2024","8/17/2024","30",,"No",,,,"On Hold",,,,,"12/31/2024","5/21/2026 2:53 PM",,"To Confirm if OPG will take part of this SoW"
"e98332ff-9b25-4e15-bff7-81b02dd0e93d","A02180","-",,,,,,,,,"SE",,,,,"No",,,,,,,,"30","30","30","15","0",,,,"SE/Buildings","Frank Gou","Frank Gou","7/1/2025","6/1/2025","5/2/2025","4/2/2025","3/18/2025",,"Metal Storage Shelving","026bf42d-b673-42dc-83f2-5bc4ac56a5f9",,,"No","Meesam Rasool","Meesam Rasool",,"Best Commercial","8/1/2025","7/1/2025","6/1/2025","5/2/2025","4/2/2025","3/18/2025","30",,"No",,,,"On Hold",,,,,"8/1/2025","5/21/2026 2:53 PM",,"To Confirm with Budget"
"f1f476ee-cc19-4442-a5e6-9ddd5a6cf5f7","A02180","-","2/5/2024","1/25/2024",,"1/25/2024","1/16/2024","1/15/2024","481,657.11",,"NI","500,847.2",,,,"Yes",,,,,,,,"30","30","30","15","U71",,,,"Industrial","Ian Pocock","Ian Pocock","4/12/2024","3/13/2024","2/12/2024","1/13/2024","12/29/2023",,"Silicon Stud Welding Equipment","a9fe66d7-b10a-43f4-9ee3-11fd495f63a4","Materials (Commodities)","4500642579","Yes","Quinn McLafferty","Quinn McLafferty",,"Best Commercial","5/12/2024","4/12/2024","3/13/2024","2/12/2024","1/13/2024","12/29/2023","30",,"No",,"Silicon Stud Welding",,"Commodities Agreement",,,,,"5/12/2024","5/21/2026 2:53 PM",,"Converted to USD @ 1.35"
"04511b93-03d0-4836-b965-2faa927f83f9","A02180","-",,,,,,,,,"CCW",,,,,"No",,,,,,,,"30","30","30","15","0",,,,"CCW/Tunnel","Ernesto Martinez","Ernesto Martinez","1/1/2025","12/2/2024","11/2/2024","10/3/2024","9/18/2024",,"TBM workshop","a208aec3-b6f1-4fa1-a0bb-89524c6219a0",,,"No","Diogo Mello","Diogo Mello",,"Best Commercial","2/1/2025","1/1/2025","12/2/2024","11/2/2024","10/3/2024","9/18/2024","30",,"No",,,,"Cancelled",,,,,"2/1/2025","5/21/2026 2:53 PM",,
"d9b2e356-58c6-4f5b-8f62-a587813732d8","A02180","-",,,,,,,,,"PB",,,,,"No",,,,,,,,"30","30","30","15","0",,,,"CI","Muhamed Maki","Muhamed Maki","5/20/2025","4/20/2025","3/21/2025","2/19/2025","2/4/2025",,"TCCWS Cooling Water Pumps","4eb085d9-9057-4ee4-b0f0-d4363ef773da",,,"No","Dan Martin","Dan Martin",,"Best Commercial","6/20/2025","5/20/2025","4/20/2025","3/21/2025","2/19/2025","2/4/2025","30",,"No",,,,"On Hold",,,,,"6/20/2025","5/21/2026 2:53 PM",,
"965a3ef0-6f34-4a3c-a987-b293510535b8","A02180","-",,,,,,,,,"PB",,,,,"No",,,,,,,,"30","30","30","15","0",,,,"CI","Muhamed Maki","Muhamed Maki","4/14/2025","3/15/2025","2/13/2025","1/14/2025","12/30/2024",,"TCCWS Plate Frame Heat Exchangers","ccd73f45-f262-4aa0-ae2c-39ca479c083f",,,"No","Dan Martin","Dan Martin",,"Best Commercial","5/14/2025","4/14/2025","3/15/2025","2/13/2025","1/14/2025","12/30/2024","30",,"No",,,,"On Hold",,,,,"5/14/2025","5/21/2026 2:53 PM",,
"fd4596dd-195d-40a3-98b3-0f52e7089d4f","A02180","-",,,,,,,,,"CCW",,,,,"No",,,,,,,,"30","30","30","15","0",,,,"CCW/Tunnel","Ernesto Martinez","Ernesto Martinez","11/1/2025","10/2/2025","9/2/2025","8/3/2025","7/19/2025",,"Shaft/tunnel dewatering pumps","f0a23041-9a62-4279-8769-84faa2c02695","Construction Equipment",,"No","Valentina Kukharchuk","Valentina Kukharchuk",,"Best Commercial","12/1/2025","11/1/2025","10/2/2025","9/2/2025","8/3/2025","7/19/2025","30",,"No",,,,"Cancelled",,,,,"12/1/2025","5/21/2026 2:53 PM",,
"11adbe11-5146-4cc1-bd56-c4ab74f1e73e","A02180","123","8/14/2025","7/24/2025",,"4/8/2025","3/20/2025","3/15/2025","1,698,450",,"NI","2,241,972",,,,"Yes",,,,,,,,"30","30","30","15","K20","Yes","1,698,450",,"NI","Tanzeel Ahmed","Tanzeel Ahmed","3/1/2026","1/30/2026","12/31/2025","12/1/2025","11/16/2025",,"Sludge Tanks/Resin Tanks","a9061a10-8018-480c-a42c-2d12a835247c","Plant Equipment","4300006634","No","Mahendra Don","Mahendra Don",,"NCA-4000","4/1/2026","3/1/2026","1/30/2026","12/31/2025","12/1/2025","11/16/2025","30",,"No",,"HOOPER WELDING ENTERPRISES LIMITED",,"Engineered Equipment",,,,,"4/1/2026","5/21/2026 2:53 PM",,
"1e7bbf4e-2973-463f-8ef4-f371062830a3","A02180","226",,,,,,,,,"NI",,,,,"No",,,,,,,,"30","30","30","15","0",,,,"NI","Tyler Taylor","Tyler Taylor","10/20/2025","9/20/2025","8/21/2025","7/22/2025","7/7/2025",,"Pre Assebmbly Heating System","5f6a4f74-18d1-4d91-b818-6de71adb3035",,,"No","Meesam Rasool","Meesam Rasool",,"Best Commercial","11/20/2025","10/20/2025","9/20/2025","8/21/2025","7/22/2025","7/7/2025","30",,"No",,,,"Standard Purchase Order",,,,,"11/20/2025","5/21/2026 2:53 PM",,
"7667aa0b-faef-4285-a049-6c80897ec1e3","A02180","-",,,,,,,,,"CI",,,,,"No",,,,,,,,"30","30","30","15","1",,,,"CI","Hiten Patel","Hiten Patel","6/10/2026","5/11/2026","4/11/2026","3/12/2026","2/25/2026",,"Prefab Stair Towers","26326204-5199-476e-9172-b786b742bb81",,,"No","Meesam Rasool","Meesam Rasool",,"Best Commercial","7/10/2026","6/10/2026","5/11/2026","4/11/2026","3/12/2026","2/25/2026","30",,"No",,,,"On Hold",,,,,"7/10/2026","5/21/2026 2:53 PM",,
"9eb2ae12-937e-4a81-84e7-eccea7217579","A02180","-",,,,,,,,,"NI",,,,,"No",,,,,,,,"30","30","30","15","K20",,,,"NI","Tanzeel Ahmed","Tanzeel Ahmed","3/13/2026","2/11/2026","1/12/2026","12/13/2025","11/28/2025",,"Solid Waste Management-Sludge Tanks 1 & 2","b47e0e93-900b-4b4a-884e-cdb2d478a783","Plant Equipment",,"No","Mahendra Don","Mahendra Don",,"NCA-4000","4/13/2026","3/13/2026","2/11/2026","1/12/2026","12/13/2025","11/28/2025","30",,"No",,,,"Cancelled",,,,,"4/13/2026","5/21/2026 2:53 PM",,
"28d28528-d0b2-4da4-afac-e5d5185d6c5f","A02180","-",,,,,,,,,"NI",,,,,"No",,,,,,,,"30","30","30","15","K20",,,,"NI","Tanzeel Ahmed","Tanzeel Ahmed","3/10/2026","2/8/2026","1/9/2026","12/10/2025","11/25/2025",,"Solid Waste Management-Spent Resin Storage Tank","f5202664-597e-40eb-b1c5-18feb74143ee","Plant Equipment",,"No","Mahendra Don","Mahendra Don",,"NCA-4000","4/10/2026","3/10/2026","2/8/2026","1/9/2026","12/10/2025","11/25/2025","30",,"No",,,,"Cancelled",,,,,"4/10/2026","5/21/2026 2:53 PM",,
"08478fa0-b747-4098-a060-c595c78fad08","A02180","-",,,,,,,,,"CCW-NI",,,,,"No",,,,,,,,"30","30","30","15","0",,,,"Technical","Nathan Johnson","Nathan Johnson","12/15/2024","11/15/2024","10/16/2024","9/16/2024","9/1/2024",,"Rigging gears","2a308d9d-6cb6-4022-a5ab-3997acd0fbf6",,,"Yes","Meesam Rasool","Meesam Rasool",,"Best Commercial","1/15/2025","12/15/2024","11/15/2024","10/16/2024","9/16/2024","9/1/2024","30",,"No",,,,"On Hold",,,,,"1/15/2025","5/21/2026 2:53 PM",,
"ef2264e4-27b8-4a4c-a41b-cbb0baa54657","A02180","-",,,,,,,,,"SE",,,,,"No",,,,,,,,"30","30","30","15","0",,,,"SE/Buildings","Frank Gou","Frank Gou","9/18/2026","8/19/2026","7/20/2026","6/20/2026","6/5/2026",,"Office Furniture ( Install only)","7c877196-0c9c-427c-9c23-351eb510cc66",,,"No","Meesam Rasool","Meesam Rasool",,"Best Commercial","10/18/2026","9/18/2026","8/19/2026","7/20/2026","6/20/2026","6/5/2026","30",,"No",,,,"Self Perform",,,,,"10/18/2026","5/21/2026 2:53 PM",,
"67b59174-eb5a-4c17-9a5c-25620df2bf6c","A02180","177",,,,,,,,,"SE",,,,,"No",,,,,,,,"30","30","30","15","0",,,,"Foundation","Kevin Dang","Kevin Dang",,,,,,,"Sarens (Crawler Cranes)","4526648a-728b-4369-bcd1-1a55e0f69b34",,,"No","Meesam Rasool","Meesam Rasool",,"Best Commercial",,,,,,,"30",,"No",,,,"Change Order",,,,,,"5/21/2026 2:53 PM",,
"f344b223-8933-42bd-9e98-4c7ecf1b39f4","A02180","185","10/6/2025","10/2/2025",,"9/24/2025","9/2/2025","8/18/2025","132,031.86",,"NI","132,031.86",,,,"Yes",,,,,,,,"30","30","30","15","1","Yes","132,031.86",,"CI","Daman Grewal","Daman Grewal","11/15/2025","10/16/2025","9/16/2025","8/17/2025","8/2/2025",,"Staircase for RB Shaft","569e5b10-8793-41a3-81c6-f96cedd80559","Materials (Commodities)","4500715751","No","Mahendra Don","Mahendra Don",,"ISO 9001:2015","12/15/2025","11/15/2025","10/16/2025","9/16/2025","8/17/2025","8/2/2025","30",,"No",,"Peri Formwork Systems",,"Commodities Agreement",,,,,"12/15/2025","5/21/2026 2:53 PM",,
"b952859f-e1d6-4795-99f6-44e95904f2fd","A02180","158",,,,"9/8/2025","8/21/2025","8/7/2025",,,"CCW","0",,,,"No",,,,,,,,"30","30","30","15","0",,,,"CCW/Tunnel","Ernesto Martinez","Ernesto Martinez","2/19/2026","1/20/2026","12/21/2025","11/21/2025","11/6/2025",,"Stand-by generators for tunneling operations","751e4d0e-af12-4687-9895-8d7e60f6c18c",,,"No","Isabelle Bleou","Isabelle Bleou",,"Best Commercial","3/19/2026","2/19/2026","1/20/2026","12/21/2025","11/21/2025","11/6/2025","30",,"No",,,,"Change Order",,,,,"3/19/2026","5/21/2026 2:53 PM",,
"799e0a41-b79f-4b49-bd0d-7ca1e5c250fd","A02180","-",,,,,,,,,"CI",,,,,"No",,,,,,,,"30","30","30","15","U72",,,,"CI","Jack Maher","Jack Maher","5/1/2024","4/1/2024","3/2/2024","2/1/2024","1/17/2024",,"Steel Structure - Level 1","255b3c3d-4e1b-4ad4-8879-4b9b73350089",,,"No","Quinn McLafferty","Quinn McLafferty",,,"6/1/2024","5/1/2024","4/1/2024","3/2/2024","2/1/2024","1/17/2024","30",,"No",,,,"Cancelled",,,,,"6/1/2024","5/21/2026 2:53 PM",,
"de4b45e6-58b2-4333-bdf0-bd345afd3c43","A02180","-",,,,,,,,,"CI",,,,,"No",,,,,,,,"30","30","30","15","U72",,,,"CI","Jack Maher","Jack Maher","5/1/2024","4/1/2024","3/2/2024","2/1/2024","1/17/2024",,"Steel Structure - Level 2","4a80ed2a-3886-42fb-869b-bdefdbf74faa",,,"No","Quinn McLafferty","Quinn McLafferty",,,"6/1/2024","5/1/2024","4/1/2024","3/2/2024","2/1/2024","1/17/2024","30",,"No",,,,"Cancelled",,,,,"6/1/2024","5/21/2026 2:53 PM",,
"86bb054b-5316-4cd4-a98e-90883ab82772","A02180","-",,,,,,,,,"CI",,,,,"No",,,,,,,,"30","30","30","15","U72",,,,"CI","Jack Maher","Jack Maher","5/1/2024","4/1/2024","3/2/2024","2/1/2024","1/17/2024",,"Steel Structure - Level 3","4cc5c2ce-0689-4bce-9547-c4e738f0afae",,,"No","Quinn McLafferty","Quinn McLafferty",,,"6/1/2024","5/1/2024","4/1/2024","3/2/2024","2/1/2024","1/17/2024","30",,"No",,,,"Cancelled",,,,,"6/1/2024","5/21/2026 2:53 PM",,
"aaa7e02c-21be-4e67-a588-db568581bf77","A02180","170",,,,,,,,,"CCW","0",,,,"No",,,,,,,,"30","30","30","15","0",,,,"CCW/Tunnel","Ernesto Martinez","Ernesto Martinez","2/1/2026","1/2/2026","12/3/2025","11/3/2025","10/19/2025",,"Scooptram rental","31244687-80c1-40f1-bcb0-261e79dce480",,,"No","Meesam Rasool","Meesam Rasool",,"Best Commercial","3/1/2026","2/1/2026","1/2/2026","12/3/2025","11/3/2025","10/19/2025","30",,"No",,,,"Cancelled",,,,,"3/1/2026","5/21/2026 2:53 PM",,
"150db82e-0599-461b-980e-6945002ef2e6","A02180","-",,,,,,,,,"CCW",,,,,"No",,,,,,,,"30","30","30","15","0",,,,"CCW/Tunnel","Nicolas Granjon","Nicolas Granjon","6/1/2025","5/2/2025","4/2/2025","3/3/2025","2/16/2025",,"Spoil transfer from STP to spoil pile","05af9ff8-e984-4849-95a8-1107f995bb01",,,"No","Valentina Kukharchuk","Valentina Kukharchuk",,"Best Commercial","7/1/2025","6/1/2025","5/2/2025","4/2/2025","3/3/2025","2/16/2025","30",,"No",,,,"Cancelled",,,,,"7/1/2025","5/21/2026 2:53 PM",,"Acon Utilities A6N ?"
"14fb6a0d-b31c-494c-9ad4-b9dcefab0e68","A02180","170",,,,,,,,,"CCW",,,,,"No",,,,,,,,"30","30","30","15","0",,,,"CCW/Tunnel","Nicolas Granjon","Nicolas Granjon","8/30/2025","7/31/2025","7/1/2025","6/1/2025","5/17/2025",,"Scooptram rental","fa216ad0-8be0-4a58-a64e-8c1feff8f0e5",,,"No","Meesam Rasool","Meesam Rasool",,"Best Commercial","9/30/2025","8/30/2025","7/31/2025","7/1/2025","6/1/2025","5/17/2025","30",,"No",,,,"Cancelled",,,,,"9/30/2025","5/21/2026 2:53 PM",,
"15e454c5-062e-4e65-ab4d-c9e2c7a930d3","A02180","78",,,,,,,,,"SE",,,,,"No",,,,,,,,"30","30","30","15","0",,,,"SE/Buildings","Frank Gou","Frank Gou","7/1/2026","6/1/2026","5/2/2026","4/2/2026","3/18/2026",,"Security Building Furniture","44e0af4f-4392-41f7-b068-4132d0b613d6","Materials (Commodities)",,"No","Meesam Rasool","Meesam Rasool",,"Best Commercial","8/1/2026","7/1/2026","6/1/2026","5/2/2026","4/2/2026","3/18/2026","30",,"No",,,,"Cancelled",,,,,"8/1/2026","5/21/2026 2:53 PM",,
"2cdfd094-197b-4e66-b826-0eea70f5a3e5","A02180","127","3/14/2025","3/14/2025",,"2/28/2025","2/14/2025","2/11/2025","320,969",,"CCW","875,080",,,,"Yes",,,,,,,,"30","30","30","15","0","Yes","320,969",,"CCW/Tunnel","Mohamed Radwan","Mohamed Radwan","3/15/2025","2/13/2025","1/14/2025","12/15/2024","11/30/2024",,"STP - mobiles cranes","a79b4cfe-2b57-4fa6-b906-592a714ce338","Construction Equipment","4700126393","No","Valentina Kukharchuk","Valentina Kukharchuk",,"Best Commercial","4/15/2025","3/15/2025","2/13/2025","1/14/2025","12/15/2024","11/30/2024","30",,"No",,"Sarens Canada",,"Construction Subcontract",,,,,"4/15/2025","5/21/2026 2:53 PM",,
"9658a6dc-7552-459f-b867-07fa9f63d3ad","A02180","154","1/13/2026","8/2/2025",,"7/16/2025","6/16/2025","4/7/2025","76,125.26",,"CCW","76,125.26",,,,"Yes",,,,,,,,"30","30","30","15","0",,,,"General","Yuri Andrade","Yuri Andrade","9/1/2025","8/2/2025","7/3/2025","6/3/2025","5/19/2025",,"HDPE Service Pipe","d84cf5cb-2757-4aa6-aca2-264f052ed615","Materials (Commodities)","4500732071","Yes","Quinn McLafferty","Quinn McLafferty",,"ISO 9001:2015","10/1/2025","9/1/2025","8/2/2025","7/3/2025","6/3/2025","5/19/2025","30",,"No",,"Sandale Utility Products",,"Commodities Agreement",,,,,"10/1/2025","5/21/2026 2:53 PM",,
"3d9fa815-724f-4bb5-baa2-02d6393a45c4","A02180","-",,,,,,,,,"CCW",,,,,"No",,,,,,,,"30","30","30","15","0",,,,"CCW/Tunnel","Ernesto Martinez","Ernesto Martinez","2/15/2025","1/16/2025","12/17/2024","11/17/2024","11/2/2024",,"STP - pipes order","236e66d8-83df-4ae5-a4ba-a46e10d35b4d",,,"Yes","Valentina Kukharchuk","Valentina Kukharchuk",,"Best Commercial","3/15/2025","2/15/2025","1/16/2025","12/17/2024","11/17/2024","11/2/2024","30",,"No",,,,"Cancelled",,,,,"3/15/2025","5/21/2026 2:53 PM",,
"1359d476-b15a-470a-b604-9b57b283be8f","A02180","-",,"7/23/2025",,"7/23/2025","7/23/2025","7/23/2025",,,"CCW",,,,,"No",,,,,,,,"30","30","30","15","0",,,,"CCW/Tunnel","Ernesto Martinez","Ernesto Martinez","3/15/2025","2/13/2025","1/14/2025","12/15/2024","11/30/2024",,"STP/WTP support (HK personnel, etc.)","fae53ed7-a750-4f58-8d77-f8dd69ce572e","Construction Equipment",,"No","Valentina Kukharchuk","Valentina Kukharchuk",,"Best Commercial","4/15/2025","3/15/2025","2/13/2025","1/14/2025","12/15/2024","11/30/2024","30",,"No",,,,"Change Order",,,,,"4/15/2025","5/21/2026 2:53 PM",,
"010b8576-0913-4076-9e98-bad63d0414eb","A02180","247","12/5/2025","6/24/2025",,"11/20/2024","11/5/2024","1/31/2026","1,574,800",,"CCW",,,,,"Yes",,,,,,,,"30","30","30","15","0","Yes","1,574,800",,"Concrete","Mohamed Said","Mohamed Said","12/15/2025","11/15/2025","10/16/2025","9/16/2025","9/1/2025",,"Supply & Install Rebar (BOP Â– Shaft Structures )","db607aec-2ed5-4962-a238-6e3640438b1a",,"4700146060","No","Mahendra Don","Mahendra Don",,"Best Commercial","1/15/2026","12/15/2025","11/15/2025","10/16/2025","9/16/2025","9/1/2025","30",,"No",,"Mansteel Rebar Limited",,"Construction Subcontract",,,,,"1/15/2026","5/21/2026 2:53 PM",,
"b27a4cbf-c894-49c8-add9-d51ca4773d44","A02180","216","7/16/2025","6/26/2025",,"6/26/2025","6/26/2025","6/26/2025","2,911,800",,"NI","4,063,470",,,,"Yes",,,,,,,,"30","30","30","15","U73 & U75","Yes","2,911,800",,"NI","Rubab Shahid","Rubab Shahid","8/30/2025","7/31/2025","7/1/2025","6/1/2025","5/17/2025",,"Supply & Install Rebar (U73 CB / U75 SB & RAB)","65eb4d57-1b54-47d6-b1fb-7b1b4e1ee9e7","Subcontractors","4700140695","No","Mahendra Don","Mahendra Don",,"ISO 9001:2015","9/30/2025","8/30/2025","7/31/2025","7/1/2025","6/1/2025","5/17/2025","30",,"No",,"Mansteel Rebar Limited",,"Construction Subcontract",,,,,"9/30/2025","5/21/2026 2:53 PM",,
"dfadfffa-2812-4e1f-8e77-dd7ef645f061","A02180","253",,,,,,,,,"NI",,,,,"No",,,,,,,,"30","30","30","15","U71",,,,"NI","Rubab Shahid","Rubab Shahid",,,,,,,"Supply of Grout for under DPSC","e30a54a1-51be-4883-b264-70e677a2ee05",,,"No","Mahendra Don","Mahendra Don",,"ISO 9001:2015",,,,,,,"30",,"No",,,,"Commodities Agreement",,,,,,"5/21/2026 2:53 PM",,
"1e0e8531-2e33-490c-9046-ed2053785012","A02180","-",,,,,,,,,"SE",,,,,"No",,,,,,,,"30","30","30","15","0",,,,"SE/Buildings","Frank Gou","Frank Gou","4/1/2025","3/2/2025","1/31/2025","1/1/2025","12/17/2024",,"Signage (Fab & WH)","3d3b0cf1-b7bd-4a2c-a407-51f336109086",,,"No","Meesam Rasool","Meesam Rasool",,"Best Commercial","5/1/2025","4/1/2025","3/2/2025","1/31/2025","1/1/2025","12/17/2024","30",,"No",,,,"Cancelled",,,,,"5/1/2025","5/21/2026 2:53 PM",,
"f694a23c-6e58-4a25-8c03-73f1c2c3126d","A02180","-",,,,,,,,,"PB",,,,,"No",,,,,,,,"30","30","30","15","0",,,,"CI","Muhamed Maki","Muhamed Maki","3/14/2026","2/12/2026","1/13/2026","12/14/2025","11/29/2025",,"Water and Fuel Oil Transfer Pumps","40ce4403-f44a-4f76-b5c1-7c563dd7dadb",,,"No","Dan Martin","Dan Martin",,"Best Commercial","4/14/2026","3/14/2026","2/12/2026","1/13/2026","12/14/2025","11/29/2025","30",,"No",,,,"On Hold",,,,,"4/14/2026","5/21/2026 2:53 PM",,
"8737e5d4-61b2-456b-8e2a-7a22fca0cfd6","A02180","175",,,,,,,,,"CI",,,,,"No",,,,,,,,"30","30","30","15","0",,,,"Foundation","Kevin Dang","Kevin Dang",,,,,,,"Subsurface Geo Tech","965f84a6-bd4b-4793-8d02-a29da66a59d6",,,"No","Meesam Rasool","Meesam Rasool",,"Best Commercial",,,,,,,"30",,"No",,,,"Construction Subcontract",,,,,,"5/21/2026 2:53 PM",,
"87f32711-9a3e-430f-81d6-30d831a3bdee","A02180","-",,,,,,,,,"CCW","150,000",,,,"No",,,,,,,,"30","30","30","15",,,,,"CCW/Tunnel","Ernesto Martinez","Ernesto Martinez","2/20/2026","1/21/2026","12/22/2025","11/22/2025","11/7/2025",,"TBM Gantry Pulling Jacking System","c80a7bf5-f88c-417e-9fd1-1e49de340839","Construction Equipment",,"No","Meesam Rasool","Meesam Rasool",,"Best Commercial","3/20/2026","2/20/2026","1/21/2026","12/22/2025","11/22/2025","11/7/2025","30",,"No",,,,"Standard Purchase Order",,,,,"3/20/2026","6/17/2026 11:16 AM",,"Waiting for the SoW and new RAS date"
"ef3c905a-30d5-4744-bd8e-247e71ecdc93","A02180","-",,,,,,,,,"CCW-NI",,,,,"No",,,,,,,,"30","30","30","15","0",,,,"General","Yuri Andrade","Yuri Andrade","12/1/2024","11/1/2024","10/2/2024","9/2/2024","8/18/2024",,"Wet Shotcrete","6c53ee1f-74f0-409e-9c7a-121dfe900718",,,"No","Diogo Mello","Diogo Mello",,"Best Commercial","1/1/2025","12/1/2024","11/1/2024","10/2/2024","9/2/2024","8/18/2024","30",,"No",,,,"On Hold",,,,,"1/1/2025","5/21/2026 2:53 PM",,
"d2febbe4-3fe0-48ec-8c40-70776cb2b11c","A02180","-",,,,,,,,,"CCW",,,,,"No",,,,,,,,"30","30","30","15","0",,,,"CCW/Tunnel","Ernesto Martinez","Ernesto Martinez","1/26/2026","12/27/2025","11/27/2025","10/28/2025","10/13/2025",,"TBM and STP - Spare parts","8707249b-ab5f-46bc-a847-bb064d7696f4","Construction Equipment",,"No","Valentina Kukharchuk","Valentina Kukharchuk",,"Best Commercial","2/26/2026","1/26/2026","12/27/2025","11/27/2025","10/28/2025","10/13/2025","30",,"No",,,,"Change Order",,,,,"2/26/2026","5/21/2026 2:53 PM",,
"9a8c14d8-80ce-4aa0-8096-52b84bc29ac4","A02180","-",,,,,,,,,"CCW",,,,,"No",,,,,,,,"30","30","30","15","0",,,,"CCW/Tunnel","Ernesto Martinez","Ernesto Martinez","1/26/2026","12/27/2025","11/27/2025","10/28/2025","10/13/2025",,"TBM assembly accessories: jacks, etc.","db4e41b4-ea7b-4f51-a15f-6d8551410441","Construction Equipment",,"No","Valentina Kukharchuk","Valentina Kukharchuk",,"Best Commercial","2/26/2026","1/26/2026","12/27/2025","11/27/2025","10/28/2025","10/13/2025","30",,"No",,,,"Cancelled",,,,,"2/26/2026","5/21/2026 2:53 PM",,
"6c1d4a07-5ac0-4858-ad41-bf4a415bc409","A02180","-","10/18/2024","10/1/2024",,"9/1/2024","8/1/2024","8/1/2024","6,403",,"CCW","6,403",,,,"Yes",,,,,,,,"30","30","30","15","0","Yes","6,403",,"CCW/Tunnel","Stephanie Shelley","Stephanie Shelley","5/1/2025","4/1/2025","3/2/2025","1/31/2025","1/16/2025",,"Support for densimeter - training and VRSO","b7b55983-7d7b-4d5e-983d-b54f2f1299e2","Subcontractors","4500658182","Yes","Quinn McLafferty","Quinn McLafferty",,"Best Commercial","6/1/2025","5/1/2025","4/1/2025","3/2/2025","1/31/2025","1/16/2025","30",,"No",,"Stuart Hunt & Associates LTD",,"Standard Purchase Order",,,,,"6/1/2025","5/21/2026 2:53 PM",,
"1e58593f-eb4e-4875-92a3-a9b421834700","A02180","125",,,,,,,,,"CCW",,,,,"No",,,,,,,,"30","30","30","15","0",,,,"CCW/Tunnel","Nicolas Granjon","Nicolas Granjon","10/1/2025","9/1/2025","8/2/2025","7/3/2025","6/18/2025",,"Tower Crane Inspection","21aa2efe-cbd8-4c53-92c2-8e9161f43845","Subcontractors",,"No","Meesam Rasool","Meesam Rasool",,"Best Commercial","11/1/2025","10/1/2025","9/1/2025","8/2/2025","7/3/2025","6/18/2025","30",,"No",,,,"On Hold",,,,,"11/1/2025","5/21/2026 2:53 PM",,"Domson for crane inspection"
"79f42c32-f4b3-4962-9fe8-429c204877b0","A02180","153",,,,,,,,,"CCW",,,,,"No",,,,,,,,"30","30","30","15","0",,,,"CCW/Tunnel","Ernesto Martinez","Ernesto Martinez","7/1/2025","6/1/2025","5/2/2025","4/2/2025","3/18/2025",,"TBM assembly welding","ad5fb43a-034d-4341-882e-f68123de47d9","Construction Equipment",,"No","Valentina Kukharchuk","Valentina Kukharchuk",,"Best Commercial","8/1/2025","7/1/2025","6/1/2025","5/2/2025","4/2/2025","3/18/2025","30",,"No",,,,"Cancelled",,,,,"8/1/2025","5/21/2026 2:53 PM",,
"d09fdba5-fe55-4f4a-8f98-39c0caca39d6","A02180","-",,,,,,,,,"CCW",,,,,"No",,,,,,,,"30","30","30","15","0",,,,"CCW/Tunnel","Nicolas Granjon","Nicolas Granjon","9/1/2025","8/2/2025","7/3/2025","6/3/2025","5/19/2025",,"TBM back up steel structures","0af5f2a9-616b-4f52-a812-5bcb337f335c",,,"No","Valentina Kukharchuk","Valentina Kukharchuk",,"Best Commercial","10/1/2025","9/1/2025","8/2/2025","7/3/2025","6/3/2025","5/19/2025","30",,"No",,,,"Cancelled",,,,,"10/1/2025","5/21/2026 2:53 PM",,
"65d77339-e4fb-47b1-bacf-188c0493c133","A02180","109","4/17/2025","4/7/2025",,"2/7/2025","12/18/2024","12/18/2024","627,765.94",,"CCW","562,350",,,,"Yes",,,,,,,,"30","30","30","15","0","Yes","627,765.94",,"CCW/Tunnel","Stephanie Shelley","Stephanie Shelley","11/1/2025","10/2/2025","9/2/2025","8/3/2025","7/19/2025",,"Seal Ring and Delivery System Design and Supply","87933ba3-8a04-48b2-b8e2-4529a39a771f","Supplies (Construction Materials)","4500620906","Yes","Valentina Kukharchuk","Valentina Kukharchuk",,"ISO 9001:2015","12/1/2025","11/1/2025","10/2/2025","9/2/2025","8/3/2025","7/19/2025","30",,"No",,"Herrenknecht",,"Commodities Agreement",,,,,"12/1/2025","5/21/2026 2:53 PM",,
"1e0207ca-248a-467f-b617-d8a0f07a74ef","A02180","-",,,,,,,,,"CCW",,,,,"No",,,,,,,,"30","30","30","15","0",,,,"CCW/Tunnel","Ernesto Martinez","Ernesto Martinez","5/1/2025","4/1/2025","3/2/2025","1/31/2025","1/16/2025",,"TBM communication in tunnels","afd71a00-be0c-4ea9-b3d9-f8639287726f",,,"No","Valentina Kukharchuk","Valentina Kukharchuk",,"Best Commercial","6/1/2025","5/1/2025","4/1/2025","3/2/2025","1/31/2025","1/16/2025","30",,"No",,,,"Cancelled",,,,,"6/1/2025","5/21/2026 2:53 PM",,
"bec56952-7f57-4f5b-82e5-b1de01c01fcf","A02180","105","12/18/2024","12/16/2024",,"10/10/2024","10/3/2024","9/17/2024","120,095.43",,"CCW","124,000",,,,"Yes",,,,,,,,"30","30","30","15","0","Yes","120,095.43",,"CCW/Tunnel","Ernesto Martinez","Ernesto Martinez","3/1/2025","1/30/2025","12/31/2024","12/1/2024","11/16/2024",,"TBM cooling system","eef56b51-73d3-4514-ab8e-be31e8947167","Construction Equipment","4700134340","Yes","Valentina Kukharchuk","Valentina Kukharchuk",,"Best Commercial","4/1/2025","3/1/2025","1/30/2025","12/31/2024","12/1/2024","11/16/2024","30",,"No",,"Bryans Electric Motors And Pumps",,"Commodities Agreement",,,,,"4/1/2025","5/21/2026 2:53 PM",,
"92b43a9e-7ef3-4eed-8b2b-d8b28d09ad32","A02180","-",,,,,,,,,"CCW",,,,,"No",,,,,,,,"30","30","30","15","0",,,,"CCW/Tunnel","Ernesto Martinez","Ernesto Martinez","7/1/2025","6/1/2025","5/2/2025","4/2/2025","3/18/2025",,"TBM cooling system - water tank 2","c684181a-18cc-49d0-9de8-638e1e984e91","Construction Equipment",,"Yes","Valentina Kukharchuk","Valentina Kukharchuk",,"Best Commercial","8/1/2025","7/1/2025","6/1/2025","5/2/2025","4/2/2025","3/18/2025","30",,"No",,,,"On Hold",,,,,"8/1/2025","5/21/2026 2:53 PM",,
"f8739321-a8fc-43ce-b5c8-4f4a7a6ddeb4","A02180","-",,,,,,,,,"CCW",,,,,"No",,,,,,,,"30","30","30","15","0",,,,"CCW/Tunnel","Ernesto Martinez","Ernesto Martinez","3/1/2025","1/30/2025","12/31/2024","12/1/2024","11/16/2024",,"TBM equipment - Fuel Tank","3acf0240-0618-4108-8f24-75ad7535ccb9",,,"No","Valentina Kukharchuk","Valentina Kukharchuk",,"Best Commercial","4/1/2025","3/1/2025","1/30/2025","12/31/2024","12/1/2024","11/16/2024","30",,"No",,,,"Cancelled",,,,,"4/1/2025","5/21/2026 2:53 PM",,
"8b570c22-0f42-4e99-9944-16938dca30ed","A02180","-",,,,,,,,,"CCW",,,,,"No",,,,,,,,"30","30","30","15","0",,,,"CCW/Tunnel","Stephanie Shelley","Stephanie Shelley","9/1/2025","8/2/2025","7/3/2025","6/3/2025","5/19/2025",,"TBM brackets (slurry pipes, utility pipes, power, hop ups, etc.)","9d3bc198-5214-4060-b8e8-d0a1f839f76e",,,"No","Valentina Kukharchuk","Valentina Kukharchuk",,"Best Commercial","10/1/2025","9/1/2025","8/2/2025","7/3/2025","6/3/2025","5/19/2025","30",,"No",,,,"Cancelled",,,,,"10/1/2025","5/21/2026 2:53 PM",,
"905d9c6a-2ffe-488f-84b0-28c8b387a7fb","A02180","-",,,,,,,,,"CCW",,,,,"No",,,,,,,,"30","30","30","15","0",,,,"CCW/Tunnel","Stephanie Shelley","Stephanie Shelley","9/1/2025","8/2/2025","7/3/2025","6/3/2025","5/19/2025",,"TBM false tunnel supports","cc31a304-a31f-48c0-9989-6a2bd72839ad",,,"Yes","Valentina Kukharchuk","Valentina Kukharchuk",,"Best Commercial","10/1/2025","9/1/2025","8/2/2025","7/3/2025","6/3/2025","5/19/2025","30",,"No",,,,"Cancelled",,,,,"10/1/2025","5/21/2026 2:53 PM",,
"9b36ea7c-f02a-4e0b-aa6e-1d62e2f379e4","A02180","60","7/30/2024","7/30/2024",,"5/31/2024","5/3/2024","4/29/2024","596,780.8",,"CCW","750,000",,,,"Yes",,,,,,,,"30","30","30","15","0",,,,"CCW/Tunnel","Ernesto Martinez","Ernesto Martinez","1/1/2025","12/2/2024","11/2/2024","10/3/2024","9/18/2024",,"TBM grout plant","1c095338-c475-440d-9c11-885c167e8d28","Construction Equipment","4700129906","No","Valentina Kukharchuk","Valentina Kukharchuk",,"Best Commercial","2/1/2025","1/1/2025","12/2/2024","11/2/2024","10/3/2024","9/18/2024","30",,"No",,"Metax",,"Commodities Agreement",,,,,"2/1/2025","5/21/2026 2:53 PM",,
"88bb5680-62af-4b0b-ad8c-ae5f382e2620","A02180","159",,,,,,,,,"CCW",,,,,"No",,,,,,,,"30","30","30","15","0",,,,"CCW/Tunnel","Ernesto Martinez","Ernesto Martinez","2/6/2026","1/7/2026","12/8/2025","11/8/2025","10/24/2025",,"TBM hoses/fittings/connectors and crimper","b6b7a6ce-5fae-435d-8bb4-3020f6577e8e",,,"No","Valentina Kukharchuk","Valentina Kukharchuk",,"Best Commercial","3/6/2026","2/6/2026","1/7/2026","12/8/2025","11/8/2025","10/24/2025","30",,"No",,,,"Standard Purchase Order",,,,,"3/6/2026","5/21/2026 2:53 PM",,"Waiting for the SoW and new RAS date"
"bd3ab0e6-ee55-4247-ae59-f5b1bc5a0bc8","A02180","-",,,,,,,,,"CCW",,,,,"No",,,,,,,,"30","30","30","15","0",,,,"CCW/Tunnel","Ernesto Martinez","Ernesto Martinez","1/26/2026","12/27/2025","11/27/2025","10/28/2025","10/13/2025",,"TBM jacking","a433044a-ee6f-4b67-8472-f55ff6923cf9","Construction Equipment",,"No","Valentina Kukharchuk","Valentina Kukharchuk",,"Best Commercial","2/26/2026","1/26/2026","12/27/2025","11/27/2025","10/28/2025","10/13/2025","30",,"No",,,,"Cancelled",,,,,"2/26/2026","5/21/2026 2:53 PM",,
"b016d40f-70ff-4f10-8cb7-cf47267b2025","A02180","74","8/28/2024","8/22/2024",,"7/11/2024","7/3/2024","6/24/2024","69,911.83",,"CCW","100,000",,,,"Yes",,,,,,,,"30","30","30","15","0","Yes","69,911.83",,"CCW/Tunnel","Ernesto Martinez","Ernesto Martinez","5/1/2025","4/1/2025","3/2/2025","1/31/2025","1/16/2025",,"TBM Pipes Surface","183076be-2888-4b72-923b-6e0c5f9a4934","Supplies (Construction Materials)","4700128501","No","Valentina Kukharchuk","Valentina Kukharchuk",,"Best Commercial","6/1/2025","5/1/2025","4/1/2025","3/2/2025","1/31/2025","1/16/2025","30",,"No",,"Howell",,"Commodities Agreement",,,,,"6/1/2025","5/21/2026 2:53 PM",,
"a5916d69-157b-4385-97b5-bc95c2b2b884","A02180","155",,,,"10/6/2025","8/20/2025","8/7/2025",,,"CCW","0",,,,"No",,,,,,,,"30","30","30","15","0",,,,"CCW/Tunnel","Stephanie Shelley","Stephanie Shelley","2/10/2026","1/11/2026","12/12/2025","11/12/2025","10/28/2025",,"TBM shield cradle and false tunnel support steel structures supply","6d1b7d13-f5f5-45a3-93e6-8b458da36f0a","Supplies (Construction Materials)",,"Yes","Isabelle Bleou","Isabelle Bleou",,"Best Commercial","3/10/2026","2/10/2026","1/11/2026","12/12/2025","11/12/2025","10/28/2025","30",,"No",,,,"Change Order",,,,,"3/10/2026","5/21/2026 2:53 PM",,"Bids submitted. Next step -evaluation"
"1a1326f8-8cf8-48a1-a9b0-c63170ac8996","A02180","74","11/1/2024","11/1/2024",,"7/11/2024","7/3/2024","6/24/2024","3,229,818",,"CCW","2,916,450",,,,"Yes",,,,,,,,"30","30","30","15","0","Yes","3,229,818",,"CCW/Tunnel","Ernesto Martinez","Ernesto Martinez","5/1/2025","4/1/2025","3/2/2025","1/31/2025","1/16/2025",,"TBM Pipes Underground","07702ec3-a56a-4174-b104-e9ef14ad8962","Supplies (Construction Materials)","4500620906","No","Valentina Kukharchuk","Valentina Kukharchuk",,"Best Commercial","6/1/2025","5/1/2025","4/1/2025","3/2/2025","1/31/2025","1/16/2025","30",,"No",,"Herrenknecht",,"Commodities Agreement",,,,,"6/1/2025","5/21/2026 2:53 PM",,
"cc9e5151-9767-4ca2-8bfe-531ca08c7d16","A02180","-",,,,,,,,,"CCW",,,,,"No",,,,,,,,"30","30","30","15","0",,,,"CCW/Tunnel","Ernesto Martinez","Ernesto Martinez","3/1/2025","1/30/2025","12/31/2024","12/1/2024","11/16/2024",,"TBM plant piping on surface","c3b6b7c7-3a3b-48c1-afa3-373f1b9b1a6e",,,"No","Valentina Kukharchuk","Valentina Kukharchuk",,"Best Commercial","4/1/2025","3/1/2025","1/30/2025","12/31/2024","12/1/2024","11/16/2024","30",,"No",,,,"Cancelled",,,,,"4/1/2025","5/21/2026 2:53 PM",,
"81962e06-0244-43a8-a351-79856014135a","A02180","-",,,,,,,,,"CCW",,,,,"No",,,,,,,,"30","30","30","15","0",,,,"CCW/Tunnel","Ernesto Martinez","Ernesto Martinez","11/1/2025","10/2/2025","9/2/2025","8/3/2025","7/19/2025",,"TBM services (support for assembly, etc.)","741bb149-2924-4086-9c0f-f3f414965c8e","Subcontractors",,"No","Valentina Kukharchuk","Valentina Kukharchuk",,"Best Commercial","12/1/2025","11/1/2025","10/2/2025","9/2/2025","8/3/2025","7/19/2025","30",,"No",,,,"Cancelled",,,,,"12/1/2025","5/21/2026 2:53 PM",,
"f84befcc-8d34-4647-a541-2af7ff49bd94","A02180","168","10/10/2025","9/17/2025",,"7/10/2025","7/2/2025","7/2/2025","487,207",,"CCW","730,000",,,,"Yes",,,,,,,,"30","30","30","15","0",,,,"CCW/Tunnel","Stephanie Shelley","Stephanie Shelley","12/30/2025","11/30/2025","10/31/2025","10/1/2025","9/16/2025",,"TBM pipes tower","fe461ecc-1fcb-423c-91e4-1161a941852b","Supplies (Construction Materials)","4500726612","No","Valentina Kukharchuk","Valentina Kukharchuk",,"Best Commercial","1/30/2026","12/30/2025","11/30/2025","10/31/2025","10/1/2025","9/16/2025","30",,"No",,"Trademark",,"Commodities Agreement",,,,,"1/30/2026","5/21/2026 2:53 PM",,"Awarded to Trademark, waiting for legal to conifrm in comments/changes acceptable for the contract."
"cf31c5ba-5117-4d07-bcbc-acf345f9e483","A02180","-",,,,,,,,,"CCW",,,,,"No",,,,,,,,"30","30","30","15","0",,,,"CCW/Tunnel","Ernesto Martinez","Ernesto Martinez","12/1/2025","11/1/2025","10/2/2025","9/2/2025","8/18/2025",,"TBM slurry by pass","680288e1-8e17-48ea-b220-620838325487","Supplies (Construction Materials)",,"No","Valentina Kukharchuk","Valentina Kukharchuk",,"Best Commercial","1/1/2026","12/1/2025","11/1/2025","10/2/2025","9/2/2025","8/18/2025","30",,"No",,,,"Cancelled",,,,,"1/1/2026","5/21/2026 2:53 PM",,
"84ca97ae-6c1f-41ad-acf9-f30b12074036","A02180","-",,,,,,,,,"CCW",,,,,"No",,,,,,,,"30","30","30","15","0",,,,"CCW/Tunnel","Ernesto Martinez","Ernesto Martinez","3/1/2026","1/30/2026","12/31/2025","12/1/2025","11/16/2025",,"TBM slurry pumps sliding into position","7c988836-2023-46c6-b12c-d6a55effa7d2","Supplies (Construction Materials)",,"No","Valentina Kukharchuk","Valentina Kukharchuk",,"Best Commercial","4/1/2026","3/1/2026","1/30/2026","12/31/2025","12/1/2025","11/16/2025","30",,"No",,,,"Cancelled",,,,,"4/1/2026","5/21/2026 2:53 PM",,
"63b5ac0a-56bc-42d0-8091-2e1a12ff0603","A02180","151","4/22/2025","4/7/2025",,"4/4/2025","4/3/2025","4/2/2025","289,180.32",,"CCW","289,180.32",,,,"Yes",,,,,,,,"30","30","30","15","0",,,,"CCW/Tunnel","Stephanie Shelley","Stephanie Shelley","5/25/2025","4/25/2025","3/26/2025","2/24/2025","2/9/2025",,"TBM shield/backup/false tunnel support steel structures","8cd1f3de-4643-4942-b6d1-9c7dbc0836a0",,"4700137186","No","Valentina Kukharchuk","Valentina Kukharchuk",,"Best Commercial","6/25/2025","5/25/2025","4/25/2025","3/26/2025","2/24/2025","2/9/2025","30",,"No",,"PINI Group USA",,"Consulting Agreement",,,,,"6/25/2025","5/21/2026 2:53 PM",,
"bd88ca77-2bc4-45b6-8b8b-bd8e0f7e0d4a","A02180","-",,,,,,,,,"CCW",,,,,"No",,,,,,,,"30","30","30","15","0",,,,"CCW/Tunnel","Stephanie Shelley","Stephanie Shelley","9/1/2025","8/2/2025","7/3/2025","6/3/2025","5/19/2025",,"TBM steel brackets - Mined tunnel","a2f146b5-8f14-4a15-a6e2-e32fc4d4e179",,,"No","Valentina Kukharchuk","Valentina Kukharchuk",,"Best Commercial","10/1/2025","9/1/2025","8/2/2025","7/3/2025","6/3/2025","5/19/2025","30",,"No",,,,"Cancelled",,,,,"10/1/2025","5/21/2026 2:53 PM",,
"b690bb6b-123b-4245-8769-39d9e18fbf5a","A02180","104","10/30/2024","10/30/2024",,"10/10/2024","10/2/2024","9/19/2024","162,809.9",,"CCW","250,000",,,,"Yes",,,,,,,,"30","30","30","15","0",,,,"CCW/Tunnel","Ernesto Martinez","Ernesto Martinez","10/15/2024","9/15/2024","8/16/2024","7/17/2024","7/2/2024",,"TBM steel brackets - surface pipe brackets","2493054a-eec2-41f2-814c-574b95059a5e","Supplies (Construction Materials)","4500662472","No","Valentina Kukharchuk","Valentina Kukharchuk",,"Best Commercial","11/15/2024","10/15/2024","9/15/2024","8/16/2024","7/17/2024","7/2/2024","30",,"No",,"Mining Equipment",,"Commodities Agreement",,,,,"11/15/2024","5/21/2026 2:53 PM",,"Challenge with all bidders initially decling"
"4b7df7d9-5663-446c-92d9-20669ced3277","A02180","-",,,,,,,,,"CCW",,,,,"No",,,,,,,,"30","30","30","15","0",,,,"CCW/Tunnel","Nicolas Granjon","Nicolas Granjon","3/1/2025","1/30/2025","12/31/2024","12/1/2024","11/16/2024",,"TBM stools for storage on surface","2f3f82f2-7491-4cef-927f-51a0704e19d8",,,"No","Valentina Kukharchuk","Valentina Kukharchuk",,"Best Commercial","4/1/2025","3/1/2025","1/30/2025","12/31/2024","12/1/2024","11/16/2024","30",,"No",,,,"Cancelled",,,,,"4/1/2025","5/21/2026 2:53 PM",,
"3cd8888d-5dac-4274-8404-4eb6451806c6","A02180","-",,,,,,,,,"CCW",,,,,"No",,,,,,,,"30","30","30","15","0",,,,"CCW/Tunnel","Stephanie Shelley","Stephanie Shelley","6/1/2025","5/2/2025","4/2/2025","3/3/2025","2/16/2025",,"TBM STP consumables","9eabf65b-8928-498f-801d-a3949c2751c8",,,"No","Valentina Kukharchuk","Valentina Kukharchuk",,"Best Commercial","7/1/2025","6/1/2025","5/2/2025","4/2/2025","3/3/2025","2/16/2025","30",,"No",,,,"Cancelled",,,,,"7/1/2025","5/21/2026 2:53 PM",,
"4329d4fd-c0bb-405b-a6e7-fbbddf6718e6","A02180","108","4/17/2025","4/10/2025",,"2/7/2025","12/18/2024","12/18/2024","1,455,747.32",,"CCW","1,543,375",,,,"Yes",,,,,,,,"30","30","30","15","0","Yes","1,455,747.32",,"CCW/Tunnel","Stephanie Shelley","Stephanie Shelley","11/1/2025","10/2/2025","9/2/2025","8/3/2025","7/19/2025",,"TBM thrust frame / Steel Ring","5b3d0265-acb4-4e42-83d0-602741d62ec3","Supplies (Construction Materials)","4500620906","Yes","Valentina Kukharchuk","Valentina Kukharchuk",,"ISO 9001:2015","12/1/2025","11/1/2025","10/2/2025","9/2/2025","8/3/2025","7/19/2025","30",,"No",,"Herrenknecht",,"Commodities Agreement",,,,,"12/1/2025","5/21/2026 2:53 PM",,
"b7f188ac-29de-471f-91eb-0326a11b5442","A02180","144","8/11/2025","6/26/2025",,"5/9/2025","4/17/2025","3/20/2025","1,448,959.06",,"CCW",,,,,"Yes",,,,,,,,"30","30","30","15","0","Yes","1,448,959.06",,"CCW/Tunnel","Stephanie Shelley","Stephanie Shelley","1/1/2026","12/2/2025","11/2/2025","10/3/2025","9/18/2025",,"TBM Tunnel brackets & hop-ups","c99c338c-58ae-4caf-8f0f-ccf708af8a40","Supplies (Construction Materials)","4700144840","Yes","Valentina Kukharchuk","Valentina Kukharchuk",,"Best Commercial","2/1/2026","1/1/2026","12/2/2025","11/2/2025","10/3/2025","9/18/2025","30",,"No",,"Channel Industrial",,"Commodities Agreement",,,,,"2/1/2026","5/21/2026 2:53 PM",,"Valentina will have kickoff meeting on Oct 31"
"f3ee8f08-e037-4b92-b126-5933bdf47426","A02180","221",,,,,,,,,"NI",,,,,"No",,,,,,,,"30","30","30","15","1",,,,"CI","Daman Grewal","Daman Grewal",,,,,,,"Temporary Elevator at RB Shaft","bbe143fc-980b-4fdf-a994-716f9bf351a6",,,"Yes","Mahendra Don","Mahendra Don",,"Best Commercial",,,,,,,"30",,"No",,,,"Engineered Equipment",,,,,,"5/21/2026 2:53 PM",,
"09eacb2b-f653-4fa2-95b0-9849c780ee3d","A02180","-","1/29/2025","2/14/2025",,"1/15/2025","12/16/2024","12/1/2024","504,412",,"CI",,,,,"Yes",,,,,,,,"30","30","30","15","U72","Yes","504,412",,"CI","Shawn Brown","Shawn Brown","2/28/2025","1/29/2025","12/30/2024","11/30/2024","11/15/2024",,"Temporary Power Supply","34fa8646-b239-42bc-bc6b-37918cb0346a","Materials (Commodities)","4500672105","Yes","Ziba Sattari","Ziba Sattari",,"Best Commercial","3/31/2025","2/28/2025","1/29/2025","12/30/2024","11/30/2024","11/15/2024","30",,"No",,"Thermon Canada Inc",,"Commodities Agreement",,,,,"3/31/2025","5/21/2026 2:53 PM",,
"c7bed0b4-c22b-43b2-a7ea-41b0a1159c9f","A02180","-",,,,,,,,,"CCW",,,,,"No",,,,,,,,"30","30","30","15","0",,,,"CCW/Tunnel","Stephanie Shelley","Stephanie Shelley","9/1/2025","8/2/2025","7/3/2025","6/3/2025","5/19/2025",,"TBM utility tower","fd3c9613-9e67-4372-8a4a-bcf43f075f7c",,,"No","Valentina Kukharchuk","Valentina Kukharchuk",,"Best Commercial","10/1/2025","9/1/2025","8/2/2025","7/3/2025","6/3/2025","5/19/2025","30",,"No",,,,"Cancelled",,,,,"10/1/2025","5/21/2026 2:53 PM",,
"c5bc7116-5439-41ad-83f1-aefdaaf6f171","A02180","126","2/12/2025","3/8/2025",,"3/8/2025","2/6/2025","1/22/2025","835,392",,"NI","835,392",,,,"Yes",,,,,,,,"30","30","30","15","U74","Yes","835,392",,"NI","Tanzeel Ahmed","Tanzeel Ahmed","3/1/2025","1/30/2025","12/31/2024","12/1/2024","11/16/2024",,"Testing services of RWB Caisson's Concrete","2c27948c-5dac-43dd-a0a8-c4ff837a9d5a","Subcontractors","4700134546","No","Mahendra Don","Mahendra Don",,"Best Commercial","4/1/2025","3/1/2025","1/30/2025","12/31/2024","12/1/2024","11/16/2024","30",,"No",,"GIP Construction Engineering Corp",,"Construction Subcontract",,,,,"4/1/2025","5/21/2026 2:53 PM",,
"3e75dddf-b42e-4c22-a308-dce0bd912cb0","A02180","-","5/2/2024","4/30/2024",,"4/27/2024","4/22/2024","4/20/2024","222,003",,"NI","442,000",,,,"Yes",,,,,,,,"30","30","30","15","U71","Yes","222,003",,"Industrial","Ian Pocock","Ian Pocock","5/25/2024","4/25/2024","3/26/2024","2/25/2024","2/10/2024",,"Track Welding Equipment","64390495-466b-4b12-af67-cde0a913f2db","Materials (Commodities)","4500630495","Yes","Quinn McLafferty","Quinn McLafferty",,"Best Commercial","6/25/2024","5/25/2024","4/25/2024","3/26/2024","2/25/2024","2/10/2024","30",,"No",,"Gullco International",,"Commodities Agreement",,,,,"6/25/2024","5/21/2026 2:53 PM",,
"b64bf67c-725b-423e-9b8b-b7410a132696","A02180","-",,,,,,,,,"CI",,,,,"No",,,,,,,,"30","30","30","15","1",,,,"CI","Shawn Brown","Shawn Brown",,,,,,,"Transformer Installation","3b5a8f97-f619-47c7-b0b0-9d7cb22493fd",,,"No","Ziba Sattari","Ziba Sattari",,"Best Commercial",,,,,,,"30",,"No",,,,"Construction Subcontract",,,,,,"5/21/2026 2:53 PM",,
"1899592e-8182-427e-9797-549d8dd4a192","A02180","205",,,,"5/22/2026","5/15/2026","4/17/2026",,,"CI",,,,,"No",,,,,,,,"30","30","30","15",,,,,"CI","Philippe Arcour","Philippe Arcour","4/1/2027","3/2/2027","1/31/2027","1/1/2027","12/17/2026",,"Fire Protection Walls-Transformer Yard","b7543e3f-875b-4970-8544-bf5782f2fc7f",,,"No","Ziba Sattari","Ziba Sattari",,"Best Commercial","5/1/2027","4/1/2027","3/2/2027","5/22/2026","5/15/2026","4/17/2026","30",,"No",,,,"Standard Purchase Order",,,,,"5/1/2027","7/21/2026 9:53 AM",,
"ae2166af-f9de-453c-98d4-60b6f42404ca","A02180","-",,,,,,,,,"CI",,,,,"No",,,,,,,,"30","30","30","15","1",,,,"CI","Jake Schieck","Jake Schieck",,,,,,,"Turbine Building Architechutal Finishes (supply & install)","e724afda-4abd-42bd-b2db-ef6c03ac3347",,,"No","Ziba Sattari","Ziba Sattari",,"Best Commercial",,,,,,,"30",,"No",,,,"Construction Subcontract",,,,,,"5/21/2026 2:53 PM",,
"be8f7bdc-7507-4a81-9ecf-ffca5cd867d3","A02180","-",,,,,,,,,"CI",,,,,"No",,,,,,,,"30","30","30","15","1",,,,"CI","Jake Schieck","Jake Schieck",,,,,,,"Turbine Building Doors (supply & install)","65d04035-a690-4da9-99a1-6a8fe0fffca1",,,"No","Ziba Sattari","Ziba Sattari",,"Best Commercial",,,,,,,"30",,"No",,,,"Construction Subcontract",,,,,,"5/21/2026 2:53 PM",,
"c03f265d-145d-4b4b-b303-65bd6c5ffd27","A02180","131","2/24/2025","1/31/2025",,"1/20/2025","1/13/2025","12/29/2024","6,121,993",,"CI","5,482,310",,,,"Yes",,,,,"Yes","6,121,993",,"30","30","30","15","U72","Yes","6,121,993",,"CI","James Mills","James Mills","2/25/2025","1/26/2025","12/27/2024","11/27/2024","11/12/2024",,"Turbine Building Rebar (Caisson Supply)","649787de-e7df-4a09-9d7c-de0ea272c711","Materials (Commodities)","4300006599","No","Mahendra Don","Mahendra Don",,"Best Commercial","3/25/2025","2/25/2025","1/26/2025","12/27/2024","11/27/2024","11/12/2024","30",,"No",,"Salit Steel",,"Construction Subcontract",,,,,"3/25/2025","5/21/2026 2:53 PM",,
"0cd43030-c181-46ab-b3f5-165239753095","A02180","251","12/8/2025","9/9/2025",,"9/9/2025","9/9/2025","9/1/2025","200,000",,"CI","200,000",,,,"Yes",,,,,,,,"30","30","30","15","U1",,,,"CI","Alvin Chan","Alvin Chan","10/30/2025","9/30/2025","8/31/2025","8/1/2025","7/17/2025",,"U1 Transmission Line (Chimax)","c5796b59-ffd0-454b-8140-acafc3f69527","Subcontractors","4700146682","Yes","Ziba Sattari","Ziba Sattari",,"Best Commercial","11/30/2025","10/30/2025","9/30/2025","8/31/2025","8/1/2025","7/17/2025","30",,"No",,"Chimax Engineering",,"Design Services",,,,,"11/30/2025","5/21/2026 2:53 PM",,
"3185f3b0-c773-4e00-bb1f-017ff8658066","A02180","152",,,,,,,,,"CI",,,,,"No",,,,,,,,"30","30","30","15",,,,,"CI","Babak Taleghani","Babak Taleghani","4/25/2026","3/26/2026","2/24/2026","1/25/2026","1/10/2026",,"U43 FIRE PROTECTION SYSTEM FIRE WATER TANKS","8023102f-b502-4489-b5f9-3ff173d4a0e2",,,"No","Mahendra Don","Mahendra Don",,"ISO 9001:2015","5/25/2026","4/25/2026","3/26/2026","2/24/2026","1/25/2026","1/10/2026","1",,"No",,,,"Construction Subcontract",,,,,,"5/25/2026 4:55 PM",,
"601bc1c0-fc4f-444a-8960-4ad072d0964f","A02180","-",,,,,,,,,"CCW",,,,,"No",,,,,,,,"30","30","30","15","0",,,,"CCW/Tunnel","Ernesto Martinez","Ernesto Martinez","5/1/2025","4/1/2025","3/2/2025","1/31/2025","1/16/2025",,"TBM vent duct in tunnel","713a58bc-8b46-48a4-9f97-50bb65974562",,,"No","Valentina Kukharchuk","Valentina Kukharchuk",,"Best Commercial","6/1/2025","5/1/2025","4/1/2025","3/2/2025","1/31/2025","1/16/2025","30",,"No",,,,"Cancelled",,,,,"6/1/2025","5/21/2026 2:53 PM",,
"b3d90050-6e5e-4ef9-8279-f6923ae8b32e","A02180","-","4/16/2024","4/13/2024",,"4/13/2024","4/13/2024","4/13/2024","215,659.12",,"NI","215,659.12",,,,"Yes",,,,,,,,"30","30","30","15","U71","Yes","215,659.12",,"Industrial","Ian Pocock","Ian Pocock","7/15/2024","6/15/2024","5/16/2024","4/16/2024","4/1/2024",,"Vacuum Lifting Equipment","b494587b-e863-4868-ad9f-a837c073c533","Materials (Commodities)","4500628161","Yes","Quinn McLafferty","Quinn McLafferty",,"Best Commercial","8/15/2024","7/15/2024","6/15/2024","5/16/2024","4/16/2024","4/1/2024","30",,"No",,"Apex Chain & Cable",,"Commodities Agreement",,,,,"8/15/2024","5/21/2026 2:53 PM",,
"bd109071-e407-43cf-ac05-ff4fcbc33bf3","A02180","-",,,,,,,,,"NI",,,,,"No",,,,,,,,"30","30","30","15","1",,,,"NI","Mike Van Dreumel","Mike Van Dreumel",,,,,,,"Valves","10403170-533e-4cee-a5d4-7d164285fdb5",,,"No",,"0",,"N299-4",,,,,,,"30",,"No",,,,"Engineered Equipment",,,,,,"5/21/2026 2:53 PM",,
"6784d76a-bc20-4ebe-b98e-27f257709b59","A02180","-",,,,,,,,,"CCW",,,,,"No",,,,,,,,"30","30","30","15","0",,,,"CCW/Tunnel","Ernesto Martinez","Ernesto Martinez","3/1/2025","1/30/2025","12/31/2024","12/1/2024","11/16/2024",,"TBM vent fan on surface","f5c09e70-c6ee-4fc1-b54a-14f248ea6292",,,"No","Valentina Kukharchuk","Valentina Kukharchuk",,"Best Commercial","4/1/2025","3/1/2025","1/30/2025","12/31/2024","12/1/2024","11/16/2024","30",,"No",,,,"Cancelled",,,,,"4/1/2025","5/21/2026 2:53 PM",,
"cdebc5da-08f0-4f5b-bb9e-ac2aed041ea8","A02180","85","8/20/2024","8/12/2024",,"6/13/2024","5/30/2024","5/28/2024","232,060",,"CCW","300,000",,,"12000","Yes",,,,,,,,"30","30","30","15","0","Yes","232,060",,"CCW/Tunnel","Ernesto Martinez","Ernesto Martinez","1/1/2025","12/2/2024","11/2/2024","10/3/2024","9/18/2024",,"TBM warehouse & workshop","47d7f833-784f-47db-9eba-8a88fc490731","Subcontractors","4700130052","No","Valentina Kukharchuk","Valentina Kukharchuk",,"Best Commercial","2/1/2025","1/1/2025","12/2/2024","11/2/2024","10/3/2024","9/18/2024","30",,"No",,"Couch",,"Construction Subcontract",,,,,"2/1/2025","5/21/2026 2:53 PM",,
"cbf16167-6b4c-4518-90b8-aa5103f442df","A02180","-","10/1/2025","9/21/2025",,"9/20/2025","9/4/2025","8/30/2025","776,264",,"NI","776,264",,,,"Yes",,,,,,,,"30","30","30","15","U71",,,,"NI","Maddison Wegner","Maddison Wegner","11/15/2025","10/16/2025","9/16/2025","8/17/2025","8/2/2025",,"Welding Studs","0542cb52-e2cf-463d-8eb8-a0bf6a876903","Materials (Commodities)","4300007010","Yes","Alan Bartolo","Alan Bartolo",,"NCA-4000","12/15/2025","11/15/2025","10/16/2025","9/16/2025","8/17/2025","8/2/2025","30",,"No",,"Trust Manufacturing",,"Commodities Agreement",,,,,"12/15/2025","5/21/2026 2:53 PM",,
"8d3e92b5-ef86-4816-9aac-acfff3e79e7b","A02180","197","8/6/2025","7/28/2025",,"7/28/2025","7/28/2025","7/28/2025","148,959",,"CCW",,,,,"Yes",,,,,,,,"30","30","30","15","0",,,,"CCW/Tunnel","Stephanie Shelley","Stephanie Shelley","7/12/2025","6/12/2025","5/13/2025","4/13/2025","3/29/2025",,"Temporary Utility Brackets Design and Supply","124e1e11-7301-4c13-8a95-f8fa30d715fc",,"4700144840","Yes","Valentina Kukharchuk","Valentina Kukharchuk",,"Best Commercial","8/12/2025","7/12/2025","6/12/2025","5/13/2025","4/13/2025","3/29/2025","30",,"No",,"Channel Industrial",,"Commodities Agreement",,,,,"8/12/2025","5/21/2026 2:53 PM",,
"a79bc1ff-a94e-4fb9-9b7f-6e4f14b8f387","A02180","-",,,,,,,,,"CCW",,,,,"No",,,,,,,,"30","30","30","15","0",,,,"Concrete","Mohamed Said","Mohamed Said","8/29/2025","7/30/2025","6/30/2025","5/31/2025","5/16/2025",,"Underdrain Pipe - Forebay Shaft","76870b19-0e58-4ac5-a4c9-12f22fa8c6b5",,,"No","Valentina Kukharchuk","Valentina Kukharchuk",,"Best Commercial","9/29/2025","8/29/2025","7/30/2025","6/30/2025","5/31/2025","5/16/2025","30",,"No",,,,"Cancelled",,,,,"9/29/2025","5/21/2026 2:53 PM",,
"991edd89-d73a-4ac7-a377-68179c07fb90","A02180","96","11/18/2024","11/15/2024",,"8/26/2024","8/12/2024","8/7/2024","755,637",,"CCW","984,857.44",,,,"Yes",,,,,"Yes","755,637",,"30","30","30","15","0","Yes","755,637",,"CCW/Tunnel","Ernesto Martinez","Ernesto Martinez","12/15/2024","11/15/2024","10/16/2024","9/16/2024","9/1/2024","9/30/2024","Ventilation","e739277b-913a-493a-af0d-c133918344c7","Construction Equipment","4700132141","Yes","Valentina Kukharchuk","Valentina Kukharchuk",,"Best Commercial","1/15/2025","12/15/2024","11/15/2024","10/16/2024","9/16/2024","9/1/2024","30",,"No",,"Norvent",,"Commodities Agreement",,,,,"1/15/2025","5/21/2026 2:53 PM",,
"8f823d38-4312-45e8-902c-f1bfb0fd23db","A02180","-","8/7/2024","8/1/2024",,"7/15/2024","7/1/2024","6/15/2024","136,750",,"CCW","136,750",,,,"Yes",,,,,,,,"30","30","30","15","0","Yes","136,750",,"CCW/Tunnel","Ernesto Martinez","Ernesto Martinez","2/1/2025","1/2/2025","12/3/2024","11/3/2024","10/19/2024",,"Water Tank 60m3","1b9fbeb9-9c57-437d-b3b5-0de416eedc64","Construction Equipment","4500646281","Yes","Valentina Kukharchuk","Valentina Kukharchuk",,"Best Commercial","3/1/2025","2/1/2025","1/2/2025","12/3/2024","11/3/2024","10/19/2024","30",,"No",,"Ewing Fabricators",,"Standard Purchase Order",,,,,"3/1/2025","5/21/2026 2:53 PM",,
"237f57e1-7735-40fe-a158-d6347c8a1d7d","A02180","-",,,,,,,,,"CCW",,,,,"No",,,,,,,,"30","30","30","15","0",,,,"CCW/Tunnel","Ernesto Martinez","Ernesto Martinez","11/1/2025","10/2/2025","9/2/2025","8/3/2025","7/19/2025",,"Wheel loader for spoil transfer","c06f5125-0229-4034-a08c-733f96dad213","Construction Equipment",,"No","Valentina Kukharchuk","Valentina Kukharchuk",,"Best Commercial","12/1/2025","11/1/2025","10/2/2025","9/2/2025","8/3/2025","7/19/2025","30",,"No",,,,"Cancelled",,,,,"12/1/2025","5/21/2026 2:53 PM",,
"a1020870-c9c4-412e-be47-06bbcead1c2d","A02180","141",,,,,,,,,"CCW",,,,,"No",,,,,,,,"30","30","30","15","0",,,,"CCW/Shaft","Ian Butt","Ian Butt","5/1/2025","4/1/2025","3/2/2025","1/31/2025","1/16/2025",,"Wick Drains","6ca3909e-f9af-4623-be8a-ca12143dda41",,,"No","Valentina Kukharchuk","Valentina Kukharchuk",,"Best Commercial","6/1/2025","5/1/2025","4/1/2025","3/2/2025","1/31/2025","1/16/2025","30",,"No",,,,"Standard Purchase Order",,,,,"6/1/2025","5/21/2026 2:53 PM",,
"aa87710c-4457-40fe-b700-8baba8ed3d8c","A02180","296",,"7/8/2026",,"6/17/2026","4/22/2026","4/17/2026",,,"CI",,,,,"No","philippe.arcouet_kiewit.com#EXT#@aecon1.onmicrosoft.com","philippe.arcouet",,,,,,"30","30","30","15",,,,,"MPEI","philippe.arcouet_kiewit.com#EXT#@aecon1.onmicrosoft.com","philippe.arcouet","8/7/2026","7/8/2026","5/22/2026","4/22/2026","4/17/2026",,"Gantry Tower Transformer Yard-Transformer Yard","8b0de429-028b-4471-9097-5bddbfaf513d",,,"Yes","Ziba Sattari","Ziba Sattari",,"Best Commercial","9/6/2026","8/16/2026","7/8/2026","6/17/2026","4/22/2026","4/17/2026","30",,"No",,,,"Engineered Equipment",,,,,"1/1/2027","7/21/2026 9:27 AM",,
"13a2cf36-b55c-4f34-909f-c847891b38df","A02180","297",,,,"5/22/2026","4/29/2026","4/17/2026",,,"CI",,,,,"No","philippe.arcouet_kiewit.com#EXT#@aecon1.onmicrosoft.com","philippe.arcouet",,,,,,"30","30","30","15",,,,,"CI","philippe.arcouet_kiewit.com#EXT#@aecon1.onmicrosoft.com","philippe.arcouet","7/15/2026","6/15/2026","5/16/2026","4/16/2026","4/1/2026",,"FRP Water Storage Tank-Transformer Yard","6f64fe0e-22ba-47eb-9d4f-e661ace5b948",,,"Yes","Ziba Sattari","Ziba Sattari",,"Best Commercial","8/15/2026","8/3/2026","7/4/2026","5/22/2026","4/29/2026","4/17/2026","30",,"No",,,,"Engineered Equipment",,,,,"8/15/2026","7/15/2026 11:46 AM",,
"3c98cb6f-39df-48d5-9a04-e99a79b9fe76","A02180","298",,,,"5/12/2026","4/29/2026","4/17/2026",,,"CI/Electrical",,,,,"No","philippe.arcouet_kiewit.com#EXT#@aecon1.onmicrosoft.com","philippe.arcouet",,,,,,"30","30","30","15",,,,,"CI","philippe.arcouet_kiewit.com#EXT#@aecon1.onmicrosoft.com","philippe.arcouet","5/15/2026","4/15/2026","3/16/2026","2/14/2026","1/30/2026",,"Pre-Cast Duct Bank-Transformer Yard","f4ccf6cb-09f7-482d-afe3-715ece57111d",,,"Yes","Ziba Sattari","Ziba Sattari",,"Best Commercial","6/15/2026","7/31/2026","7/1/2026","5/12/2026","4/29/2026","4/17/2026","30",,"No",,,,"Engineered Equipment",,,,,"6/15/2026","7/21/2026 9:29 AM",,
"21653600-53d6-47b4-87d7-2adac3e723e4","A02180","299","6/25/2026","6/21/2026",,"5/22/2026","4/22/2026","4/17/2026","263,048",,"BOP-CI",,,,,"No","philippe.arcouet_kiewit.com#EXT#@aecon1.onmicrosoft.com","philippe.arcouet",,,,,,"30","30","30","15",,,,,"MPEI","philippe.arcouet_kiewit.com#EXT#@aecon1.onmicrosoft.com","philippe.arcouet","6/25/2026","6/21/2026","5/22/2026","4/22/2026","4/17/2026",,"Manholes-Transformer Yard","bf692aab-668c-43e3-b149-5b56232bc48a",,"4500764846","Yes","Ziba Sattari","Ziba Sattari",,"Best Commercial","7/25/2026","6/25/2026","6/21/2026","5/22/2026","4/22/2026","4/17/2026","30",,"No",,"Utility Structure",,"Engineered Equipment",,,,,"6/1/2026","7/21/2026 9:40 AM",,
"c8c3a6b8-a5a6-4a18-a1bd-7a4d9735a5f1","A02180","306",,,,,,,,,"BOP-CI",,,,,"No",,,,,,,,"30","30","30","15",,,,,"CI","Muhamed Maki","Muhamed Maki",,,,,,,"DNNP FIELD SURVEY","c2d5db99-7766-4dab-aa23-f28d6efdea40",,,"No","Meesam Rasool","Meesam Rasool",,"Best Commercial",,,,,,,"30",,"No",,,,"Consulting Agreement",,,,,,"5/21/2026 2:53 PM",,
"e514cb8b-1125-43cb-8e31-d6fd7e2f5e03","A02180","307","3/20/2026","3/30/2026",,,,"12/15/2029","300,000",,"NI",,,,,"Yes",,,,,,,,"30","30","30","15","U71",,,,"NI","Jack Maher","Jack Maher","3/1/2026","1/30/2026","12/31/2025","12/1/2025","11/16/2025",,"Testing services of Reactor Building Cement and Grout","b84f363c-5090-47d2-9f78-7e01a799a1f8",,"4700150823","No","Mahendra Don","Mahendra Don",,"N299-4","4/1/2026","3/1/2026","1/30/2026","12/31/2025","12/1/2025","11/16/2025","30",,"No",,"GIP Construction Engineering Corp",,"Construction Subcontract",,,,,"4/1/2026","5/21/2026 2:53 PM",,
"3530dad9-60db-4d59-970c-56e865c93fc4","A02180","308","4/17/2026","4/10/2026",,,,"6/15/2026","50,000",,"NI",,,,,"Yes",,,,,,,,"30","30","30","15","U74",,,,"NI","Carl Berg","Carl Berg","3/15/2026","2/13/2026","1/14/2026","12/15/2025","11/30/2025",,"Testing services of RWB Concrete and Grout","7bbf67be-dcbe-4787-90e7-4e9e4b4c21b2",,"4700151514","No","Mahendra Don","Mahendra Don",,"N299-4","4/15/2026","3/15/2026","2/13/2026","1/14/2026","12/15/2025","11/30/2025","30",,"No",,"GIP Construction Engineering Corp",,"Construction Subcontract",,,,,"4/15/2026","5/21/2026 2:53 PM",,
"f4d1e6fc-8f6c-4485-93e7-abe6b9d588ee","A02180","375",,,,,,,,,"BOP","200,000",,,,,,,,,,,,"30","30","30","15",,,,,"SE/Buildings","fgou@aecon.com","Frank Gou","7/8/2026","6/8/2026","5/9/2026","4/9/2026","3/25/2026",,"Test ","ec561c41-ab8b-4d79-bac9-9623ce8d41f1",,,"No","Meesam Rasool","mrasool@aecon.com",,"Best Commercial","8/7/2026",,,,,,"30",,"No",,,,"Construction Subcontract",,,,,"8/7/2026","5/21/2026 2:53 PM",,
"97f27b67-71e6-4dd3-a1e5-efb4f3278937","A02180","330","5/6/2026","5/6/2026",,"4/26/2026","4/26/2026","4/26/2026","900,000",,"BOP","1,000,000",,,,,,,,,,,,"0","30","0","15","0",,,,"Technical","dowens@aecon.com","Dan Owens","5/2/2026","3/2/2026","1/31/2026","1/31/2026","1/31/2026",,"DNNP Test","38ecd77e-706b-4f9b-9125-e498185d70cc",,,"No","Mahendra Don Ariyaratne","mariyaratne@aecon.com",,"Best Commercial","6/1/2026","5/2/2026","5/26/2026","4/26/2026","4/26/2026","4/26/2026","30",,"Yes",,"sarens",,"Construction Subcontract",,,,,"1/1/2027","5/21/2026 2:53 PM",,
"d5c96d70-2828-4229-abc3-d7f2b7b70713","A02180","309","7/13/2026","3/18/2026",,"2/16/2026","2/16/2026","2/16/2026","207,560",,"PB-MPEI","309,072",,,,,,,,,,,,"0","30","0","15",,,,,"MPEI","thowie@aecon.com","Tom Howie","7/13/2026","3/18/2026","2/16/2026","2/16/2026","2/16/2026","5/20/2026","U1 Transmission Line - Engineering Studies (Artelia)","b2ed705f-b2dd-48cc-a0f3-f45594876240",,"4700155813","Yes","Ziba Sattari","zsattari@aecon.com",,"ISO 9001:2015","8/12/2026","7/13/2026","3/18/2026","2/16/2026","2/16/2026","2/16/2026","30",,"Yes",,"Artelia",,"Design Services",,,,,"7/31/2026","7/21/2026 9:51 AM",,
"28449cfe-b6f2-4c46-b6af-5e1444af22a9","A02180","310",,,,,,"4/30/2026",,,"PB-MPEI","2,675,000",,,,,"caden.coglon_kiewit.com#EXT#@aecon1.onmicrosoft.com","Caden.Coglon",,,,,,"30","30","30","15",,,,,"NI","mvandreumel@aecon.com","Mike Van Dreumel","4/11/2027","3/12/2027","2/10/2027","1/11/2027","12/27/2026","7/14/2026","T10 Corium Shield Refractory Bricks","542b52c7-e5d8-472f-b959-10aba2bd4812",,,"No","Mahendra Don Ariyaratne","mariyaratne@aecon.com",,"ISO 9001:2015","5/11/2027","8/13/2026","7/14/2026","6/14/2026","5/15/2026","4/30/2026","30",,"No",,,,"Engineered Equipment",,,,,"5/11/2027","6/17/2026 10:47 AM",,
"4c81d60a-fedc-4024-aac4-c9d3447ee91f","A02180","313",,,,,"6/12/2026","6/11/2026",,,"PB-MPEI","7,000,000",,,,,,"Hossam Alalaily",,,,,,"30","30","30","15",,,,,"NI","tpailloux@aecon.com","Thomas Pailloux","9/10/2026","8/11/2026","7/12/2026","6/12/2026","6/11/2026",,"Concrete Batch Plant (2-4)","01d4db46-52a6-4b03-b07f-251fd066d043",,,"No","Diogo Mello","dcampossoaresdemello@aecon.com",,"Best Commercial","3/9/2027","9/10/2026","8/11/2026","7/12/2026","6/12/2026","6/11/2026","180",,"No",,,,"Commodities Agreement",,,,,"9/25/2026","6/19/2026 12:39 AM",,
"914875b4-bb1e-48ea-bf3c-1d08b6a5030f","A814","013",,,,,,,,,"Project Wide",,,,,,,,,,,,,"0","30","0","20",,,,,"DD&I","jason.arsenault_halrt.ca#EXT#@aecon1.onmicrosoft.com","Jason Arsenault","6/6/2026","5/7/2026","5/7/2026","5/7/2026","4/17/2026",,"Subsurface Utility Investigation (Traffic Control Services,Hydrovac - Utility Test Pits)  (A6N)","dc2c6826-3def-47b3-97b1-032b45771fee",,,"No","Ali Bashiri","abashiri@aecon.com",,"Best Commercial","7/6/2026","6/6/2026","5/7/2026","5/7/2026","5/7/2026","4/17/2026","30",,"No",,,,"Construction Subcontract",,,,,"7/31/2026","7/3/2026 8:45 AM",,"Jun 1: As per Jason it will be the part of bigger package. He is working on the SOW
May25: Potential A6N to start for their scope, bigger package in parallel. Review proposal requirements / options - SOW Temple sent to Jason"
"0560d8f1-00f5-4ab1-ba65-7b935b7530eb","A814","001",,,,,"7/8/2026","7/7/2026",,,"Project Wide",,,,,,,,,,,,,"30","30","30","15",,,,,"DD&I","hussein.ahmed_halrt.ca#EXT#@aecon1.onmicrosoft.com","Hussein Ahmed","6/13/2026","5/14/2026","4/14/2026","3/15/2026","5/19/2026",,"Geotechnical Borehole Drilling and Testing Program","35341a19-b343-41d7-b3c2-7b154112bbd2",,,"No","Rira Madani","rmadani@aecon.com",,"Best Commercial","7/13/2026","10/20/2026","9/20/2026","8/21/2026","7/8/2026","7/7/2026","30",,"No",,,,"Construction Subcontract",,,,,"7/31/2026","7/15/2026 9:01 AM",,"July 15: Closing Extended till July 21.
July 8: Issued to the Market (Graoundwork, Point & Walker). Closing July 14th.
July 7: SOW Rcvd. Circulated for Signature. 3 bidders are qualified out of 6 (Graoundwork, Point & Walker). Bidder list circulated for signature.
July 2: SOW needs to be revised. Hussein to update.
Jun 29: SOW & BOQ Rcvd from Hussein. Circulated for signature.
Jun 26: SOW & BOQ must be revised and send back to the market.
Jun 24: Geo-Environmental (working on pricing) - Elements Geo (incomplete pricing, asked them to complete it.)- Groundwork Drilling Inc.( Declined) - GIP Construction Engineering (Priced)
Jun 22: RFQ sent to Geo-Environmental Drilling Inc. (GEDI) - Elements Geo - Groundwork Drilling Inc. - GIP Construction Engineering (GCE) . Clsing Jun 24.
Jun 19: BOQ & SOW Rcvd from Martin. NDA sent to Geo-Environmental Drilling Inc. (GEDI) - Elements Geo - PML Field Services - Groundwork Drilling Inc. - GIP Construction Engineering (GCE)
June 10: BOQ temp sent to Hussein
Jun 9: had a meeting with construction & Elements Geo . reviewed high lever SOW & subcontractor capacity.
June 4: as per Mark, RAS date & Under CNOP
May 25: Under A6N or under CNOP?
May 21: SOW temp sent to Hussein Ahmed."
"f2fbf3d3-8c32-4d82-a1da-77969b2c4a06","A814","012",,,,,,,,,"Project Wide",,,,,,,,,,,,,"0","30","0","15",,,,,"DD&I","jason.arsenault_halrt.ca#EXT#@aecon1.onmicrosoft.com","Jason Arsenault","8/1/2026","7/2/2026","7/2/2026","7/2/2026","6/17/2026",,"Private Utility Design Service (AUE)","0ae2f321-1285-4702-afaf-6c000fcf72e3",,,"No","Ali Bashiri","abashiri@aecon.com",,"Best Commercial","8/31/2026","8/1/2026","7/2/2026","7/2/2026","7/2/2026","6/17/2026","30",,"No",,,,"Design Services",,,,,"7/31/2026","7/3/2026 8:52 AM",,"Jun 11:the Identified by Jason. SOW sent to Jason for development."
"6e4d1460-9945-4bf9-97cd-a788d9b0b754","A814","014",,,,,,,,,"Project Wide",,,,,,"jason.arsenault_halrt.ca#EXT#@aecon1.onmicrosoft.com","Jason Arsenault",,,,,,"30","30","30","15",,,,,,"pravir.jeeha_halrt.ca#EXT#@aecon1.onmicrosoft.com","Pravir Jeeha","1/29/2027","12/30/2026","11/30/2026","10/31/2026","10/16/2026",,"Temp Design Consultants (Multiple Packages)","064aa567-6374-4d6c-890b-398d9929db52",,,"No","Ali Bashiri","abashiri@aecon.com",,"Best Commercial","2/28/2027","1/29/2027","12/30/2026","11/30/2026","10/31/2026","10/16/2026","30",,"No",,,,"Consulting Agreement",,,,,"9/30/2026","7/7/2026 10:36 AM",,
"09cad76c-11ba-480b-b221-7461bdd3ff14","A814","011",,"6/12/2026",,"6/3/2026","6/3/2026","6/3/2026",,,"Project Wide",,,,,,,,,,,,,"0","30","0","15",,,,,"DD&I","anil.thakre_halrt.ca#EXT#@aecon1.onmicrosoft.com","Anil Thakre","7/12/2026","6/12/2026","6/3/2026","6/3/2026","6/3/2026",,"Survey (Aecon Geomatics)","dbf8dd53-72ce-4028-a2ff-4a57e9665389",,,"No","Ali Bashiri","abashiri@aecon.com",,"Best Commercial","8/11/2026","7/18/2026","6/12/2026","6/3/2026","6/3/2026","6/3/2026","30",,"Yes",,,,"Construction Subcontract",,,,,"7/31/2026","7/3/2026 8:56 AM",,"Jun 12: Evaluation for market range
Jun 8: Received the pricing & provided to Martin.
June 3: Sent the RFQ to JD Barnes, Rouse Surveyors, AK&M Surveying Ltd, Callon Dietz . Pricing for Business case is required.
May 21: Aecon Geomatics"
"39373f0b-0776-42d3-af7e-d7e0afb5dbae","A814","015",,,,,,,,,"Project Wide",,,,,,,,,,,,,"30","30","30","15",,,,,"DD&I","mark.armstrong_halrt.ca#EXT#@aecon1.onmicrosoft.com","Mark Armstrong","7/29/2026","6/29/2026","5/30/2026","4/30/2026","4/15/2026",,"Tree Inventory","08a639fe-267b-4716-8714-0c3a8fd5a569",,,"No","Ali Bashiri","abashiri@aecon.com",,"Best Commercial","8/28/2026","7/29/2026","6/29/2026","5/30/2026","4/30/2026","4/15/2026","30",,"No",,,,"Consulting Agreement",,,,,"7/31/2026","7/22/2026 4:58 PM",,"May 25: Self perform by DNOP?? No procurement action needed."
"df674c9f-e740-4907-8383-65c875bf5ac5","A814","007",,,,,,,,,"Project Wide",,,,,,"pravir.jeeha_halrt.ca#EXT#@aecon1.onmicrosoft.com","Pravir Jeeha",,,,,,"30","30","30","15",,,,,"DD&I","paul.tewari_halrt.ca#EXT#@aecon1.onmicrosoft.com","paul.tewari@halrt.ca","8/31/2026","8/1/2026","7/2/2026","6/2/2026","5/18/2026",,"Steel Girder Supply Only ","30406abe-abfb-4098-ae24-af7e1dea93ad",,,"No","Ali Bashiri","abashiri@aecon.com",,"Best Commercial","9/30/2026","8/31/2026","8/1/2026","7/2/2026","6/2/2026","5/18/2026","30",,"No",,,,"Consulting Agreement",,,,,"7/31/2026","7/22/2026 4:54 PM",,"July 07: SOW temp and BOQ sent to the team for development. deadline is Friday July 16.
May 25: Bridge Structures. Could this be done by DNOP?"
"e405696d-60a6-44b9-8f2c-14d037a511a7","A814","008",,,,,,,,,"Project Wide",,,,,,"raya.khalife_halrt.ca#EXT#@aecon1.onmicrosoft.com","raya.khalife@halrt.ca",,,,,,"30","30","30","15",,,,,,"hasan.hadi_halrt.ca#EXT#@aecon1.onmicrosoft.com","Hasan Hadi","9/30/2026","8/31/2026","8/1/2026","7/2/2026","6/17/2026",,"Traffic Counts","e8e18a90-7eed-491f-84c4-29e43eebb0ec",,,"No","Ali Bashiri","abashiri@aecon.com",,"Best Commercial","10/30/2026","9/30/2026","8/31/2026","8/1/2026","7/2/2026","6/17/2026","30",,"No",,,,"Construction Subcontract",,,,,"9/30/2026","7/22/2026 3:54 PM",,"July 22: Had a meeting with the technical team. SOW & BOQ shared."
"0833abba-72de-452a-a5ac-f84b36fabd9a","A814","009",,,,,,,,,"Project Wide",,,,,,,,,,,,,"0","30","0","15",,,,,"DD&I","jarsenault@aecon.com","Jason Arsenault","7/1/2026","4/17/2026","3/18/2026","3/18/2026","3/18/2026",,"Sue Report (AUE)","e2450968-ed2a-480c-b3a3-e827b62cd39b",,,"No","Ali Bashiri","abashiri@aecon.com",,"Best Commercial","7/31/2026",,,,,,"30",,"Yes",,,,"Self Perform",,,,,"7/31/2026","6/30/2026 3:46 PM",,"June 11:  SOW sent to Jason for development.
Jun 1:As per Jason it will be the part of bigger package(Part of Service contract). So no action needed by procurement.
May 25:Self perform under QX Locates??"
"34486547-5e19-4b21-8a7b-05928bb838f7","A814","010",,,,,,,,,"BOP",,,,,,,,,,,,,"0","30","0","15",,,,,"DD&I","jarsenault@aecon.com","Jason Arsenault","7/1/2026","4/17/2026","3/18/2026","3/18/2026","3/18/2026",,"CCTV Inspections - Sewers & Laterals ","5e8df643-920d-44f8-abcf-b7f74889783b",,,"No","Ali Bashiri","abashiri@aecon.com",,"Best Commercial","7/31/2026",,,,,,"30",,"Yes",,,,"Construction Subcontract",,,,,"7/31/2026","6/30/2026 2:16 PM",,"Jun1:As per Jason Self Preform by CNOP. So no action needed by procurement at this point.
"
"4415b3cf-b0b2-4f5d-90c2-be7fbccb5cae","A819","001",,,,,,,,,"Kawartha",,,,,,,,,,,,,"10","10","10","10",,,,,"Kawartha","mismith@aecon.com","Michael Smith","7/5/2026","6/25/2026","6/15/2026","6/5/2026","5/26/2026",,"Site Security Fencing - Chain Link","fb8d0cb6-ce45-44db-a595-62f5a925cadd",,,"No","Dan Martin","dmartin@aecon.com",,"Best Commercial","7/15/2026","7/5/2026","6/25/2026","6/15/2026","6/5/2026","5/26/2026","10",,"No",,,,"Construction Subcontract",,,,,"4/30/2026","6/29/2026 9:08 AM",,"Brandon: Is this for the permanent security fence to go around the site? Need to know which fence before I give out an NWA."
"70d22708-10c9-4cf1-b6a7-7ecc8519fa85","A819","003",,,,,,,,,"Kawartha",,,,,,,,,,,,,"2","2","5","2",,,,,"Kawartha","mismith@aecon.com","Michael Smith","7/23/2026","7/21/2026","7/19/2026","7/14/2026","7/12/2026",,"Site Signage","ae0a4556-b6f5-48c4-912a-251c590bbb2d",,,"No","Dan Martin","dmartin@aecon.com",,"Best Commercial","7/24/2026","7/23/2026","7/21/2026","7/19/2026","7/14/2026","7/12/2026","1",,"No",,,,"Standard Purchase Order",,,,,"4/30/2026","6/29/2026 9:00 AM",,"NWA:  A02461ATHEWT 0200

Confirm status with Daniel W"
"e64c28d0-4ab1-44ce-95d1-4ee119ee47f1","A819","002","6/22/2026","6/22/2026",,"6/22/2026","6/22/2026","6/22/2026",,,"Kawartha",,,,,,,,,,,,,"5","5","10","5",,,,,"Kawartha","mismith@aecon.com","Michael Smith","6/22/2026","6/22/2026","6/22/2026","6/22/2026","6/22/2026",,"Site Security Services","ebf4149f-7b4c-49eb-819c-a83888294933",,,"No","Dan Martin","dmartin@aecon.com",,"Best Commercial","6/27/2026","6/22/2026","6/22/2026","6/22/2026","6/22/2026","6/22/2026","5",,"No",,,,"Standard Purchase Order",,,,,"4/30/2026","6/29/2026 9:49 AM",,"NWA:  A02461ATHEWT 0100
Need Not to Exceed Amount"
"b08b93fc-3c98-4862-9a96-fb3f6bf9d745","A819","004","6/4/2026","6/4/2026",,"6/3/2026","6/3/2026","6/3/2026","58,472.35",,"Point Petre","58,472.35",,,,,,,,,,"0",,"0","1","0","0",,,"58,472",,"Point Petre","mismith@aecon.com","Michael Smith","5/6/2026","5/1/2026","5/1/2026","5/1/2026","5/1/2026",,"Wildlife Frog Fencing ","60861187-f6f5-4da5-a429-b7e9e3295fa8",,"4500760219","No","Dan Martin","dmartin@aecon.com",,"Best Commercial","6/5/2026","6/4/2026","6/4/2026","6/3/2026","6/3/2026","6/3/2026","1",,"Yes",,"Advance Building Materials ",,"Standard Purchase Order",,,,,"6/5/2026","6/29/2026 12:38 PM",,
"0363433d-f655-478b-9a17-5f47605e9632","A819","005","6/5/2026","6/4/2026",,"6/3/2026","6/3/2026","6/3/2026","9,397",,"Point Petre","9,397",,,,,,,,,,"0",,"0","1","0","1",,,"9,397",,"Point Petre","mismith@aecon.com","Michael Smith","6/2/2026","6/3/2026","6/3/2026","6/3/2026","6/2/2026",,"UTVs & Soil Trencher","8a72b7ba-884d-4b6b-b893-4531bd9025a9",,"4500760363 & 4500760361","No","Dan Martin","dmartin@aecon.com",,"Best Commercial","6/3/2026","6/5/2026","6/4/2026","6/3/2026","6/3/2026","6/3/2026","1",,"Yes",,"United Rentals ",,"Standard Purchase Order",,,,,"6/5/2026","6/29/2026 12:27 PM",,"Point Petre NWA: A02461ATHPPE 0010
Kawartha Code: A02461ATHEWT 0010
"
"1f7ae6d0-e10e-484b-b247-1fbfb759ebd1","A819","006","6/4/2026","6/4/2026",,"6/3/2026","6/3/2026","6/3/2026","2,785.33",,"Point Petre","2,785.33",,,,,,,,,,"0",,"0","1","0","0",,,"2,785.33",,"Point Petre","mismith@aecon.com","Michael Smith","5/6/2026","2/20/2026","1/21/2026","1/21/2026","1/21/2026",,"Small Tools & Equipment ","89151e6a-7d7f-489b-a8c2-501639e5e287",,"4500760317","No","Dan Martin","dmartin@aecon.com",,"Best Commercial","6/5/2026","6/4/2026","6/4/2026","6/3/2026","6/3/2026","6/3/2026","1",,"Yes",,"WhiteCap",,"Standard Purchase Order",,,,,"6/5/2026","6/22/2026 12:11 PM",,"NWA: A02461ATHPPE 0140"
"03eaac55-2d1c-4042-a52d-c0338f7352ab","A814","005",,"7/14/2026",,"6/15/2026","6/11/2026","6/11/2026",,,"Project Wide",,,,,,,,,,,,,"5","5","7","10",,,,,"DD&I","rami.diab-marzouk_halrt.ca#EXT#@aecon1.onmicrosoft.com","Rami Diab-Marzouk","7/8/2026","7/3/2026","6/15/2026","6/11/2026","6/11/2026",,"Lab testing - Asbestos & Lead Analysis","2f7c9d8f-2c88-4af5-bea7-d4f0fb144bc1",,,"No","Ali Bashiri","abashiri@aecon.com",,"Best Commercial","7/15/2026","7/19/2026","7/14/2026","6/15/2026","6/11/2026","6/11/2026","7",,"No",,,,"Standard Purchase Order",,,,,"6/30/2026","7/20/2026 9:40 AM",,"July 14: Evaluation and recommendation signed off.
July 2: Evaluation & Recommendation Circulated.
Jun 18: EMSL will be awarded
Jun 17: Evaluation prepared and sent to Technical.
Jun 15: Received 3 prices. 
Jun 11: RFQ sent to EMSL Canada, Inc., EMC Scientific Inc., AGAT Laboratories. Closing Jun 15.
Jun 11: Received the SOW"
"5f0ba502-3a92-48c3-b77b-62e382e74fba","A02180","315","7/13/2026","7/3/2026",,"6/25/2026","6/16/2026","6/11/2026","1,900,000",,"BOP","3,000,000",,,,,,,,,,,,"30","30","30","15",,,"1,900,000",,"SE/Site","plindsay@aecon.com","Peter Lindsay","9/24/2026","8/25/2026","7/26/2026","6/26/2026","6/11/2026",,"Site Temporary Paving","6075ff4a-1ac8-4122-9940-187f8614a35c",,,"No","Meesam Rasool","mrasool@aecon.com",,"Best Commercial","10/1/2026","7/13/2026","7/3/2026","6/25/2026","6/16/2026","6/11/2026","7",,"No",,,,"Construction Subcontract",,,,,"9/1/2026","7/15/2026 11:57 AM",,
"37a7739a-87fa-4c19-a43b-a27af4d73a98","A02180","316","7/15/2026","7/3/2026",,"6/10/2026","5/10/2026","5/8/2026","78,000",,"BOP","20,000",,,,,,,,,,,,"30","30","30","15",,,,,"CCW",,"Ali Aboutaleb","6/24/2026","5/25/2026","4/25/2026","3/26/2026","3/11/2026",,"HDPE Fusion Welding","dc34e5a9-4c5f-4c50-a999-0a4aaa501d25",,,"No","Meesam Rasool","mrasool@aecon.com",,"ISO 9001:2015","7/1/2026","7/15/2026","7/3/2026","6/10/2026","5/10/2026","5/8/2026","7",,"No",,"LamSar",,"Construction Subcontract",,,,,"7/1/2026","7/16/2026 10:22 AM",,
"d1bce667-5432-45ee-89d2-c6813600268f","A819","007",,,,,,"6/15/2026",,,"Kawartha",,,,,,,,,,,,,"1","1","1","0",,,,,"Kawartha","mismith@aecon.com","Michael Smith","7/14/2026","7/13/2026","7/12/2026","7/11/2026","6/22/2026",,"Site Fast Fence ","d8eadfce-7974-4c93-b98f-db1e1348baef",,,"No","Dan Martin","dmartin@aecon.com",,"Best Commercial","7/15/2026","7/14/2026","7/13/2026","7/12/2026","7/11/2026","6/15/2026","1",,"No",,,,"Standard Purchase Order",,,,,"6/17/2026","6/29/2026 9:08 AM",,"NWA:  A02461ATHEWT 0010"
"64333bc7-799c-4fae-b179-4a3989a28abc","A819","008",,,,"6/12/2026","6/10/2026","6/9/2026",,,"Kawartha/Clearview",,,,,,,,,,,,,"5","5","5","5",,,,,"Kawartha/Clearview","lgregatto@aecon.com","Linda Gregatto","7/10/2026","7/5/2026","6/30/2026","6/25/2026","6/20/2026",,"Lobbyists Support","084c91a1-8e64-4eaf-b48c-9db0001437ad",,,"No","Dan Martin","dmartin@aecon.com",,"Best Commercial","7/15/2026","7/10/2026","7/5/2026","6/12/2026","6/10/2026","6/9/2026","5",,"No",,,,"Consulting Agreement",,,,,"7/31/2026","6/29/2026 9:42 AM",,"NWA:  A09160ATHBTC 0060

Additional details required on Scope
Confirm if required for all sites "
"e32b39cc-77bd-4bf6-a3fd-ce58b11faa6d","A819","009","6/10/2026","6/4/2026",,"6/10/2026","6/10/2026","6/10/2026","42,000",,"BOP","42,000",,,,,,,,,,,,"0","5","0","5",,,,,"General ","lgregatto@aecon.com","Linda Gregatto","5/6/2026","5/26/2026","5/21/2026","5/21/2026","5/21/2026",,"Butternut Tree Sampling ","b82349a0-0af9-4e7e-b629-ae20a394ab56",,,"No","Dan Martin","dmartin@aecon.com",,"Best Commercial","6/5/2026","6/10/2026","6/4/2026","6/10/2026","6/10/2026","6/10/2026","5",,"Yes",,"FCGA",,"Consulting Agreement",,,,,"6/30/2026","6/16/2026 2:49 PM",,
"95783e04-5ca6-4a36-9539-010791914404","A819","010",,,,,,,,,"Kawartha/Clearview",,,,,,,,,,,,,"10","5","5","5",,,,,"Kawartha/Clearview","mismith@aecon.com","Michael Smith","7/20/2026","7/15/2026","7/5/2026","6/30/2026","6/25/2026",,"Site Services - Unit Rate Agreement - Powel","063ba620-2e2d-4f57-b657-3d7395ed5491",,,"No","Dan Martin","dmartin@aecon.com",,"Best Commercial","7/30/2026","7/20/2026","7/15/2026","7/5/2026","6/30/2026","6/25/2026","10",,"No",,,,"Construction Subcontract",,,,,"7/30/2026","6/29/2026 9:07 AM",,
"8ce09652-9e64-4a9a-8574-23f1fffc1f7f","A819","011","6/11/2026","6/10/2026",,"6/10/2026","6/10/2026","6/10/2026","1,278",,"Pointe Petre","1,278",,,,,,,,,,,,"0","1","0","1",,,"1,278",,"Pointe Petre","mismith@aecon.com","Michael Smith","6/11/2026","6/10/2026","6/10/2026","6/10/2026","6/10/2026",,"Locates","e1fd508f-88c7-46ba-9a7e-c53104a36e63",,"4500762356","No","Dan Martin","dmartin@aecon.com",,"Best Commercial","6/12/2026","6/11/2026","6/10/2026","6/10/2026","6/10/2026","6/10/2026","1",,"Yes",,"Aecon Locates",,"Standard Purchase Order",,,,,"6/12/2026","6/22/2026 12:14 PM",,"NWA: A02461ATHPPE 0130"
"169ffab1-3dd9-4c51-9f32-f9d864b4c487","A819","012",,,,,,,,,"Carrying Place/Pointe Petre",,,,,,,,,,,,,"5","5","5","1",,,,,"Carrying Place/Pointe Petre","mismith@aecon.com","Michael Smith","7/30/2026","7/25/2026","7/20/2026","7/15/2026","7/14/2026",,"Granular Supplier","6cd86bcb-4184-4c66-ba06-c21a7551a2ec",,,"No","Dan Martin","dmartin@aecon.com",,"Best Commercial","7/31/2026","7/30/2026","7/25/2026","7/20/2026","7/15/2026","7/14/2026","1",,"No",,,,"Standard Purchase Order",,,,,"7/3/2026","6/29/2026 9:47 AM",,
"1f0f5197-a28e-46dd-b819-f95fb0b56b82","A819","013",,,,,,,,,"Carrying Place/Pointe Petre",,,,,,,,,,,,,"5","5","14","5",,,,,"Carrying Place/Pointe Petre","mismith@aecon.com","Michael Smith","7/26/2026","7/21/2026","7/16/2026","7/2/2026","6/27/2026",,"Concrete Supplier ","2a20f766-9bb2-497a-be0c-b3903c63c5f6",,,"No","Dan Martin","dmartin@aecon.com",,"Best Commercial","7/31/2026","7/26/2026","7/21/2026","7/16/2026","7/2/2026","6/27/2026","5",,"No",,,,"Standard Purchase Order",,,,,"7/31/2026","6/29/2026 9:47 AM",,
"548504d9-dbcb-4602-a620-3055a1c67fce","A819","014",,,,,,,,,"Carrying Place/Pointe Petre",,,,,,,,,,,,,"5","5","10","5",,,,,"Carrying Place/Pointe Petre","mismith@aecon.com","Michael Smith","7/26/2026","7/21/2026","7/16/2026","7/6/2026","7/1/2026",,"Timber Matts","76f88c08-4701-49c7-8712-7b3617697c74",,,"No","Dan Martin","dmartin@aecon.com",,"Best Commercial","7/31/2026","7/26/2026","7/21/2026","7/16/2026","7/6/2026","7/1/2026","5",,"No",,,,"Standard Purchase Order",,,,,"7/31/2026","6/29/2026 9:47 AM",,
"e9b8a335-3ae5-4707-afe0-60b56a4f7b08","A819","015",,,,,,,,,"Clearview",,,,,,,,,,,,,"5","5","10","5",,,,,"Clearview","mismith@aecon.com","Michael Smith","7/26/2026","7/21/2026","7/16/2026","7/6/2026","7/1/2026",,"Dump Site","54266929-481d-4ca7-b131-65ec469e5f9f",,,"No","Dan Martin","dmartin@aecon.com",,"Best Commercial","7/31/2026","7/26/2026","7/21/2026","7/16/2026","7/6/2026","7/1/2026","5",,"No",,,,"Standard Purchase Order",,,,,"7/31/2026","6/29/2026 9:48 AM",,
"501a3d1e-9d17-4b48-a251-3cd3b569f884","A814","004",,,,"6/25/2026","6/22/2026","6/19/2026",,,"Project Wild","0",,,,,,,,,,,,"30","30","30","15",,,,,,"mark.armstrong_halrt.ca#EXT#@aecon1.onmicrosoft.com","Mark Armstrong","7/1/2026","6/1/2026","5/2/2026","4/2/2026","3/18/2026",,"Lab Testing Soil and Groundwater","6b9b3655-579f-4893-b52a-c8761c0b6306",,,"No","Ali Bashiri","ali.bashiri_halrt.ca#EXT#@aecon1.onmicrosoft.com",,"Best Commercial","7/31/2026","10/2/2026","9/2/2026","6/25/2026","6/22/2026","6/19/2026","30",,"No",,,,"Standard Purchase Order",,,,,"7/31/2026","7/21/2026 8:39 AM",,"July 17: recommendation and evaluation has been circulated. AGAT will be awarded.
Jun 25: All bidders provide their pricing. Evaluation completed.
Jun 22: Sent to the market (AGAT, ALS, Eurofins). Closing Jun 25.
Jun 19: SOW and BOQ Rcvd from technical team (Alessandro P).
Jun 17: Vendor list is ready: AGAT, Bureau Veritas, ALS Global, SGS, Caduceon Environmental Lab, Eurofins Environmental Lab. Alessandro Pellerito to povide the SOW & BOQ by tomorrow.
Jun 15: Melissa & Alessandro to provide SOW"
"c14ad4fa-cc87-4b42-916f-7cd5fe209034","A02180","317","7/13/2026","6/15/2026",,"6/15/2026","6/12/2026","6/5/2026","540,800",,"BOP","540,800",,,,,,,,,,,,"30","30","30","15",,,"540,800",,"EHS","v-jvalliere@aecon.com","Jason Valliere","6/1/2026","5/2/2026","4/2/2026","3/3/2026","2/16/2026",,"H&S Consultant","549bddea-7360-4a1d-977c-ce87e78bbaaa",,,"No","Diogo Mello","dcampossoaresdemello@aecon.com",,"Best Commercial","7/1/2026","7/13/2026","6/15/2026","6/15/2026","6/12/2026","6/5/2026","30",,"No",,"ALPINE NUCLEAR SERVICES",,"Consulting Agreement",,,,,"7/1/2026","7/15/2026 9:00 AM",,
"1762f41f-5ad1-49ba-80b9-0a2c2029b420","A02180","319",,,,,"6/30/2026","6/29/2026",,,"PB-MPEI","24,524,029.48",,,,,,,,,,,,"30","30","30","15",,,,,"MPEI","jmills@aecon.com","James Mills","12/3/2026","11/3/2026","10/4/2026","9/4/2026","8/20/2026","8/31/2026","Bulk Piping & Fittings (Power Block)","a114b529-7f93-4b7e-9749-e19ed3c76754",,,"Yes","Quinn McLafferty","qmclafferty@aecon.com",,"ISO 9001:2015","1/2/2027","12/3/2026","11/3/2026","10/4/2026","6/30/2026","6/29/2026","30",,"No",,,,"Commodities Agreement",,,,,"1/2/2027","7/2/2026 10:33 AM",,
"3102043b-b350-458f-b7b6-fa3b15dc926c","A02180","320",,,,,"6/30/2026","6/29/2026",,,"PB-MPEI","33,113,424.82",,,,,,,,,,,,"30","30","30","15",,,,,"MPEI","jmills@aecon.com","James Mills","12/3/2026","11/3/2026","10/4/2026","9/4/2026","8/20/2026","8/31/2026","Pipe Fabrication (Power Block)","7418aef7-bc51-432f-bfab-517b98bee7ca",,,"Yes","Quinn McLafferty","qmclafferty@aecon.com",,"ISO 9001:2015","1/2/2027","12/3/2026","11/3/2026","10/4/2026","6/30/2026","6/29/2026","30",,"No",,,,"Construction Subcontract",,,,,"1/2/2027","7/2/2026 10:34 AM",,
"5a3b2e93-4f42-48fa-b72c-6dd22bc2bb7b","A02180","318",,,,"6/26/2026","6/16/2026","5/28/2026",,,"PB-MPEI","261,187",,,,,,,,,,,,"30","30","30","15",,,,,"MPEI","philippe.arcouet_kiewit.com#EXT#@aecon1.onmicrosoft.com","philippe.arcouet","8/25/2026","7/26/2026","6/26/2026","6/16/2026","5/28/2026",,"R30 Cable Through","c36ae183-27c5-4501-a552-ac85f9d5f22b",,,"No","Ziba Sattari","zsattari@aecon.com",,"Best Commercial","9/24/2026","8/25/2026","7/26/2026","6/26/2026","6/16/2026","5/28/2026","30",,"No",,,,"Standard Purchase Order",,,,,"10/1/2026","6/18/2026 3:26 PM",,
"6483921a-17ed-425e-92e6-c997cb95ac80","A02180","321",,,,,,,,,"PB-MPEI","300,000",,,,,"v-ecanbay@aecon.com","Emre Canbay",,,,,,"30","30","30","15","F15",,,,"NI","mvandreumel@aecon.com","Mike Van Dreumel","8/31/2027","8/1/2027","7/2/2027","6/2/2027","5/18/2027",,"F15 Corbel & Stationary Platform","88c6d2f0-ad05-4deb-9793-64f6d8d08396",,,"Yes","Mahendra Don Ariyaratne","mariyaratne@aecon.com",,"N299-3","9/30/2027","8/31/2027","8/1/2027","7/2/2027","6/2/2027","5/18/2027","30",,"No",,,,"Engineered Equipment",,,,,"9/30/2027","6/19/2026 8:30 AM",,
"0bfa3605-eaf6-4a32-b12b-ab51db1638a6","A819","A819-15",,"6/25/2026",,"6/24/2026","6/24/2026","6/23/2026",,,"Kawartha",,,,,,,,,,,,,"2","1","2","0",,,,,"Kawartha","mismith@aecon.com","Michael Smith","6/25/2026","6/24/2026","6/22/2026","6/20/2026","6/20/2026",,"2 Way Radios","c17230d3-6393-45aa-9f2c-6ab1927b9e79",,,"No","Dan Martin","dmartin@aecon.com",,"Best Commercial","6/26/2026","6/29/2026","6/25/2026","6/24/2026","6/24/2026","6/23/2026","1",,"No",,,,"Standard Purchase Order",,,,,"6/26/2026","6/29/2026 9:36 AM",,"NWA: A02461ATHEWT 0200
Vendor Set up Underway
Consider ordering 4 units?"
"e459204c-800b-4472-8f66-e495f5c6d0c7","A819","9160-16","6/22/2026","6/22/2026",,"6/18/2026","6/18/2026","6/18/2026","1,604.95",,"Clearview","1,604.95",,,,,,,,,,,,"0","1","0","0",,,"1,604.95",,"Clearview","mismith@aecon.com","Michael Smith","6/24/2026","6/21/2026","6/20/2026","6/20/2026","6/20/2026",,"Auger","82d4b69a-2f1e-4a03-ae28-99bb3a29a058",,"4500764437","No","Dan Martin","dmartin@aecon.com",,"Best Commercial","6/24/2026","6/22/2026","6/22/2026","6/18/2026","6/18/2026","6/18/2026","0",,"Yes",,"Battlefield ",,"Standard Purchase Order",,,,,"6/26/2026","6/29/2026 8:50 AM",,"NWA: A02461ATHEWR 0200"
"e0d3ebf4-dfba-4aa7-a251-de27a24a731d","A819","9160-17","6/22/2026","6/19/2026",,"6/18/2026","6/18/2026","6/18/2026","1,214",,"Kawartha ","1,214",,,,,,,,,,,,"0","0","0","0",,,"1,214",,"Kawartha","mismith@aecon.com","Michael Smith","6/23/2026","6/19/2026","6/18/2026","6/18/2026","6/18/2026",,"Fuel Tank","7c5feba2-94cb-4326-bb05-7b2d8b24862a",,"4500764124","No","Dan Martin","dmartin@aecon.com",,"Best Commercial","6/24/2026","6/22/2026","6/19/2026","6/18/2026","6/18/2026","6/18/2026","1",,"Yes",,"United Rentals ",,"Standard Purchase Order",,,,,"6/26/2026","6/29/2026 8:55 AM",,"NWA: A02461ATHEWT 0200"
"03b40f93-87e1-4bcc-8e7f-6cd525d6a7c5","A819","A819-24",,,,,,,,,"Clearview",,,,,,,,,,,,,"10","5","10","2",,,,,"Clearview","mismith@aecon.com","Michael Smith","7/30/2026","7/25/2026","7/15/2026","7/5/2026","7/3/2026",,"TopSoil Operation (Equipment)","83b99735-7ae2-49f4-8592-0e98c783684c",,,"No","Dan Martin","dmartin@aecon.com",,"Best Commercial","8/1/2026","7/30/2026","7/25/2026","7/15/2026","7/5/2026","7/3/2026","2",,"No",,,,"Standard Purchase Order",,,,,"9/1/2026","6/29/2026 9:27 AM",,"D6 Dozer *2
345 Excavator *2
740 Rick Truck *2
Loader"
"9256df67-cf19-4a55-8d0a-facefe602918","A819","19",,,,"6/23/2026","6/23/2026","6/23/2026",,,"Kawartha/Clearview",,,,,,,,,,,,,"0","5","0","2",,,,,"Kawartha/Clearview","mismith@aecon.com","Michael Smith","7/5/2026","6/30/2026","6/30/2026","6/30/2026","6/28/2026",,"Starlink Internet","76673198-215b-4d3e-aa7b-078addcf6a17",,,"No","Dan Martin","dmartin@aecon.com",,"Best Commercial","7/10/2026","7/5/2026","6/30/2026","6/23/2026","6/23/2026","6/23/2026","5",,"Yes",,,,"Standard Purchase Order",,,,,"9/1/2026","6/29/2026 9:02 AM",,
"5dbf1b02-2421-42db-bf93-54966b66dd33","A819","9160-18","6/25/2026","6/24/2026",,"6/24/2026","6/23/2026","6/23/2026","13,275",,"BOP","13,275",,,,,,,,,,,,"3","1","3","2",,,"13,275",,"Kawartha","mismith@aecon.com","Michael Smith","7/2/2026","7/1/2026","6/28/2026","6/25/2026","6/23/2026",,"SeaCans","5eb02843-1502-4f12-bbab-cad964e27621",,"4500764722","No","Dan Martin","dmartin@aecon.com",,"Best Commercial","7/3/2026","6/25/2026","6/24/2026","6/24/2026","6/23/2026","6/23/2026","1",,"No",,"Fabcon",,"Standard Purchase Order",,,,,"7/3/2026","6/29/2026 9:05 AM",,"at least 2. 1 from ECWE"
"1b84f913-9376-40dd-a7ac-9b15dc486084","A819","9160-19","6/22/2026","6/19/2026",,"6/17/2026","6/17/2026","6/17/2026","19,780",,"Kawartha","19,780",,,,,,,,,,,,"0","1","0","1",,,"19,780",,"Kawartha","mismith@aecon.com","Michael Smith","6/18/2026","6/17/2026","6/17/2026","6/17/2026","6/16/2026",,"Excavator","4bfe8670-c5ca-4e80-a206-d284d2ac9db8",,"4500763680","No","Dan Martin","dmartin@aecon.com",,"Best Commercial","6/19/2026","6/22/2026","6/19/2026","6/17/2026","6/17/2026","6/17/2026","1",,"Yes",,,,"Standard Purchase Order",,,,,"6/19/2026","6/29/2026 12:04 PM",,
"34f5ce72-0fec-4101-b229-d6debaaf7e75","A819","9160-20","6/18/2026","6/18/2026",,"6/29/2026","6/29/2026","6/29/2026","21,168",,"BOP","21,168",,,,,,,,,,,,"0","0","0","1",,,"21,168",,"Kawartha","mismith@aecon.com","Michael Smith","6/19/2026","6/19/2026","6/19/2026","6/19/2026","6/18/2026",,"Skid Steer","c95b53ec-a9fc-4cc3-94a3-a9cc094e4844",,"4500763029","No","Dan Martin","dmartin@aecon.com",,"Best Commercial","6/19/2026","6/18/2026","6/18/2026","6/29/2026","6/29/2026","6/29/2026","0",,"Yes",,"United Rentals",,"Standard Purchase Order",,,,,"6/19/2026","6/29/2026 8:54 AM",,
"e339b555-fb16-4f86-939d-cc56ce786468","9147","069","4/28/2025","4/5/2025",,"4/2/2025","3/18/2025","3/4/2025","59,034,293.61",,,"65,239,010",,"6204716.39",,"Yes",,,,,,,,"3","15","15","14","0",,,,"Design","David Sualdea","David Sualdea","4/20/2025","4/5/2025","4/2/2025","3/18/2025","3/4/2025",,"YNSE - EJV Design","6402e782-2154-412f-85b8-1ea291315e28",,"4700146132 & 4700146133","No","YNSE","YNSE",,,"4/28/2025","4/20/2025","4/5/2025","4/2/2025","3/18/2025","3/4/2025",,,"No",,"EXP & TYPSA (EJV)",,"Design Services",,,,,"4/28/2025","6/24/2026 2:12 PM",,
"0fa99678-8e6e-4a5a-9dce-3a5a5bfb199e","9147","011","7/15/2025",,,,,,"68,001,037.08",,,"57,231,580",,"-10769457.08",,"Yes",,,,,,,,"0","0","0","0","0",,,,"Tunnel","Emidio Tamburri","Emidio Tamburri","7/15/2025",,,,,,"TBM Supply Agreement - (Hherrenknecht)","53bc1d3e-e02e-402f-9305-954f7d595d17",,"4700149144","No","YNSE","YNSE",,,,"7/15/2025",,,,,,,"No",,"Herrenknecht Tunnelling Systems Canada Inc",,"Engineered Equipment",,,,,,"6/24/2026 2:12 PM",,"€ 41,464,047 euro, 1.64 used for CAD conversion"
"b570cdfc-5697-4808-909e-cee3d1d09708","9147","023D","7/29/2025","7/25/2025",,"7/4/2025","6/26/2020","6/13/2025","61,960",,,"61,960",,"0",,"Yes",,,,,,,,"3","15","25","52","0",,,,"Condition Survey","Yuri Andrade","Yuri Andrade","8/9/2025","7/25/2025","7/22/2025","6/27/2025","5/6/2025",,"Structural Condition Survey (3 Buildings) - (Tarra Engineering)","99104f02-213e-423f-9f18-584277b68295","Subcontractors","4700146558","No","Amber Li","Amber Li",,,"6/30/2025","8/9/2025","7/25/2025","7/22/2025","6/27/2025","5/6/2025",,,"No",,"Tarra Engineering",,"Construction Subcontract",,,,,"6/30/2025","6/24/2026 2:12 PM",,
"9243adad-a95e-4785-bcef-3a0ea39bf9ba","9147","039A-1","7/29/2025","7/7/2025",,"7/4/2025","6/19/2025","6/5/2025","12,000",,,"12,000",,"0",,"Yes",,,,,,,,"3","15","15","14","0",,,,"EHS","Jonathan Sammut","Jonathan Sammut","7/22/2025","7/7/2025","7/4/2025","6/19/2025","6/5/2025",,"Noise Viberation - Initial LS - (HGC)","1a8420e0-5e31-4e04-9f4a-210d823cb93c","Subcontractors","4700142657","No","Amber Li","Amber Li",,,"7/30/2025","7/22/2025","7/7/2025","7/4/2025","6/19/2025","6/5/2025",,,"No",,"HGC Noise Vibration Acoustics (Howe Gastmeier Chapnik Limited)",,"Construction Subcontract",,,,,"7/30/2025","6/24/2026 2:12 PM",,
"747637c6-4d3d-4753-a3ab-b0d95c7bcf80","9147","053A","7/31/2025","7/28/2025",,"7/25/2025","7/15/2025","7/20/2025","15,000",,,"15,000",,"0",,"Yes",,,,,,,,"4","15","15","5","0",,,,"Quality & Material Testing","Asanka Prabath","Asanka Prabath","7/31/2025","7/16/2025","7/20/2025","7/5/2025","6/30/2025",,"Quality Control & Material Testing - Compaction Test (GIP)","2ca48671-2b97-44a5-b8df-5b7a02baeb4d","Subcontractors","4700143738","No","Dan Martin","Dan Martin",,,"7/31/2025","7/31/2025","7/16/2025","7/20/2025","7/5/2025","6/30/2025",,,"No",,"GIP Construction Engineering",,"Construction Subcontract",,,,,"7/31/2025","6/24/2026 2:12 PM",,
"56d81411-7447-4863-b901-2a491f561da3","9147","004A","8/7/2025","9/25/2025",,"9/18/2025","9/15/2025","9/15/2025","6,806,692",,,"14,894,174.84",,"8087482.84",,"Yes",,,,,,,,"7","304","3","14","0",,,,"Electrical","Yuri Andrade","Yuri Andrade","7/26/2026","9/25/2025","9/18/2025","9/15/2025","9/1/2025",,"Electrical - Supply of Critical Equipment LS - (Smith & Long)","dde5154b-60b9-4b81-a632-fb78dbbaf9c1",,"4700142697","No","Federico Accorsi","Federico Accorsi",,,"8/3/2026","7/26/2026","9/25/2025","9/18/2025","9/15/2025","9/1/2025",,,"No",,"Smith & Long",,"Construction Subcontract",,,,,"8/3/2026","6/24/2026 2:12 PM",,
"4120e2ee-0a27-4d04-aa0f-0b6b88e70857","9147","067","8/7/2025","7/7/2025",,"7/4/2025","6/19/2025","6/5/2025","45,000",,,"45,000",,"0",,"Yes",,,,,,,,"3","15","15","14","0",,,,"WTP","Nixon Kwon","Nixon Kwon","7/30/2025","7/15/2025","7/12/2025","6/27/2025","6/13/2025",,"Wells Decommissioning - LS - (WJ)","a4ffc68a-fa13-49cd-9bbc-531101dc5242","Subcontractors","4700143132","No","Amber Li","Amber Li",,,"8/7/2025","7/30/2025","7/15/2025","7/12/2025","6/27/2025","6/13/2025",,,"No",,"WJ Groundwater Canada Ltd",,"Construction Subcontract",,,,,"8/7/2025","6/24/2026 2:12 PM",,
"49cef31d-5541-4c8e-a6e3-8cdcbc3037fc","9147","004D","8/18/2025",,,,,,"167,829.17",,,"167,829.17",,"0",,"PO",,,,,,,,"0","0","0","0","0",,,,"Electrical","Yuri Andrade","Yuri Andrade",,,,,,,"Electrical-LS & Tunnel Electrical Work - Time & Materials","c8da8feb-e618-457f-92b4-7f971d8302d5",,"4700142654","No","Amber Li","Amber Li",,,,,,,,,,,"No",,"Smith & Long",,"Purchase Order",,,,,,"6/24/2026 2:12 PM",,
"b7c56cf1-6405-412c-a537-dd73961b8744","9147","039A-1-CO001","8/21/2025",,,,,,"51,000",,,"51,000",,"0",,"YES",,,,,,,,"0","0","0","0","0",,,,"EHS","Jonathan Sammut","Jonathan Sammut","8/21/2025",,,,,,"Noise Viberation - Initial LS - CO001","b1d2ff47-cd99-4ecb-b353-1dcf569614b8","Subcontractors","4700142657","No","Federico Accorsi","Federico Accorsi",,,"8/21/2025","8/21/2025",,,,,,,"No",,"HGC Noise Vibration Acoustics (Howe Gastmeier Chapnik Limited)",,"Change Order",,,,,"8/21/2025","6/24/2026 2:12 PM",,
"f23e3d2d-af70-4b53-9211-19abba327d16","9147","025A","8/29/2025","7/23/2025",,"7/20/2025","7/5/2025","6/23/2025","31,173,056.2",,,"31,173,056.2",,"0",,"Yes",,,,,,,,"3","15","15","14","0",,,,"Foundation","Yuri Andrade","Yuri Andrade","8/7/2025","7/23/2025","7/20/2025","7/5/2025","6/21/2025",,"Shoring for Launch Shaft - (Aecon Foundation)","5eda89fd-7043-4655-a973-b88fe48d5b8d","Subcontractors","4700142696","No","Federico Accorsi","Federico Accorsi",,,"8/15/2025","8/7/2025","7/23/2025","7/20/2025","7/5/2025","6/21/2025",,,"No",,"Aecon Foundation",,"Construction Subcontract",,,,,"8/15/2025","6/24/2026 2:12 PM",,
"c38a9d76-2b78-477f-9887-a92b7d96cdaf","9147","054A","9/1/2025","8/16/2025",,"8/15/2025","8/11/2025","8/11/2025","235,900",,,"235,900",,"0",,"Yes",,,,,,,,"1","15","4","14","0",,,,"EHS","Jonathan Sammut","Jonathan Sammut","8/31/2025","8/16/2025","8/15/2025","8/11/2025","7/28/2025",,"Environmental Consulting - RAW - (Watermark)","1cccf9cc-db45-4543-a442-d214df878fe7",,"4700147796","No","Federico Accorsi","Federico Accorsi",,,"9/1/2025","8/31/2025","8/16/2025","8/15/2025","8/11/2025","7/28/2025",,,"No",,"Watermark Environemtnal",,"Construction Subcontract",,,,,"9/1/2025","6/24/2026 2:12 PM",,
"53ee6a70-40f9-43d7-848c-6665f7ba06cb","9147","049B","9/5/2025",,,,,,"3,405,929.65",,,"2,061,093.93",,"-1344835.72",,"PO",,,,,,,,"0","0","0","0","0",,,,,,,,,,,,,"Soil Disposal - Stockpile","8b4bde82-9948-4c3f-ae05-b074536274ec",,"4700143085","No",,,,,,,,,,,,,"No",,"YORK 1",,"Purchase Order",,,,,,"6/24/2026 2:12 PM",,
"be6dd106-998b-4e73-9456-1d8cff4c8598","9147","027A","9/13/2025","7/15/2025",,"7/12/2025","6/27/2025","6/13/2025","109,007",,,"109,007",,"0",,"Yes",,,,,,,,"3","15","15","14","0",,,,"WTP","Nixon Kwon","Nixon Kwon","9/5/2025","8/21/2025","8/18/2025","8/3/2025","7/20/2025",,"Pumping Test - (WJ)","5f7c765b-b144-4da6-855a-f910a4a86399","Subcontractors","4700142846","No","Federico Accorsi","Federico Accorsi",,,"9/13/2025","9/5/2025","8/21/2025","8/18/2025","8/3/2025","7/20/2025",,,"No",,"WJ Groundwater Canada Ltd",,"Construction Subcontract",,,,,"9/13/2025","6/24/2026 2:12 PM",,
"cb6dfffc-82de-4df4-81c2-03f2f0c2addc","9147","051B","9/17/2025","9/15/2025",,"9/10/2025","9/5/2025","8/22/2025","157,415.65",,,"66,350.7",,"-91064.95",,"Yes",,,,,,,,"11","8","15","14","0",,,,"Fence","Yuri Andrade","Yuri Andrade","9/17/2025","9/9/2025","9/20/2025","9/5/2025","8/22/2025",,"Perimetral Chain-Linked Fence - (Borg)","a84e8bf3-eda9-43b9-87fa-98bbea299a3d","Subcontractors","4700143408","No","Federico Accorsi","Federico Accorsi",,,"9/17/2025","9/17/2025","9/9/2025","9/20/2025","9/5/2025","8/22/2025",,,"No",,"Borg Fence & Contracting Inc",,"Construction Subcontract",,,,,"9/17/2025","6/24/2026 2:12 PM",,
"bd96f8be-4875-4dc6-bc96-d28b73bceca6","9147","044A","9/19/2025",,,,,,"72,000",,,"72,000",,"0",,"PO",,,,,,,,"0","0","0","0","0",,,,,,,,,,,,,"Security System CCTV - LS - (ECAM)","00c1fd65-62c6-473c-94a3-0fd9aee9c902",,"4700143732","No",,,,,,,,,,,,,"No",,"ECAM Technologies Corportation",,"Purchase Order",,,,,,"6/24/2026 2:12 PM",,
"48becc87-e214-41dd-b48d-beaaf306b986","9147","039B","9/22/2025","9/9/2025",,"8/29/2025","8/28/2025","8/11/2025","59,528",,,"59,528",,"0",,"Yes",,,,,,,,"11","15","1","14","0",,,,"EHS","Jonathan Sammut","Jonathan Sammut","9/24/2025","9/9/2025","8/29/2025","8/28/2025","8/14/2025",,"Air Quality Consulting - (Wellburn)","0e00b559-eb9d-4d8c-a33e-6915bdfe9b15",,"4700144789","No","Federico Accorsi","Federico Accorsi",,,"9/22/2025","9/24/2025","9/9/2025","8/29/2025","8/28/2025","8/14/2025",,,"No",,"Welburn Consulting Ltd",,"Service Agreement",,,,,"9/22/2025","6/24/2026 2:12 PM",,
"0d484fda-015f-49cf-a196-c8567984cb42","9147","044B","9/25/2025",,,,,,"257,184",,,"258,620.7",,"1436.7",,"PO",,,,,,,,"0","0","0","0","0",,,,,,,,,,,,,"Security System Patrrol - LS - (Secure Group)","117b3183-a3e6-4045-80d4-489d3056984b",,"4700143989","No",,,,,,,,,,,,,"No",,"SECURE GROUP PROTECTION SERVICES",,"Purchase Order",,,,,,"6/24/2026 2:12 PM",,
"61a62311-d113-4bd5-91b8-4522b849dfff","9147","053A-CO001","9/29/2025",,,,,,"150,864.02",,,"150,864.02",,"0",,"Yes",,,,,,,,"0","0","0","0","0",,,,"Quality & Material Testing","Asanka Prabath","Asanka Prabath","9/29/2025",,,,,,"Material Testing - CO001 - Concrete Testing - 054B","571c58fd-473f-4e84-ba96-888854d48bce","Subcontractors","4700143738","No","Federico Accorsi","Federico Accorsi",,,"9/29/2025","9/29/2025",,,,,,,"No",,"GIP Construction Engineering",,"Change Order",,,,,"9/29/2025","6/24/2026 2:12 PM",,
"94b5d4ee-9787-4ff1-a16f-70c1e5a64119","9147","057B","10/2/2025","10/1/2025",,"9/25/2025","9/15/2025","9/9/2025","802,587.33",,,"802,587.33",,"0",,"PO",,,,,,,,"3","15","36","14","0",,,,"Utilities","Yuri Andrade","Yuri Andrade","10/16/2025","10/1/2025","9/28/2025","8/23/2025","8/9/2025",,"Utilities Dry - LS - (Aecon Utilities)","809c8767-69aa-4ffe-9321-10b53f213b6e",,"4700144312","No","Amber Li","Amber Li",,,"10/3/2025","10/16/2025","10/1/2025","9/28/2025","8/23/2025","8/9/2025",,,"No",,"Aecon Utilities",,"Purchase Order",,,,,"10/3/2025","6/24/2026 2:12 PM",,
"918602ca-fec9-4b2b-a68b-aabc84ee4045","9147","016A","10/19/2025","9/25/2025",,"9/25/2025","9/15/2025","9/15/2025","161,174",,,"161,174",,"0",,"Yes",,,,,,,,"5","15","15","14","0",,,,"WTP","Nixon Kwon","Nixon Kwon","10/10/2025","9/25/2025","9/30/2025","9/15/2025","9/1/2025",,"Water Treatment Plant LS - (WJ)","a12aa94b-a25f-444f-97bc-6ae5e675f17c","Subcontractors","4700142849","No","Federico Accorsi","Federico Accorsi",,,"9/15/2025","10/10/2025","9/25/2025","9/30/2025","9/15/2025","9/1/2025",,,"No",,"WJ Groundwater Canada Ltd",,"Construction Subcontract",,,,,"9/15/2025","6/24/2026 2:12 PM",,
"b0234f4d-35bb-4776-8a6d-c907d344fce5","9147","051C","10/19/2025","10/16/2025",,"10/15/2025","10/9/2025","10/9/2025","176,650",,,"74,457.97",,"-102192.03",,"PO",,,,,,,,"8","15","15","14","0",,,,"Fence","Yuri Andrade","Yuri Andrade","10/31/2025","10/16/2025","10/24/2025","10/9/2025","9/25/2025",,"Temp. Concrete Barriers & Fence along CN Rail","916fe34d-e5b3-48dc-9be0-dae776fa5a21",,"4700144946","No","Federico Accorsi","Federico Accorsi",,,"10/22/2025","10/31/2025","10/16/2025","10/24/2025","10/9/2025","9/25/2025",,,"No",,"Powell Contracting Ltd",,"Purchase Order",,,,,"10/22/2025","6/24/2026 2:12 PM",,
"eafbc02a-ecbc-4913-8e11-41788ca8117a","9147","027A-CO001","10/20/2025",,,,,,"5,325",,,"5,325",,"0",,"Yes",,,,,,,,"0","0","0","0","0",,,,"WTP","Nixon Kwon","Nixon Kwon","10/20/2025",,,,,,"Pumping Test - CO001","ec60a73f-0a41-4bda-b992-9dfd692dddf1","Subcontractors","4700142846","No","Federico Accorsi","Federico Accorsi",,,"10/20/2025","10/20/2025",,,,,,,"No",,"WJ Groundwater Canada Ltd",,"Cancelled",,,,,"10/20/2025","6/24/2026 2:12 PM",,"Included in Original Contract"
"6045ff6d-7a50-4e61-9b92-922a9f727c84","9147","039C","10/21/2025","10/10/2025",,"10/8/2025","10/5/2025","10/1/2025","2,015,028.1",,,"1,866,679",,"-148349.1",,"Yes",,,,,,,,"2","14","10","14","0",,,,"Condition Survey","Yuri Andrade","Yuri Andrade","10/21/2025","10/7/2025","10/5/2025","10/15/2025","10/1/2025",,"GIMPS - Instrumentation and Monitoring LS - (GIP)","deb2b366-14ec-4784-9a87-3b29c215497c",,"4700144851","No","Federico Accorsi","Federico Accorsi",,,"10/21/2025","10/21/2025","10/7/2025","10/5/2025","10/15/2025","10/1/2025",,,"No",,"GIP Construction Engineering",,"Construction Subcontract",,,,,"10/21/2025","6/24/2026 2:12 PM",,"("
"ee79fbbc-4935-47f1-bae2-b2d4b2bb4b77","9147","053A-CO002","10/24/2025",,,,,,"75,771",,,"75,771",,"0",,"Yes",,,,,,,,"0","0","0","0","0",,,,"Soil Management","Jonathan Sammut","Jonathan Sammut","10/24/2025",,,,,,"Material Testing - CO002 - BH Testing","6827e79f-2f0c-49ec-a27e-f7ea14fff421","Subcontractors","4700143738","No","Federico Accorsi","Federico Accorsi",,,"10/24/2025","10/24/2025",,,,,,,"No",,"GIP Construction Engineering",,"Change Order",,,,,"10/24/2025","6/24/2026 2:12 PM",,
"1983b7d1-83ba-4454-bbaf-f444c222aa9a","9147","042A","10/28/2025","10/22/2025",,"10/16/2025","10/15/2025","10/15/2025","71,120",,,"71,120",,"0",,"yes",,,,,,,,"1","8","1","0","0",,,,"Rebar","Yuri Andrade","Yuri Andrade","10/25/2025","10/17/2025","10/16/2025","10/15/2025","10/15/2025",,"Cap Beam Rebar - LS - (RAW) - (Mansteel)","99cddc12-99c3-4375-a1b8-62ad0bf0a483",,"4700145180","No","Federico Accorsi","Federico Accorsi",,,"10/28/2025","10/25/2025","10/17/2025","10/16/2025","10/15/2025","10/15/2025",,,"No",,"Mansteel Rebar",,"Construction Subcontract",,,,,"10/28/2025","6/24/2026 2:12 PM",,
"c438c2f5-acda-4095-bc71-6b0f6a660289","9147","053A-CO003","11/5/2025",,,,,,"29,850",,,"29,850",,"0",,"Yes",,,,,,,,"0","0","0","0","0",,,,"Quality & Material Testing","Asanka Prabath","Asanka Prabath","11/5/2025",,,,,,"Material Testing - CO003 - Temperature Control","6e2e4280-4532-48bb-a562-7963c3f45d36","Subcontractors","4700143738","No","Federico Accorsi","Federico Accorsi",,,"11/5/2025","11/5/2025",,,,,,,"No",,"GIP Construction Engineering",,"Change Order",,,,,"11/5/2025","6/24/2026 2:12 PM",,
"3aa68c7c-9669-4a57-92d5-0edfcaa66462","9147","039C-CO001","11/18/2025",,,,,,"48,771",,,"0",,"-48771",,"Yes",,,,,,,,"0","0","0","0","0",,,,,,,,,,,,,"GIMPS - Instrucmentation and Monitoring  LS - CO001","9bc861f5-4543-416d-b139-8bfb44b9a4b0",,"4700144851","No",,,,,,,,,,,,,"No",,"GIP Construction Engineering",,"Change Order",,,,,,"6/24/2026 2:12 PM",,"Original contract exceeds the budget"
"af29dd86-57a4-4abc-87bc-af1386573add","9147","039A-1-CO002","11/21/2025",,,,,,"17,000",,,"17,000",,"0",,"Yes",,,,,,,,"0","0","0","0","0",,,,"EHS","Jonathan Sammut","Jonathan Sammut","11/21/2025",,,,,,"Noise Viberation - Initial LS - CO002","9ab58a09-2097-4e9b-b810-e87bdf05d3f9","Subcontractors","4700142657","No","Federico Accorsi","Federico Accorsi",,,"11/21/2025","11/21/2025",,,,,,,"No",,"HGC Noise Vibration Acoustics (Howe Gastmeier Chapnik Limited)",,"Change Order",,,,,"11/21/2025","6/24/2026 2:12 PM",,
"a3a6707b-852a-4a5f-8019-fb3cd0d94fd7","9147","053A-CO004","11/27/2025",,,,,,"286,548.4",,,"286,548.4",,"0",,"Yes",,,,,,,,"0","0","0","0","0",,,,"Soil Management","Jonathan Sammut","Jonathan Sammut","11/27/2025",,,,,,"Material Testing - CO004 - Soil Testing","7033c3dc-b8d7-40cb-a672-a52c2c0b417f","Subcontractors","4700143738","No","Federico Accorsi","Federico Accorsi",,,"11/27/2025","11/27/2025",,,,,,,"No",,"GIP Construction Engineering",,"Change Order",,,,,"11/27/2025","6/24/2026 2:12 PM",,
"29028d4f-0370-495f-a771-b9d7a724a91a","9147","068","12/2/2025","11/28/2025",,"11/12/2025","11/10/2025","11/1/2025","445,950",,,"445,950",,"0",,"Yes",,,,,,,,"13","47","2","14","0",,,,"Earthwork","Yuri Andrade","Yuri Andrade","1/11/2026","11/25/2025","11/12/2025","11/10/2025","10/27/2025",,"Deep Bench Marks - (GIP)","55178ace-60d6-4f1d-9ae2-0dce2d156602",,"4700146761","No","Federico Accorsi","Federico Accorsi",,,"1/19/2026","1/11/2026","11/25/2025","11/12/2025","11/10/2025","10/27/2025",,,"No",,"GIP Construction Engineering",,"Construction Subcontract",,,,,"1/19/2026","6/24/2026 2:12 PM",,
"205bed2e-4ef1-44bf-a325-c83e958a98b2","9147","050A","12/3/2025","11/25/2025",,"11/20/2025","11/18/2025","11/14/2025","111,740",,,"111,740",,"0",,"Yes",,,,,,,,"3","15","15","14","0",,,,"Survey","David Sualdea","David Sualdea","12/31/2025","12/16/2025","12/13/2025","11/28/2025","11/14/2025",,"Contol Network Validation for Survey - (Monteith & Sutherland)","502e09c0-1045-43b8-8e68-c8753fb95a6a",,"4700147567","No","Federico Accorsi","Federico Accorsi",,,"1/8/2026","12/31/2025","12/16/2025","12/13/2025","11/28/2025","11/14/2025",,,"No",,"Monteith & Sutherland (Toronto) Inc",,"Construction Subcontract",,,,,"1/8/2026","6/24/2026 2:12 PM",,
"aef3b3fa-2d14-45b8-a77b-967b8a566caf","9147","010B","12/19/2025",,,,,,"460,984.32",,,"381,345.92",,"-79638.4",,"Yes",,,,,,,,"0","0","0","0","0",,,,"Tunnel","Emidio Tamburri","Emidio Tamburri","12/10/2025",,,,,,"PCTL Fire Testing - (CRIB)","7413bda4-1b1f-4b24-866c-13e08262fff1",,"4700149199","No","Federico Accorsi","Federico Accorsi",,,,"12/10/2025",,,,,,,"No",,"CERIB (CENTRE D’ETUDES ET DE RECHERCHES DE L’INDUSTRIE DU BETON)",,"Construction Subcontract",,,,,,"6/24/2026 2:12 PM",,"PO Value €37940 sent. Subcontract agreement pending on procurement. <br>€ 232,528 euro, 1.64 used for CAD conversion"
"e955922e-b1d0-42ee-8663-9a9e7dc44c23","9147","027B","12/20/2025","11/25/2025",,"11/15/2025","11/15/2025","11/15/2025","1,029,854",,,"1,029,854",,"0",,"Yes",,,,,,,,"50","8","0","0","0",,,,"WTP","Nixon Kwon","Nixon Kwon","11/28/2025","11/20/2025","10/1/2025","10/1/2025","10/1/2025",,"Dewatering - LS - (WJ)","22cff354-0cb6-476b-96f8-08b57257ca79",,"4700146759","No","Federico Accorsi","Federico Accorsi",,,"11/1/2025","11/28/2025","11/20/2025","10/1/2025","10/1/2025","10/1/2025",,,"No",,"WJ Groundwater Canada Ltd",,"Construction Subcontract",,,,,"11/1/2025","6/24/2026 2:12 PM",,
"d16cb863-aca6-42fa-b2e0-eac415aefdc9","9147","039A-1-CO003","12/21/2025",,,,,,"17,000",,,"17,000",,"0",,"Yes",,,,,,,,"0","0","0","0","0",,,,"EHS","Jonathan Sammut","Jonathan Sammut","12/21/2025",,,,,,"Noise Viberation - Initial LS - CO003","af7b83b1-20f2-46fb-b088-9c9811ba6989","Subcontractors","4700142657","No","Federico Accorsi","Federico Accorsi",,,"12/21/2025","12/21/2025",,,,,,,"No",,"HGC Noise Vibration Acoustics (Howe Gastmeier Chapnik Limited)",,"Change Order",,,,,"12/21/2025","6/24/2026 2:12 PM",,
"a5eeedfc-444a-4c4f-9a7e-fb4546121f45","9147","003B","12/29/2025","1/13/2026",,"9/19/2025","8/27/2025","8/25/2025","6,538,324.12",,,"11,087,680",,"4549355.88",,"LOI",,,,,,,,"41","32","23","2","0",,,,"Tunnel","Emidio Tamburri","Emidio Tamburri","12/1/2025","10/30/2025","9/19/2025","8/27/2025","8/25/2025",,"Converyor Belt TBM Refurbishment - (Hherrenknecht)","5360d272-af69-46fe-a15c-5b86f499587b",,"4700147735","No","Federico Accorsi","Federico Accorsi",,,,"12/1/2025","10/30/2025","9/19/2025","8/27/2025","8/25/2025",,,"No",,"Herrenknecht Tunnelling Systems Canada Inc",,"Engineered Equipment",,,,,,"6/24/2026 2:12 PM",,"02/07 - Agreement sent to H+E USA for review<br>€3,986,783 euro, 1.64 used for CAD conversion"
"fed25017-2ff4-474b-bf6b-2d4bcb8c4543","9147","005","12/29/2025","1/13/2026",,"9/25/2025","8/27/2025","8/25/2025","6,184,986.12",,,"3,582,370.44",,"-2602615.68",,"LOI",,,,,,,,"44","32","20","2","0",,,,"Tunnel","Emidio Tamburri","Emidio Tamburri","12/1/2025","10/30/2025","9/16/2025","8/27/2025","8/25/2025",,"Multi Service Vehicles - (Hherrenknecht)","711145c0-20dc-4f5c-95ef-cca2c69ce8c7",,"4700147732","No","Federico Accorsi","Federico Accorsi",,,,"12/1/2025","10/30/2025","9/16/2025","8/27/2025","8/25/2025",,,"No",,"Herrenknecht Tunnelling Systems Canada Inc",,"Engineered Equipment",,,,,,"6/24/2026 2:12 PM",,"02/07 - contract draft sent to HK<br>€ 3,771,333 euro, 1.64 used for CAD conversion"
"5c484088-4820-44f9-b54c-4e47624f2726","9147","023A","12/29/2025","11/27/2025",,"9/30/2025","8/27/2025","8/25/2025","16,300",,,"16,300",,"0",,"Yes",,,,,,,,"30","28","34","2","0",,,,"Condition Survey","Yuri Andrade","Yuri Andrade","11/27/2025","10/30/2025","9/30/2025","8/27/2025","8/25/2025",,"Pre-Condition Survey LS (RAW) - (PGT)","aedd5e76-0b81-429d-b185-3cf0de794ff3",,"4700147726","No","Federico Accorsi","Federico Accorsi",,,"12/8/2025","11/27/2025","10/30/2025","9/30/2025","8/27/2025","8/25/2025",,,"No",,"Pivot Ground Tech Corp",,"Construction Subcontract",,,,,"12/8/2025","6/24/2026 2:12 PM",,
"103f7da4-4dad-4713-bf74-04a7edf25ac8","9147","060","12/29/2025","12/15/2025",,"9/19/2025","8/27/2025","8/25/2025","4,968,642.4",,,"5,197,864.95",,"229222.55",,"LOI",,,,,,,,"41","32","23","2","0",,,,"Tunnel","Emidio Tamburri","Emidio Tamburri","12/1/2025","10/30/2025","9/19/2025","8/27/2025","8/25/2025",,"Slurry Treatment Plant - (Hherrenknecht)","d378a0c6-b1ba-4ea6-ab20-556c9b937408",,"4700147733","No","Federico Accorsi","Federico Accorsi",,,,"12/1/2025","10/30/2025","9/19/2025","8/27/2025","8/25/2025",,,"No",,"Herrenknecht Tunnelling Systems Canada Inc",,"Construction Subcontract",,,,,,"6/24/2026 2:12 PM",,"02/06 - subcontract draft sent to HK <br>€ 3,029,660 euro, 1.64 used for CAD conversion"
"adb83173-77aa-4670-ba61-71877f4cd025","9147","042B","1/7/2026","12/30/2025",,"12/19/2025","10/31/2025","10/17/2025","826,640",,,"871,342.75",,"44702.75",,"Yes",,,,,,,,"3","15","15","14","0",,,,"Rebar","Yuri Andrade","Yuri Andrade","1/14/2026","12/30/2025","12/27/2025","12/12/2025","11/28/2025",,"Muck Pit Rebar - (Mansteel)","c81e229f-63c0-43bc-8a90-456cb841d9ea",,"4700148665","No","Federico Accorsi","Federico Accorsi",,,"12/11/2025","1/14/2026","12/30/2025","12/27/2025","12/12/2025","11/28/2025",,,"No",,"Mansteel Rebar",,"Construction Subcontract",,,,,"12/11/2025","6/24/2026 2:12 PM",,"02/12 - Mansteel signed contract; pending for EXCO approval."
"291d7bb1-53bd-43e1-98cb-d0a82545329a","9147","070","1/8/2026","12/16/2025",,"12/13/2025","11/28/2025","11/14/2025","360,000",,,"25,000",,"-335000",,"yes",,,,,,,,"3","15","15","14","0",,,,"EHS","Jonathan Sammut","Jonathan Sammut","12/31/2025","12/16/2025","12/13/2025","11/28/2025","11/14/2025",,"Environmental Quality Manager - (Watermark Environmental)","301eda74-8ab0-484a-9571-4f44b3097904",,"4700148024","No","Federico Accorsi","Federico Accorsi",,,"1/8/2026","12/31/2025","12/16/2025","12/13/2025","11/28/2025","11/14/2025",,,"No",,"Watermark Environemtnal",,"Construction Subcontract",,,,,"1/8/2026","6/24/2026 2:12 PM",,
"e9d37f9a-e623-436d-89c6-ca66c3487b97","9147","039A-1-CO004","1/20/2026",,,,,,"17,000",,,"17,000",,"0",,"Yes",,,,,,,,"0","0","0","0","0",,,,"EHS","Jonathan Sammut","Jonathan Sammut","1/20/2026",,,,,,"Noise Viberation - Initial LS - CO004","e1871e03-d58e-4d5b-a20e-67509459b17a",,"4700142657","No","Federico Accorsi","Federico Accorsi",,,"1/20/2026","1/20/2026",,,,,,,"No",,"HGC Noise Vibration Acoustics (Howe Gastmeier Chapnik Limited)",,"Change Order",,,,,"1/20/2026","6/24/2026 2:12 PM",,
"12b60c0d-440e-4663-bca9-0a3baab375ec","9147","071B","1/22/2026","11/11/2025",,"11/8/2025","10/24/2025","10/10/2025","89,250",,,"89,250",,"0",,"Yes",,,,,,,,"3","15","15","14","0",,,,"Design","David Sualdea","David Sualdea","11/26/2025","11/11/2025","11/8/2025","10/24/2025","10/10/2025",,"Project Office Renovation - Design - (Connect)","e464042d-8e95-4703-99c0-c025be06958e",,"4700147847","No","Federico Accorsi","Federico Accorsi",,,"12/4/2025","11/26/2025","11/11/2025","11/8/2025","10/24/2025","10/10/2025",,,"No",,"Connect Resource Managers and Planners Inc.",,"Design Services",,,,,"12/4/2025","6/24/2026 2:12 PM",,"Contract pending on FA"
"7da82b2b-5a37-4d42-a86a-7db71cac1612","9147","039A-1-CO005","2/4/2026",,,,,,"17,000",,,"17,000",,"0",,"Yes",,,,,,,,"0","0","0","0","0",,,,"EHS","Jonathan Sammut","Jonathan Sammut","2/4/2026",,,,,,"Noise Viberation - Initial LS - CO005","d2bd7068-4f95-4a87-a7b3-c6a037fde3ff",,"4700142657","No","Federico Accorsi","Federico Accorsi",,,"2/4/2026","2/4/2026",,,,,,,"No",,"HGC Noise Vibration Acoustics (Howe Gastmeier Chapnik Limited)",,"Change Order",,,,,"2/4/2026","6/24/2026 2:12 PM",,
"9b2e48b6-c141-4fd3-b15e-05a1f629120d","9147","011-CO001","2/9/2026",,,,,,"966,038.72",,,"0",,"-966038.72",,"Yes",,,,,,,,"0","0","0","0","0",,,,"Tunnel","Emidio Tamburri","Emidio Tamburri","1/30/2026",,,,,,"TBM Supply Agreement - (Hherrenknecht) - CO001","5f0b6ff2-703e-4d17-af78-d6654dd3e828",,"4700149144","No","Federico Accorsi","Federico Accorsi",,,"7/1/2026","1/30/2026",,,,,,,"No",,"Herrenknecht Tunnelling Systems Canada Inc",,"Change Order",,,,,"7/1/2026","6/24/2026 2:12 PM",,"€ 589,048 euro, 1.64 used for CAD conversion"
"026eb7b4-9e8e-472f-aca1-3fd5b8319579","9147","001A","2/10/2026","11/7/2025",,"11/7/2025","10/15/2025","10/1/2025","127,000",,,"127,000",,"0",,"PO",,,,,,,,"7","79","16","14","0",,,,"Tunnel","Emidio Tamburri","Emidio Tamburri","1/25/2026","11/7/2025","10/31/2025","10/15/2025","10/1/2025",,"Bi-Component Plant - (ECWE)","1ef2c15a-e07a-4b1e-9db8-d5e271ea2071",,"4500736751","No","Federico Accorsi","Federico Accorsi",,,,"1/25/2026","11/7/2025","10/31/2025","10/15/2025","10/1/2025",,,"No",,"WESTEND CONNECTORS CONSTRUCTION",,"Engineered Equipment",,,,,,"6/24/2026 2:12 PM",,
"d1dc98aa-6915-44c9-b8e9-41df90a49796","9147","001B","2/10/2026","11/7/2025",,"11/7/2025","10/15/2025","10/1/2025","585,378.6",,,"1,157,349",,"571970.4",,"PO",,,,,,,,"7","79","16","14","0",,,,"Tunnel","Emidio Tamburri","Emidio Tamburri","1/25/2026","11/7/2025","10/31/2025","10/15/2025","10/1/2025",,"Bi-Component Plant - Refurbishment - (SIMEM)","160ac3b8-91b8-4677-85cb-d1e4971adfbe",,"4700149300<br>4500736756","No","Federico Accorsi","Federico Accorsi",,,,"1/25/2026","11/7/2025","10/31/2025","10/15/2025","10/1/2025",,,"No",,"SIMEM UNDERGROUND SOLUTIONS INC",,"Engineered Equipment",,,,,,"6/24/2026 2:12 PM",,
"cb995b2c-b6cb-491a-9bd3-b78c2d079c44","9147","003A","2/10/2026","1/13/2026",,"9/19/2025","8/27/2025","8/25/2025","805,000",,,"805,000",,"0",,"PO",,,,,,,,"41","118","23","2","0",,,,"Tunnel","Emidio Tamburri","Emidio Tamburri","2/25/2026","10/30/2025","9/19/2025","8/27/2025","8/25/2025",,"Converyor Belt TBM - (ECWE)","95478273-5f4b-4542-bdeb-a660d2c7b545",,"4500738208","No","Federico Accorsi","Federico Accorsi",,,,"2/25/2026","10/30/2025","9/19/2025","8/27/2025","8/25/2025",,,"No",,"WESTEND CONNECTORS CONSTRUCTION",,"Engineered Equipment",,,,,,"6/24/2026 2:12 PM",,"PO sent to ECWE"
"154a8cf5-56f1-4ce2-815d-9e7d55aa7375","9147","006A-1","2/13/2026","12/15/2025",,"10/10/2025","9/30/2025","9/25/2025","2,122,219.04",,,"1,927,009",,"-195210.04",,"Yes",,,,,,,,"22","75","10","5","0",,,,"Tunnel","Emidio Tamburri","Emidio Tamburri","1/15/2026","11/1/2025","10/10/2025","9/30/2025","9/25/2025",,"Tower Crane Supply - (Morrow)","83a37134-a083-4147-a61b-a27d13ad23aa",,"4700149966","No","Amber Li","Amber Li",,,,"1/15/2026","11/1/2025","10/10/2025","9/30/2025","9/25/2025",,,"No",,"Morrow",,"Engineered Equipment",,,,,,"6/24/2026 2:12 PM",,"LOI sent; deposite paid; contract pending on FA."
"454ea509-6aec-4d9a-a67d-a3b90861e9de","9147","010A","2/13/2026","12/20/2025",,"12/18/2025","12/15/2025","12/14/2025","72,735,780",,,"69,118,070",,"-3617710",,"Yes",,,,,,,,"2","31","3","1","0",,,,"Tunnel","Emidio Tamburri","Emidio Tamburri","1/20/2026","12/20/2025","12/18/2025","12/15/2025","12/14/2025",,"PCTL Supply includes Inserts & Gaskets- (CSI)","aaebfe6a-45d7-416d-a8f0-8c0d1c4fe2f5",,"4700149143","No","Federico Accorsi","Federico Accorsi",,,,"1/20/2026","12/20/2025","12/18/2025","12/15/2025","12/14/2025",,,"No",,"CSITS-FPP LP",,"Construction Subcontract",,,,,,"6/24/2026 2:12 PM",,"PCTL subcontract agreement shared with NEC for feedback"
"d5231e06-6d1a-4625-8ced-af776f17061e","9147","071A","2/13/2026","11/11/2025",,"11/8/2025","10/24/2025","10/10/2025","133,837",,,"133,837",,"0",,"Yes",,,,,,,,"3","15","15","14","0",,,,"Design","David Sualdea","David Sualdea","11/26/2025","11/11/2025","11/8/2025","10/24/2025","10/10/2025",,"Site Buildings - Design - (Connect)","4959cd43-e4a3-4c9a-83fe-d6c00c99fd38",,"4700147850","No","Federico Accorsi","Federico Accorsi",,,"12/4/2025","11/26/2025","11/11/2025","11/8/2025","10/24/2025","10/10/2025",,,"No",,"Connect Resource Managers and Planners Inc.",,"Design Services",,,,,"12/4/2025","6/24/2026 2:13 PM",,"Contract pending on FA"
"4c97ff5a-d9fe-4e3e-b455-2370c2272106","9147","066","2/20/2026",,,,,,,,,,,"0",,,,,,,,,,"0","0","0","0","0",,,,"Utilities","Yuri Andrade","Yuri Andrade","2/20/2026",,,,,,"Enbridge Borehole Investigation EEB4 (WJ)","c390920c-80b4-4007-b416-bc380c2070bb",,,"No","Amber Li","Amber Li",,,,"2/20/2026",,,,,,,"No",,,,"Construction Subcontract",,,,,,"6/24/2026 2:13 PM",,
"2e8d2536-1920-4cc0-a32f-dfd7ad994ab2","9147","016B","2/23/2026",,,,,,"928,653.36",,,"1,016,149.2",,"87495.84",,"Yes",,,,,,,,"0","0","0","0","0",,,,,,,,,,,,,"Water Treatment Plant Tunnel - Vitaqua","31242058-fa86-494b-a263-d97bc5320c57",,,"No",,,,,,,,,,,,,"No",,"Vitaqua",,"Construction Subcontract",,,,,,"6/24/2026 2:13 PM",,
"3c7be600-1298-4d3e-bbd7-66d45d74f89a","9147","064","2/23/2026",,,,,"12/19/2025","197,880",,,"649,156.3",,"451276.3",,"PO",,,,,,,,"3","15","15","14","0",,,,"Tunnel","Emidio Tamburri","Emidio Tamburri","2/23/2026","2/8/2026","2/5/2026","1/21/2026","1/7/2026",,"Warehouse on-site - LS","a650ade9-a31c-49c9-80b2-af7812ff2b5e",,"4700150680","No","Federico Accorsi","Federico Accorsi",,,"2/1/2026","2/23/2026","2/8/2026","2/5/2026","1/21/2026","1/7/2026",,,"No",,"Meta Steel Building",,"Purchase Order",,,,,"2/1/2026","6/24/2026 2:13 PM",,
"2a03f6bd-60c1-4e0e-86dd-2337672c91aa","9147","067-CO001","2/23/2026",,,,,,"41,824",,,"41,824",,"0",,"Yes",,,,,,,,"0","0","0","0","0",,,,"WTP","Nixon Kwon","Nixon Kwon",,,,,,,"Wells Decommissioning - CO001 (WJ)","6e32d9fc-305e-4f59-ae22-1ce48f5b92e4",,"4700143132","No","Federico Accorsi","Federico Accorsi",,,,,,,,,,,"No",,"WJ Groundwater Canada Ltd",,"Change Order",,,,,,"6/24/2026 2:13 PM",,"Pending on Aconex for final approval"
"5b538ca6-1098-4f7d-aad6-0213aed05bdd","9147","057A","2/24/2026",,,,"3/2/2026","3/2/2026","303,505",,,"250,000",,"-53505",,"Yes",,,,,,,,"17","15","15","14","0",,,,"Electrical","Yuri Andrade","Yuri Andrade","3/15/2026","2/28/2026","3/17/2026","3/2/2026","2/16/2026",,"Dry Utilities EEB4 - Traffic Light Location - (Tristar)","a85eba72-77dc-4f0a-8f33-d6a688d0a0f7",,"4700149569","No","Amber Li","Amber Li",,,"3/23/2026","3/15/2026","2/28/2026","3/17/2026","3/2/2026","2/16/2026",,,"No",,"Tristar",,"Construction Subcontract",,,,,"3/23/2026","6/24/2026 2:13 PM",,
"ced50c5b-63f5-4753-8a5f-9a141d770954","9147","039C-CO002","3/2/2026",,,,,,"304,145.41",,,"0",,"-304145.41",,"Yes",,,,,,,,"0","0","0","0","0",,,,,,,,,,,,,"GIMPS - Instrucmentation and Monitoring  LS - CO002","76f73529-20b5-447e-9ee0-87fbaf7a1180",,"4700144851","No",,,,,,,,,,,,,"No",,"GIP Construction Engineering",,"Change Order",,,,,,"6/24/2026 2:13 PM",,"Additional length SAA; Original contract exceeds the budget"
"e66fd2de-f626-44b0-bfb7-b1cb2b5b7a3d","9147","039C-CO003","3/2/2026",,,,,,"552,333.42",,,"0",,"-552333.42",,"Yes",,,,,,,,"0","0","0","0","0",,,,,,,,,,,,,"GIMPS - Instrucmentation and Monitoring  LS - CO003","a59cd1f3-12d8-4da4-9f29-4c7f162e7b37",,"4700144851","No",,,,,,,,,,,,,"No",,"GIP Construction Engineering",,"Change Order",,,,,,"6/24/2026 2:13 PM",,"Shallow Launch Supply and Installation of Geotechnical Instruments; Original contract exceeds the budget"
"722ea0ce-9bc1-4196-a51e-5f23be5548c0","9147","023B","3/6/2026",,,"1/16/2026","12/11/2025","12/10/2025","109,990",,,"109,990",,"0",,"Yes",,,,,,,,"3","15","15","14","0",,,,"Condition Survey","Yuri Andrade","Yuri Andrade","2/13/2026","1/29/2026","1/26/2026","1/11/2026","12/28/2025",,"Pre-Condition Survey EEB4 - Private Properties (Tarra Engineering)","8b25b6f3-0ca3-47c8-942c-fd631c0b8443",,,"No","Amber Li","Amber Li",,,"2/16/2026","2/13/2026","1/29/2026","1/26/2026","1/11/2026","12/28/2025",,,"No",,"Tarra Engineering",,"Construction Subcontract",,,,,"2/16/2026","6/24/2026 2:13 PM",,"03/05 - Subcontract drafting"
"65f7606f-0fb7-4893-87d3-9eec78a17801","9147","023C-1","3/6/2026",,,"1/22/2026","1/14/2026","1/8/2026","5,700",,,"5,700",,"0",,"Yes",,,,,,,,"3","15","15","14","0",,,,"Condition Survey","Yuri Andrade","Yuri Andrade","2/13/2026","1/29/2026","1/26/2026","1/11/2026","12/28/2025",,"Pre-Condition Survey EEB4 - Public Infrastructure (Englobe)","e7dc71ec-156e-42d8-9665-5a70550a5795",,"4700150163","No","Amber Li","Amber Li",,,"2/16/2026","2/13/2026","1/29/2026","1/26/2026","1/11/2026","12/28/2025",,,"No",,"Englobe & Badger (CCTV)",,"Construction Subcontract",,,,,"2/16/2026","6/24/2026 2:13 PM",,"Englobe PO pending / Badger PO ready"
"c88c297a-d3c0-4ccf-8473-accd755b1187","9147","023C-2","3/6/2026",,,"1/22/2026","1/14/2026","1/8/2026","10,090",,,"64,418.45",,"54328.45",,"PO",,,,,,,,"3","15","15","14","0",,,,"Condition Survey","Yuri Andrade","Yuri Andrade","2/13/2026","1/29/2026","1/26/2026","1/11/2026","12/28/2025",,"Pre-Condition Survey EEB4 - Public Infrastructure CCTV - (Badger)","11f4bf49-a75e-4c49-bd2e-6b6037c4c814",,,"No","Amber Li","Amber Li",,,"2/16/2026","2/13/2026","1/29/2026","1/26/2026","1/11/2026","12/28/2025",,,"No",,"Badger",,"Purchase Order",,,,,"2/16/2026","6/24/2026 2:13 PM",,
"345b299e-75d3-4f52-af64-39126247d694","9147","039A-2","3/6/2026",,,"11/21/2025","11/10/2025","10/28/2025","242,410",,,"147,321",,"-95089",,"Yes",,,,,,,,"28","80","15","117","0",,,,"EHS","Jonathan Sammut","Jonathan Sammut","3/13/2026","12/23/2025","11/25/2025","11/10/2025","7/15/2025",,"Noise & Vibration - Long Term (Englobe)","90ff8d14-8acc-4117-aebf-bb98b6bafcd9",,"4700149870","No","Amber Li","Amber Li",,,"3/21/2026","3/13/2026","12/23/2025","11/25/2025","11/10/2025","7/15/2025",,,"No",,"Englobe Corp",,"Construction Subcontract",,,,,"3/21/2026","6/24/2026 2:13 PM",,"Quotation Evaluation"
"71340c20-a8c6-4ba8-ba4b-2b2e6b17286e","9147","042C","3/6/2026",,,,,,"1,396,860",,,"1,324,485.53",,"-72374.47",,"Yes",,,,,,,,"3","15","15","14","0",,,,"Rebar","Yuri Andrade","Yuri Andrade","6/7/2026","5/23/2026","5/20/2026","5/5/2026","4/21/2026",,"LS Bottom Slab - Rebar Supply and Instal - (Mansteel)","9d9c1572-2f24-480f-82a3-0b9c1ea15b39",,"4700151097","No","Federico Accorsi","Federico Accorsi",,,"6/15/2026","6/7/2026","5/23/2026","5/20/2026","5/5/2026","4/21/2026",,,"No",,"Mansteel Rebar",,"Change Order",,,,,"6/15/2026","6/24/2026 2:13 PM",,"03/05 - Change Order, YA finalizing technical details"
"0f20f575-34b5-4568-8dad-19c2223934b0","9147","056A","3/20/2026",,,,,,"442,252.8",,,"874,067.5",,"431814.7",,"Yes",,,,,,,,"0","0","0","0","0",,,,"Electrical","Yuri Andrade","Yuri Andrade",,,,,,,"Wet Utilities at EEB4 - (Aecon Utilities)","a394359f-cb18-4a70-a07a-f6ea516171b5",,"4700150582","No","Amber Li","Amber Li",,,,,,,,,,,"No",,"Aecon Utilities",,"Construction Subcontract",,,,,,"6/24/2026 2:13 PM",,"Requisition pending approval, contract pending on AL"
"88ba4833-5df3-42d3-8997-99030b9d381c","9147","065","4/17/2026",,,,"1/27/2026","1/16/2026","1,322,544",,,"863,547.67",,"-458996.33",,"Yes",,,,,,,,"3","15","15","116","0",,,,"Concrete","Yuri Andrade","Yuri Andrade","6/7/2026","5/23/2026","5/20/2026","5/5/2026","1/9/2026",,"LS Bottom Slab - Concrete Form, Pour & Finish","76a3eb08-1dc0-4d95-9a5f-cedd3b4a3551",,,"No","Federico Accorsi","Federico Accorsi",,,"3/9/2026","6/7/2026","5/23/2026","5/20/2026","5/5/2026","1/9/2026",,,"No",,"Structform",,,,,,,"3/9/2026","6/24/2026 2:13 PM",,"02/23 - Pending on Clarification meeting"
"58f8eecf-78b2-4113-a57d-978992779a6a","9147","055B","4/17/2026","4/2/2026",,"4/2/2026","3/25/2026","3/25/2026","251,264.88",,,,,"-251264.88",,"Yes",,,,,,,,"3","19","15","14","0",,,,"Traffic","Yuri Andrade","Yuri Andrade","4/10/2026","3/21/2026","3/18/2026","3/3/2026","2/17/2026",,"Traffic Control Temporary Concrete Barriers EEB4 - (Powell)","cb3fb279-39fb-4b4d-8db6-3b66ef7f751a",,,"No","Amber Li","Amber Li",,,"4/13/2026","4/10/2026","3/21/2026","3/18/2026","3/3/2026","2/17/2026",,,"No",,"Powell Contracting Ltd",,"Construction Subcontract",,,,,"4/13/2026","6/24/2026 2:13 PM",,
"5b7505fa-e28a-4eb4-b2f0-4f62f87dfe8f","9147","014","4/24/2026",,,,,,"1,026,574.35",,,,,"-1026574.35",,"PO",,,,,,,,"3","15","15","14","0",,,,"Tunnel","Emidio Tamburri","Emidio Tamburri","6/22/2026","6/7/2026","6/4/2026","5/20/2026","5/6/2026",,"Tunnel Piping","c4bcc219-795d-4f92-a92c-d48f1031b17f",,"4500747595","No","Federico Accorsi","Federico Accorsi",,,"6/30/2026","6/22/2026","6/7/2026","6/4/2026","5/20/2026","5/6/2026",,,"No",,"TUBIFICIO LOMBARDO SRL",,"Purchase Order",,,,,"6/30/2026","6/24/2026 2:13 PM",,
"024abb71-348d-446e-b523-4bffcfa88256","9147","071A-1","4/24/2026","4/4/2026",,"4/1/2026","3/17/2026","3/3/2026","650,510",,,,,"-650510",,"Yes",,,,,,,,"3","15","15","14","0",,,,"General","Yuri Andrade","Yuri Andrade","4/19/2026","4/4/2026","4/1/2026","3/17/2026","3/3/2026",,"Project Main Office Renovation Work","a9fe2c9c-a6cf-4925-8bfc-d95c8eeb59c0",,,"No","Amber Li","Amber Li",,,"4/27/2026","4/19/2026","4/4/2026","4/1/2026","3/17/2026","3/3/2026",,,"No",,"Marant Construction Limited",,"Construction Subcontract",,,,,"4/27/2026","6/24/2026 2:13 PM",,
"b4d54f3f-e8c5-466b-b6ca-50fc887edd45","9147","039E","5/1/2026","4/23/2026",,"4/22/2026","3/9/2026","3/5/2026","1,499,875.08",,,,,"-1499875.08",,"In progress",,,,,,,,"3","15","15","14","0",,,,"GIMP","Monterrat Colomer","Monterrat Colomer","5/7/2026","4/22/2026","4/19/2026","4/4/2026","3/21/2026",,"GIMPS - Instrumentation and Monitoring EEB4","18044f00-b373-494c-b86b-ef8d47dcd348",,"4700150645","No","Federico Accorsi","Federico Accorsi",,,"5/15/2026","5/7/2026","4/22/2026","4/19/2026","4/4/2026","3/21/2026",,,"No",,"GIP Construction Engineering",,,,,,,"5/15/2026","6/24/2026 2:13 PM",,
"a2638ed7-e204-48ce-a1b3-a46a7bed1f79","9147","025B","5/8/2026","4/14/2026",,"4/2/2026","3/30/2026","3/30/2026","16,135,891.39",,,"1,483,960",,"-14651931.39",,"In progress",,,,,,,,"3","15","15","14","0",,,,"Shoring","Yuri Andrade","Yuri Andrade","5/24/2026","5/9/2026","5/6/2026","4/21/2026","4/7/2026",,"Shoring at EEB4","452706a1-5543-436f-921e-adaf734c6416",,"4700151356","No","Federico Accorsi","Federico Accorsi",,,"6/1/2026","5/24/2026","5/9/2026","5/6/2026","4/21/2026","4/7/2026",,,"No",,"Aecon Foundations",,"Construction Subcontract",,,,,"6/1/2026","6/24/2026 2:13 PM",,
"8f72bb0e-f57c-458c-bfe6-b16c711aa72c","9147","004B",,,,,,,,,,,,"0",,,,,,,,,,"0","0","0","0","0",,,,"Tunnel","Emidio Tamburri","Emidio Tamburri",,,,,,,"Electrical - Communication Systems","6cdb50c1-6bfe-4376-a79d-05087a4a6a38",,,"No","Federico Accorsi","Federico Accorsi",,,,,,,,,,,"No",,,,,,,,,,"6/24/2026 2:13 PM",,
"e4ac50ba-5b46-4d31-8c6b-37207eff09d3","9147","004C",,,,,,"10/9/2025",,,,,,"0",,,,,,,,,,"3","15","223","47","0",,,,"Tunnel","Emidio Tamburri","Emidio Tamburri","9/23/2026","9/8/2026","9/5/2026","1/25/2026","12/9/2025",,"Electrical- Downstream Electrical Circuit","abc5681a-342e-41d1-b043-4a6996d9c109",,,"No","Federico Accorsi","Federico Accorsi",,,"10/1/2026","9/23/2026","9/8/2026","9/5/2026","1/25/2026","12/9/2025",,,"No",,,,,,,,,"10/1/2026","6/24/2026 2:13 PM",,"Package Close on 02/19/2026"
"d367051e-7be9-4cc9-b4a5-5bb49fba589d","9147","006A-2",,,,,,,,,,"278,283,070",,"278283070",,,,,,,,,,"0","0","0","0","0",,,,"Tunnel","Emidio Tamburri","Emidio Tamburri",,,,,,,"Tower Crane Service & Erection (Morrow)","5e83b2fb-009c-47fa-a930-5ea77da50deb",,,"No","Amber Li","Amber Li",,,,,,,,,,,"No",,,,,,,,,,"6/24/2026 2:13 PM",,
"5204a2c7-25b4-4174-8f1a-910868f08274","9147","006C","5/26/2026",,,,,,"690,764.02",,,"740,250",,"49485.98",,"PO",,,,,,,,"0","0","0","0","0",,,,,,,,,,,,,"Equipment - Tunnel Support - Air Compressors (Breathing Air System)","ced987c4-0b3f-4534-bb0e-699c06872ba2",,"4700153669","No",,,,,,,,,,,,,"No",,"1035438 NORTHERN PRIME COMPRESS AIR INC",,"Purchase Order",,,,,,"6/24/2026 2:13 PM",,
"edb4acfb-3bb5-4ec4-9092-da4d69cc7326","9147","006D",,,,,,,,,,,,"0",,,,,,,,,,"0","0","0","0","0",,,,,,,,,,,,,"Equipment - Tunnel Support - Fork Lifts","725bdc47-db06-44fc-a894-ea0b46c4b8af",,,"No",,,,,,,,,,,,,"No",,,,,,,,,,"6/24/2026 2:13 PM",,
"285052e8-69ae-47e1-8851-6794e44b2e67","9147","006E",,,,,,,,,,,,"0",,,,,,,,,,"0","0","0","0","0",,,,,,,,,,,,,"Equipment - Tunnel Support - Cranes - heavy lift","c9d2bf77-b9a1-4309-9dc8-eaff195f3897",,,"No",,,,,,,,,,,,,"No",,,,,,,,,,"6/24/2026 2:14 PM",,
"ce2a4ddd-c606-4d0e-86a4-b48d8df3d761","9147","006F",,,,,,,,,,,,"0",,,,,,,,,,"0","0","0","0","0",,,,,,,,,,,,,"Equipment - Tunnel Support - Jacking Frames","245acef4-367f-47bb-bfec-ae4c46df5709",,,"No",,,,,,,,,,,,,"No",,,,,,,,,,"6/24/2026 2:14 PM",,
"2d78d9be-2243-494c-8d81-fd507a751c7b","9147","006G",,,,,,,,,,,,"0",,,,,,,,,,"0","0","0","0","0",,,,,,,,,,,,,"Equipment - Tunnel Support - Shotcret robot","b0bdaba6-4dab-408b-942f-b6ca8857f1db",,,"No",,,,,,,,,,,,,"No",,,,,,,,,,"6/24/2026 2:14 PM",,
"300a2a24-d084-43d3-85ad-4ac2802e34ea","9147","006H",,,,,,,,,,,,"0",,,,,,,,,,"0","0","0","0","0",,,,,,,,,,,,,"Equipment - Tunnel Support - TBM Transversal Translation System","6fa5629e-d79a-48b5-a57a-f87d41bf506c",,,"No",,,,,,,,,,,,,"No",,,,,,,,,,"6/24/2026 2:14 PM",,
"98d7fc26-5841-4e1a-96f8-abdc99bb1a8b","9147","006I",,,,,,,,,,,,"0",,,,,,,,,,"0","0","0","0","0",,,,,,,,,,,,,"Equipment - Tunnel Support - Wheel Wash","986d608b-bb92-4ab6-8db8-4d744a4199d0",,,"No",,,,,,,,,,,,,"No",,,,,,,,,,"6/24/2026 2:14 PM",,
"2e84fa04-7edf-46b3-ba6d-e5edfe39f328","9147","006J","5/15/2026",,,,"1/29/2026","1/8/2026","269,686.12",,,"155,152",,"-114534.12",,"PO",,,,,,,,"3","15","15","72","0",,,,"Tunnel","Emidio Tamburri","Emidio Tamburri","4/23/2026","4/8/2026","4/5/2026","3/21/2026","1/8/2026",,"Equipment - Tunnel Support (Cooling Water Pumps)","b208dc0a-642b-4629-828a-c3a7ed2c98dc",,"4500756036","No","Federico Accorsi","Federico Accorsi",,,"5/1/2026","4/23/2026","4/8/2026","4/5/2026","3/21/2026","1/8/2026",,,"No",,"PUMP TECH INC",,"Purchase Order",,,,,"5/1/2026","6/24/2026 2:14 PM",,"Package Close on 02/13/2026"
"8b4a425c-20fc-4e76-9b6a-214e5150f173","9147","015",,,,,,,,,,,,"0",,,,,,,,,,"0","0","0","0","0",,,,,,,,,,,,,"Tunnel Ventilation","f4f7ff23-d113-46b7-ac89-0578b8844c56",,,"No",,,,,,,,,,,,,"No",,,,,,,,,,"6/24/2026 2:14 PM",,
"0fd77058-6886-4329-b15d-e5376103983f","9147","039D",,,,"2/4/2026","1/13/2026","1/13/2026",,,,,,"0",,,,,,,,,,"3","15","15","14","0",,,,"GIMP","Monterrat Colomer","Monterrat Colomer","3/24/2026","3/9/2026","3/6/2026","2/19/2026","2/5/2026",,"GIMPS - Instrumentation and Monitoring - Project wide (Exclude EEB4)","51039380-e0bc-4dda-8b52-86b46cd95345",,,"No","Federico Accorsi","Federico Accorsi",,,"4/1/2026","3/24/2026","3/9/2026","3/6/2026","2/19/2026","2/5/2026",,,"No",,,,,,,,,"4/1/2026","6/24/2026 2:14 PM",,"02/26 - aiming for clarification meeting<br>02/16-Closed, 8 bids received, commercial evaluation in progress."
"db3b5daf-9da7-4287-b28c-3f7b8b35aab4","9147","053B",,,,,,,,,,,,"0",,,,,,,,,,"0","0","0","0","0",,,,"Quality & Material Testing","Asanka Prabath","Asanka Prabath","3/1/2026",,,,,,"Quality Control & Material Testing - Project Wide","ee36779c-c332-4c47-a805-70763037b39b",,,"No",,,,,,"3/1/2026",,,,,,,"No",,,,,,,,,,"6/24/2026 2:14 PM",,"Closing 03/06/2026"
"120f7b78-5d0e-44b2-af12-e2ab48b5c7bd","9147","054C",,,,,,,,,,,,"0",,,,,,,,,,"0","0","0","0","0",,,,"EHS","Jonathan Sammut","Jonathan Sammut",,,,,,,"Environmental Testing - Lab Testing - Surface and Tunnel","b2d518e9-604d-4e60-9f25-ed369844df3d",,,"No",,,,,,,,,,,,,"No",,,,,,,,,,"6/24/2026 2:14 PM",,
"de3c594f-5e37-4342-b59e-d6409f50a99a","9147","054D",,,,,,,,,,,,"0",,,,,,,,,,"0","0","0","0","0",,,,"EHS","Jonathan Sammut","Jonathan Sammut","2/27/2026",,,,,,"Environmental Testing - Soil & Water - QP","8d1cecff-fdc0-4fe7-962a-bbc6d3465276",,,"No","Amber Li","Amber Li",,,,"2/27/2026",,,,,,,"No",,,,,,,,,,"6/24/2026 2:14 PM",,"Closing 02/27/2026"
"40d363ca-5502-4509-8f4f-b8a3762f792e","9147","012B",,,,"5/4/2026","4/28/2026","4/28/2026",,,,,,"0",,,,,,,,,,"3","15","15","14","0",,,,"Tunnel","Emidio Tamburri","Emidio Tamburri","9/23/2026","9/8/2026","9/5/2026","8/21/2026","8/7/2026",,"Backfill Bi-Component Grout (Cement)","2caa32b2-530b-41be-b136-15bab2b5eb29",,,"No","Amber Li","Amber Li",,,"10/1/2026","9/23/2026","9/8/2026","9/5/2026","8/21/2026","8/7/2026",,,"No",,,,"Supply Agreement",,,,,"10/1/2026","6/24/2026 2:14 PM",,
"c398199e-9130-480c-9fbd-7b3465003fb0","9147","071A-2","6/12/2026","5/14/2026",,"5/14/2026","5/14/2026","5/14/2026","2,775,000",,,,,"-2775000",,"In progress",,,,,,,,"6","15","23","14","0",,,,"General","Yuri Andrade","Yuri Andrade","6/7/2026","5/23/2026","5/29/2026","5/5/2026","4/21/2026",,"17 & 19 Ruggles Office Renovation Work","9f6e067c-6f03-4f94-83b0-e2b9954a5fe2",,"4700153622","No","Amber Li","Amber Li",,,"6/15/2026","6/7/2026","5/23/2026","5/29/2026","5/5/2026","4/21/2026",,,"No",,"Magil Construction Canada Inc.",,"Construction Subcontract",,,,,"6/15/2026","6/24/2026 2:14 PM",,
"96d47a60-4ff3-4bee-95d3-9bbf2ed57b4c","9147","067-CO001","4/16/2026",,,,,,"43,033",,,,,"-43033",,"Yes",,,,,,,,"0","0","0","0","0",,,,"Dewatering","Yuri Andrade","Yuri Andrade",,,,,,,"Wells Decommissioning - LS - CO001","96c39512-8634-4db3-a6ce-6f97a8bef67c",,"4700143132","No",,,,,,,,,,,,,"No",,"WJ Groundwater Canada Ltd",,"Change Order",,,,,,"6/24/2026 2:14 PM",,
"a1bf49f9-951e-4a73-9246-03a2fa2921e7","9147","071B-CO001","4/20/2026",,,,,,"52,492.96",,,,,"-52492.96",,"Yes",,,,,,,,"0","0","0","0","0",,,,"Civil","Yuri Andrade","Yuri Andrade",,,,,,,"Project Office Renovation - Design - CO001","b574ca03-8eda-464b-9aad-c1904df349fe",,"4700147847","No",,,,,,,,,,,,,"No",,"Connect Resource Managers & Planners Inc.",,"Change Order",,,,,,"6/24/2026 2:14 PM",,
"45d5884b-5206-4252-ae83-d1ed8540e1fb","9147","023D-CO001","4/21/2026",,,,,,"26,800",,,,,"-26800",,"Yes",,,,,,,,"0","0","0","0","0",,,,"Civil","Yuri Andrade","Yuri Andrade",,,,,,,"Structural Condition Survey (3 Buildings)-CO001","888d4d51-c7d3-4de8-af79-b87f1a93f6c8",,"4700146558","No",,,,,,,,,,,,,"No",,"Tarra Engineering & Structural Consultants Inc.",,"Change Order",,,,,,"6/24/2026 2:14 PM",,
"bd09ba1d-3692-4682-99be-c16b09d85cce","9147","071A-CO001","4/24/2026",,,,,,"17,991.2",,,,,"-17991.2",,"Yes",,,,,,,,"0","0","0","0","0",,,,"Civil","Yuri Andrade","Yuri Andrade",,,,,,,"Site Buildings - Design  - CO001","782f1e60-5fae-464e-bc77-2d328440fa23",,"4700147850","No",,,,,,,,,,,,,"No",,"Connect Resource Managers and Planners Inc.",,"Change Order",,,,,,"6/24/2026 2:14 PM",,
"9b770f78-ef08-40e9-a075-c18891065961","9147","042B-CO001","5/8/2026",,,,,,"32,254.76",,,,,"-32254.76",,"In progress",,,,,,,,"0","0","0","0","0",,,,,,,,,,,,,"Muck Pit Rebar - CO001","e93a44eb-9d62-46e3-8205-663245425915",,"4700148665","No",,,,,,,,,,,,,"No",,"Mansteel",,"Change Order",,,,,,"6/24/2026 2:14 PM",,
"cf6afab3-1e5a-4c87-9c7b-67ed1e047a8c","9147","027B-CO001","5/11/2026",,,,,,"172,224.94",,,,,"-172224.94",,"In progress",,,,,,,,"0","0","0","0","0",,,,,,,,,,,,,"Dewatering - LS - (WJ) - CO001","4a4dd430-168c-498b-bf5f-08c63b4a0329",,"4700146759","No",,,,,,,,,,,,,"No",,"WJ GROUNDWATER LIMITED",,"Change Order",,,,,,"6/24/2026 2:14 PM",,
"70ccb65a-d2eb-445c-ad55-f8183607c994","9147","042A-CO001","5/11/2026",,,,,,"15,410.25",,,,,"-15410.25",,"In progress",,,,,,,,"0","0","0","0","0",,,,,,,,,,,,,"Cap Beam Rebar - LS - (RAW) - CO001","64125279-e9f3-4d64-8425-6ea080cad7c9",,"4700145180","No",,,,,,,,,,,,,"No",,"Mansteel",,"Change Order",,,,,,"6/24/2026 2:14 PM",,
"1195aef9-3923-476b-aa5e-481d1b736080","9147","071A-CO002","5/19/2026",,,,,,"13,479.4",,,,,"-13479.4",,"Yes",,,,,,,,"0","0","0","0","0",,,,"Civil","Yuri Andrade","Yuri Andrade",,,,,,,"Site Buildings - Design - (Connect) - CO002","419ba43c-5a6b-4ca4-9540-f044d446934b",,"4700147850","No",,,,,,,,,,,,,"No",,"Connect Resource Managers and Planners Inc.",,"Change Order",,,,,,"6/24/2026 2:14 PM",,
"9fd7315a-56dd-43c4-a924-96be9e90e4a0","9147","039C-CO004","5/21/2026",,,,,,"378,268.8",,,,,"-378268.8",,"Yes",,,,,,,,"0","0","0","0","0",,,,"GIMP","Monterrat Colomer","Monterrat Colomer",,,,,,,"GIMPS - Instrucmentation and Monitoring  LS - CO004","65350b95-a07d-4140-a224-ff8ddb174ca4",,"4700144851","No",,,,,,,,,,,,,"No",,"GIP Construction Engineering",,"Change Order",,,,,,"6/24/2026 2:14 PM",,
"c2c6f60c-3db6-428e-87e1-643f8bb42665","9147","053A-CO005","5/21/2026",,,,,,"37,435.46",,,,,"-37435.46",,"Yes",,,,,,,,"0","0","0","0","0",,,,"Quality & Material Testing","Asanka Prabath","Asanka Prabath",,,,,,,"Quality Control & Material Testing - Environmental - CO005","a569617d-bb1a-47b5-ae2c-da2a2c8b19a9",,"4700143738","No",,,,,,,,,,,,,"No",,"GIP Construction Engineering",,"Change Order",,,,,,"6/24/2026 2:14 PM",,
"1f862224-c705-4948-9a4f-b349e0190582","9147","027B-CO002","5/26/2026",,,,,,"155,966.97",,,,,"-155966.97",,"In progress",,,,,,,,"0","0","0","0","0",,,,,,,,,,,,,"Dewatering - LS - (WJ) - CO002","f29ec3c9-eb63-4d55-af03-f17058b1b98b",,"4700146759","No",,,,,,,,,,,,,"No",,"WJ GROUNDWATER LIMITED",,"Change Order",,,,,,"6/24/2026 2:14 PM",,
"71b00e4b-f839-468f-bd76-63ef32874470","9147","071B-CO002","5/27/2026",,,,,,"112,916.27",,,,,"-112916.27",,"Yes",,,,,,,,"0","0","0","0","0",,,,"Civil","Yuri Andrade","Yuri Andrade",,,,,,,"Project Office Renovation - Design - CO002","55120e5c-b473-4ae4-a842-d93092522109",,"4700147847","No",,,,,,,,,,,,,"No",,"Connect Resource Managers & Planners Inc.",,"Change Order",,,,,,"6/24/2026 2:14 PM",,
"940a0e5f-2cbd-47d8-80ec-7f448d479069","A819","9160-22","6/18/2026","6/18/2026",,"6/17/2026","6/17/2026","6/16/2026","29,700",,"Kawartha","29,700",,,,,,,,,,,,"2","1","2","2",,,"29,700",,"Kawartha","mismith@aecon.com","Michael Smith","5/23/2026","4/23/2026","3/24/2026","2/22/2026","2/7/2026",,"Moorooka","f73a3a5b-56c2-4ad6-9185-bb85019e9a35",,"4500763152","No","Dan Martin","dmartin@aecon.com",,"Best Commercial","6/22/2026","6/18/2026","6/18/2026","6/17/2026","6/17/2026","6/16/2026","1",,"No",,"Mcdowell Brothers",,"Standard Purchase Order",,,,,"6/22/2026","6/29/2026 12:04 PM",,
"be6714e2-f0ea-4532-b5c9-1d2e4ab21014","A819","9160-23","6/22/2026","6/22/2026",,"6/19/2026","6/19/2026","6/19/2026","2,353.5",,"Kawartha","2,353.5",,,,,,,,,,,,"1","1","1","1",,,"2,353.5",,"Kawartha","mismith@aecon.com","Michael Smith","5/24/2026","4/24/2026","3/25/2026","2/23/2026","2/8/2026",,"Post Driver","7c7b6ac4-7d9e-48eb-84ff-f48536cf139c",,"4500764427","No","Dan Martin","dmartin@aecon.com",,"Best Commercial","6/23/2026","6/22/2026","6/22/2026","6/19/2026","6/19/2026","6/19/2026","1",,"No",,"United Rentals",,"Standard Purchase Order",,,,,"6/23/2026","6/29/2026 12:18 PM",,
"cb2aaaaf-7748-4aa2-b872-0bed3ee55c68","A814","002",,,,"7/17/2026","7/13/2026","7/7/2026",,,"Project Wide",,,,,,,,,,,,,"30","30","30","15",,,,,"DD&I","hussein.ahmed_halrt.ca#EXT#@aecon1.onmicrosoft.com","Hussein Ahmed","6/15/2026","5/16/2026","4/16/2026","3/17/2026","3/2/2026",,"Engineering Materials Testing (Drilling)","e8c17223-02e6-4ed0-bc4b-7f2193e1f80b",,,"No","Rira Madani","rmadani@aecon.com",,"Best Commercial","7/15/2026","10/20/2026","9/20/2026","7/17/2026","7/13/2026","7/7/2026","30",,"No",,,,"Standard Purchase Order",,,,,"7/15/2026","7/21/2026 11:59 AM",,"July 20: Under Evaluation and recommendation.
July 17: RFQ closed. 3 offers Rcvd.
July 13: Sent to the market closing July17th.
"
"f832dfd9-9417-4feb-9c19-ab617ecf2042","A814","003",,,,"7/17/2026","7/10/2026","7/7/2026",,,"Project Wide",,,,,,,,,,,,,"30","30","30","15",,,,,"DD&I","hussein.ahmed_halrt.ca#EXT#@aecon1.onmicrosoft.com","Hussein Ahmed","6/15/2026","5/16/2026","4/16/2026","3/17/2026","3/2/2026",,"Geophysical Testing (SCPTu + seismic + PMT) (Drilling)","52e2276b-f19e-4483-82b3-bcd2ca14f590",,,"No","Rira Madani","rmadani@aecon.com",,"Best Commercial","7/15/2026","10/20/2026","9/20/2026","7/17/2026","7/10/2026","7/7/2026","30",,"No",,,,"Construction Subcontract",,,,,"7/15/2026","7/21/2026 11:59 AM",,"July 20: Under Evaluation and recommendation.
July 17: RFQ closed. 3 offers Rcvd.
July 10: Sent to the market closing July17th."
"be993559-d0a1-418e-822a-0b269c20831c","A819","25",,,,,,,,,"BOP",,,,,,,,,,,,,"1","1","1","1",,,,,,"taylorm@aecon.com","Mark Taylor","7/10/2026","7/9/2026","7/8/2026","7/7/2026","7/6/2026",,"Small Tools & Equipment ","3e2885e4-0180-43ea-9a15-7864336cbc23",,,"No","Dan Martin","dmartin@aecon.com",,"Best Commercial","7/10/2026","7/10/2026","7/9/2026","7/8/2026","7/7/2026","7/6/2026","0",,"No",,,,"Standard Purchase Order",,,,,"7/10/2026","7/6/2026 4:58 PM",,
"db6c7bac-d5df-40ae-9a21-237e12bb7f7c","A02180","323",,,,,,,,,"PB-MPEI",,,,,,"bbeladiya@aecon.com","Bhargav Beladiya",,,,,,"30","30","30","15",,,,,"MPEI","sorban@aecon.com","Steve Orban","8/1/2026","7/2/2026","6/2/2026","5/3/2026","4/18/2026","8/31/2026","Bulk Gas","5912e2dc-9449-4a2b-9d47-c5965c8daf39",,,"No","Mahendra Don Ariyaratne","mariyaratne@aecon.com",,"Best Commercial","8/31/2026","8/1/2026","7/2/2026","6/2/2026","5/3/2026","4/18/2026","30",,"No",,,,"Commodities Agreement",,,,,"8/31/2026","7/20/2026 11:15 AM",,
"0946b276-78e6-42b5-8212-3863f5fa4e1d","A02180","324",,,,,,,,,"PB-Civil","162,000,000",,,,,"omarshallglew@aecon.com","Owen Marshall-Glew",,,,,,"30","30","30","15",,,,,"Unit 2-4","thomaspail.tp_gmail.com#EXT#@aecon.com","Thomas Pailloux","1/1/2029","12/2/2028","11/2/2028","10/3/2028","9/18/2028","11/18/2026","Heavy Lift Crane Strategy Unit 2-4","61fe4f2d-1208-4d36-bf60-ab81201e7626",,,"No","Mahendra Don Ariyaratne","mariyaratne@aecon.com",,"Best Commercial","1/31/2029","1/1/2029","12/2/2028","11/2/2028","10/3/2028","9/18/2028","30",,"No",,,,"Construction Subcontract",,,,,"11/30/2027","7/20/2026 3:14 PM",,
"ada76b6a-488f-4402-acb7-ad4964ee59a2","A814","014",,,,,,,,,"Hamilton Office","0",,,,,,,,,,,,"30","30","30","15",,,,,"Admin","jhay@aecon.com","James Hay","8/1/2026","7/2/2026","6/2/2026","5/3/2026","4/18/2026",,"Scaffold (Business Case)","91b5934d-23ab-4fe6-89af-a920ba9287c3",,,"No","Ali Bashiri","ali.bashiri_halrt.ca#EXT#@aecon1.onmicrosoft.com",,"Best Commercial","8/31/2026","8/1/2026","7/2/2026","6/2/2026","5/3/2026","4/18/2026","30",,"No",,,,"Consulting Agreement",,,,,"8/31/2026","7/22/2026 8:57 AM",,"July 22: Price form created ad sent back to James for review and approval.
July 16: SOW rcvd. (Preferred Bidders (Compugen, Softchoice, Long View, F12.net)"
"e40f0fd7-b7a4-4061-9f22-d99e2b49a083","A814","006",,,,,,,,,"Project wide","0",,,,,,,,,,,,"30","30","30","15",,,,,"DD&I","pravir.jeeha_halrt.ca#EXT#@aecon1.onmicrosoft.com","Pravir Jeeha","9/15/2026","8/16/2026","7/17/2026","6/17/2026","6/2/2026",,"Steel Girder Supply and Installation","9bdebffc-f826-4d66-88fb-110ddcb2ddb4",,,"No","Ali Bashiri","ali.bashiri_halrt.ca#EXT#@aecon1.onmicrosoft.com",,"Best Commercial","10/15/2026","9/15/2026","8/16/2026","7/17/2026","6/17/2026","6/2/2026","30",,"No",,,,"Not Defined",,,,,"10/15/2026","7/22/2026 5:08 PM",,"July 22: SOW & BOQ shared with the team."
